Date,Close_Oil,High_Oil,Low_Oil,Open_Oil,Volume_Oil,Oil_Return,Close_USD,High_USD,Low_USD,Open_USD,Volume_USD,USDNGN_Return
2014-01-03,106.88999938964844,108.62000274658205,106.77999877929688,107.91999816894533,5641,-0.008291838603708645,158.64999389648438,158.64999389648438,156.44000244140625,156.6699981689453,0,0.0035360116142434655
2014-01-06,106.7300033569336,107.9499969482422,106.58000183105467,107.04000091552734,7015,-0.0014979501973134022,157.08999633789062,159.25,156.97999572753906,157.05999755859375,0,-0.009881613357952833
2014-01-07,107.3499984741211,107.70999908447266,106.91000366210938,107.18000030517578,4075,0.005792197732283455,159.10000610351562,159.10000610351562,156.9600067138672,156.9600067138672,0,0.012714107506829216
2014-01-08,107.1500015258789,107.91999816894533,107.01000213623048,107.4499969482422,5124,-0.0018647739505609784,159.6999969482422,159.6999969482422,157.35000610351562,157.97000122070312,0,0.0037640624051466557
2014-01-09,106.38999938964844,108.16000366210938,106.12000274658205,107.51000213623048,3715,-0.007118154368824456,159.5,159.5,156.8000030517578,157.49000549316406,0,-0.0012531138867510373
2014-01-10,107.25,107.45999908447266,106.0500030517578,106.6999969482422,4589,0.008050976016777843,158.6999969482422,158.6999969482422,157.24000549316406,157.24000549316406,0,-0.005028313922263914
2014-01-13,106.75,107.7699966430664,106.5199966430664,107.63999938964844,3669,-0.00467290569939237,156.3800048828125,159.60000610351562,156.38999938964844,156.4199981689453,0,-0.01472663438224628
2014-01-14,106.38999938964844,107.12999725341795,106.06999969482422,106.62999725341795,3983,-0.0033780703173853267,159.5,159.5,157.38999938964844,157.42999267578125,0,0.019754948304510276
2014-01-15,107.12999725341795,107.5199966430664,105.83000183105467,106.26000213623048,3169,0.006931442845275525,159.5,159.5,157.52999877929688,157.91000366210938,0,0.0
2014-01-16,107.08999633789062,107.25,106.73999786376952,106.91999816894533,115,-0.0003734564203988412,159.1999969482422,159.1999969482422,157.47999572753906,157.8000030517578,0,-0.001882667983949772
2014-01-17,107.05999755859376,107.05999755859376,107.05999755859376,107.05999755859376,7458,-0.0002801660550837214,159.1999969482422,158.0500030517578,157.6300048828125,157.6300048828125,0,0.0
2014-01-22,108.2699966430664,108.31999969482422,106.98999786376952,106.98999786376952,5573,0.01123867415645927,159.1999969482422,159.3000030517578,157.27000427246094,159.3000030517578,0,0.012197153571907992
2014-01-23,107.58000183105467,108.25,107.38999938964844,108.0500030517578,6494,-0.006393302452104244,159.5,157.64999389648438,157.38999938964844,157.38999938964844,0,0.0018826679839498476
2014-01-24,107.87999725341795,108.0199966430664,106.25,107.68000030517578,7550,0.0027846989464283866,159.89999389648438,159.89999389648438,157.0399932861328,157.0399932861328,0,0.0025046594441792192
2014-01-27,106.69000244140624,107.8000030517578,106.45999908447266,107.70999908447266,5447,-0.01109201672537777,158.9600067138672,161.02999877929688,158.89999389648438,158.89999389648438,0,-0.005895941189312593
2014-01-28,107.41000366210938,107.77999877929688,106.8499984741211,106.91999816894533,5708,0.006725865618085851,162.10000610351562,162.10000610351562,160.91000366210938,160.97999572753906,0,0.01956082591464396
2014-01-29,107.8499984741211,108.01000213623048,106.9499969482422,107.38999938964844,5192,0.004088036982373514,162.0,160.6699981689453,159.97000122070312,160.6699981689453,0,-0.0006171311620255936
2014-01-30,107.9499969482422,108.4000015258789,107.66000366210938,107.97000122070312,5144,0.0009267700037045327,162.6999969482422,161.02000427246094,160.02999877929688,160.02999877929688,0,0.004311660235645202
2014-01-31,106.4000015258789,107.93000030517578,106.3000030517578,107.87999725341795,6123,-0.014462537442200236,162.1999969482422,162.1999969482422,160.10000610351562,161.58999633789062,0,-0.0030778726015000205
2014-02-03,106.04000091552734,106.70999908447266,105.3499984741211,106.06999969482422,6629,-0.0033892011938939067,160.83999633789062,162.3000030517578,160.61000061035156,160.86000061035156,0,-0.008420063606104497
2014-02-04,105.77999877929688,106.22000122070312,105.54000091552734,106.04000091552734,3583,-0.00245493595680156,162.10000610351562,162.10000610351562,160.41000366210938,160.41000366210938,0,0.007803407133984845
2014-02-05,106.25,106.43000030517578,105.58999633789062,105.9800033569336,4243,0.004433353706710671,162.60000610351562,160.97000122070312,160.6300048828125,160.97000122070312,0,0.0030797682562962443
2014-02-06,107.19000244140624,107.4499969482422,106.2300033569336,106.3000030517578,4889,0.008808175675338299,163.1999969482422,163.25,160.75999450683594,160.77000427246094,0,0.003683189179804043
2014-02-07,109.56999969482422,109.72000122070312,106.83999633789062,107.31999969482422,6885,0.02196062815222465,163.10000610351562,163.10000610351562,159.8800048828125,159.8800048828125,0,-0.0006128767816196549
2014-02-10,108.62999725341795,109.68000030517578,108.5199966430664,109.6500015258789,5009,-0.008616024470256048,160.3800048828125,163.0500030517578,160.47000122070312,160.55999755859375,0,-0.01681751722473758
2014-02-11,108.68000030517578,109.2300033569336,108.4800033569336,108.68000030517578,4010,0.0004602002043355572,162.0,162.61000061035156,161.27000427246094,161.27000427246094,0,0.010050305408231376
2014-02-12,108.79000091552734,109.48999786376952,108.5500030517578,108.83000183105467,3784,0.0010116394823695921,162.61000061035156,164.0,162.39999389648438,162.75,0,0.0037583643587158163
2014-02-13,108.7300033569336,108.7300033569336,108.19000244140624,108.2300033569336,467,-0.0005516509648476059,164.5,164.5,162.27000427246094,162.27000427246094,0,0.011555870614326643
2014-02-14,108.7300033569336,108.7300033569336,108.7300033569336,108.7300033569336,5560,0.0,163.16000366210938,164.3000030517578,160.69000244140625,163.1300048828125,0,-0.008179233311172263
2014-02-19,110.47000122070312,110.83000183105467,110.02999877929688,110.30999755859376,4749,0.015876226050580262,162.75,162.75,160.39999389648438,160.39999389648438,0,0.008143714290106768
2014-02-20,110.3000030517578,110.4499969482422,109.58999633789062,110.06999969482422,5272,-0.0015400480070193055,163.5,165.74000549316406,161.72999572753906,161.72999572753906,0,0.004597709248629549
2014-02-21,109.8499984741211,110.37999725341795,109.37000274658205,110.23999786376952,4938,-0.00408816898720051,165.0,165.5500030517578,162.3000030517578,165.5500030517578,0,0.009132483563272474
2014-02-24,110.63999938964844,110.76000213623048,109.52999877929688,109.9000015258789,4272,0.007165896899897486,161.91000366210938,164.4499969482422,161.9199981689453,161.9199981689453,0,-0.018904825983740648
2014-02-25,109.51000213623048,110.5199966430664,109.4499969482422,110.5,5613,-0.010265793045108239,164.3000030517578,165.5,161.5,163.61000061035156,0,0.01465339570068434
2014-02-26,109.5199966430664,109.97000122070312,109.22000122070312,109.29000091552734,5701,9.126153402324215e-05,165.5,165.5,161.57000732421875,161.57000732421875,0,0.0072771511995935
2014-02-27,108.95999908447266,109.41999816894533,108.63999938964844,109.3000030517578,5476,-0.005126316330078285,164.6999969482422,163.6300048828125,163.6199951171875,163.6300048828125,0,-0.004845576162714422
2014-02-28,109.06999969482422,109.36000061035156,108.4000015258789,108.83999633789062,5667,0.0010090411438851924,165.0,165.0,162.72000122070312,162.72000122070312,0,0.0018198552461774395
2014-03-03,111.1999969482422,112.37999725341795,110.37000274658205,110.37000274658205,8433,0.019340479229946028,162.88999938964844,165.10000610351562,162.5800018310547,163.22000122070312,0,-0.012870351278083707
2014-03-04,109.3000030517578,111.8000030517578,109.02999877929688,111.41999816894533,6049,-0.017233931269192728,163.8000030517578,164.5,161.99000549316406,162.9499969482422,0,0.005571067427471984
2014-03-05,107.76000213623048,109.2699966430664,107.54000091552734,109.16000366210938,6452,-0.014189871177350322,164.39999389648438,164.39999389648438,161.50999450683594,162.22000122070312,0,0.0036562554461025162
2014-03-06,108.0999984741211,108.52999877929688,107.37999725341795,107.5999984741211,7905,0.003150158603650539,163.6999969482422,164.4499969482422,162.0500030517578,163.6999969482422,0,-0.004266979761363635
2014-03-07,109.0,109.08000183105467,107.83000183105467,108.3000030517578,6678,0.00829117169941983,164.39999389648438,164.39999389648438,160.8300018310547,160.8300018310547,0,0.004266979761363685
2014-03-10,108.08000183105467,108.66999816894533,107.76000213623048,108.56999969482422,5500,-0.008476171635539815,162.72000122070312,164.25,162.66000366210938,162.74000549316406,0,-0.01027150569395879
2014-03-11,108.5500030517578,108.66999816894533,107.87000274658205,107.87000274658205,4841,0.004339213844540953,164.3000030517578,164.3000030517578,162.8000030517578,162.85000610351562,0,0.009663103815411463
2014-03-12,108.0199966430664,108.5500030517578,107.63999938964844,108.31999969482422,5810,-0.0048945603503636305,165.0,165.0,162.49000549316406,162.77000427246094,0,0.004251430283056318
2014-03-13,107.38999938964844,108.47000122070312,106.98999786376952,108.2300033569336,2507,-0.005849301901160595,164.5,164.5,162.16000366210938,162.16000366210938,0,-0.003034903695154047
2014-03-14,108.56999969482422,108.6500015258789,107.3000030517578,107.5999984741211,403,0.010928061246273778,164.60000610351562,164.60000610351562,162.49000549316406,164.0,0,0.0006077551184391491
2014-03-17,108.54000091552734,108.54000091552734,108.54000091552734,108.54000091552734,6790,-0.00027634636270510457,162.13999938964844,162.74000549316406,162.22000122070312,162.25,0,-0.015058169528653666
2014-03-18,106.79000091552734,106.83000183105467,105.86000061035156,106.38999938964844,7074,-0.016254479313579193,164.6999969482422,164.6999969482422,162.1999969482422,162.1999969482422,0,0.01566546285919107
2014-03-19,105.8499984741211,106.8000030517578,105.72000122070312,106.58999633789062,8119,-0.00884131459121919,164.1999969482422,164.1999969482422,162.35000610351562,162.6300048828125,0,-0.003040440221689446
2014-03-20,106.4499969482422,106.73999786376952,105.4499969482422,105.8000030517578,7396,0.005652379505635089,164.60000610351562,164.8000030517578,162.6300048828125,163.42999267578125,0,0.0024331468911519766
2014-03-21,106.91999816894533,107.76000213623048,106.08000183105467,106.23999786376952,4245,0.004405511474227566,164.60000610351562,165.0,162.5,162.5,0,0.0
2014-03-24,106.80999755859376,107.4800033569336,106.4499969482422,106.76000213623048,5090,-0.0010293419011184162,162.83999633789062,164.85000610351562,162.86000061035156,162.91000366210938,0,-0.010750224178091596
2014-03-25,106.98999786376952,107.47000122070312,106.61000061035156,106.6999969482422,4372,0.001683819939742921,164.6999969482422,164.6999969482422,162.0,162.0,0,0.011357517508629058
2014-03-26,107.02999877929688,107.31999969482422,106.48999786376952,107.16999816894533,4838,0.0003738054071635194,165.0,164.75,162.69000244140625,162.97000122070312,0,0.0018198552461774395
2014-03-27,107.83000183105467,107.97000122070312,106.77999877929688,107.0,4863,0.007446772283878472,164.6999969482422,164.6999969482422,162.6999969482422,162.7100067138672,0,-0.0018198552461775011
2014-03-28,108.06999969482422,108.37000274658205,107.6999969482422,107.6999969482422,2793,0.0022232326162829334,164.6999969482422,164.9499969482422,162.8699951171875,162.8699951171875,0,0.0
2014-03-31,107.76000213623048,108.33000183105467,107.0500030517578,107.86000061035156,4548,-0.0028726105651293255,162.63999938964844,164.85000610351562,162.63999938964844,162.66000366210938,0,-0.012586453087088409
2014-04-01,105.62000274658205,107.7699966430664,105.11000061035156,107.69000244140624,5824,-0.020058778642912074,164.85000610351562,164.85000610351562,163.02000427246094,163.02000427246094,0,0.013496840975087259
2014-04-02,104.79000091552734,105.77999877929688,103.97000122070312,105.43000030517578,6454,-0.00788941705952953,164.8000030517578,162.5500030517578,161.97999572753906,162.5500030517578,0,-0.00030337054908285196
2014-04-03,106.1500015258789,106.30999755859376,104.48999786376952,104.6500015258789,5408,0.01289484630037545,162.2100067138672,164.8000030517578,161.49000549316406,161.49000549316406,0,-0.015840802541325742
2014-04-04,106.72000122070312,107.02999877929688,106.12000274658205,106.19000244140624,4765,0.005355391081678665,163.4499969482422,163.4499969482422,161.77999877929688,161.92999267578125,0,0.007615281047330978
2014-04-07,105.81999969482422,106.61000061035156,105.12999725341795,106.5,5167,-0.008469059013614446,161.85000610351562,161.83999633789062,161.60000610351562,161.83999633789062,0,-0.009837096416131778
2014-04-08,107.66999816894533,107.83000183105467,105.77999877929688,106.0199966430664,6419,0.017331442229380618,163.6999969482422,163.75,161.3699951171875,161.4499969482422,0,0.011365447651515195
2014-04-09,107.9800033569336,108.12999725341795,107.1500015258789,107.66999816894533,5342,0.0028750790571637663,163.64999389648438,163.64999389648438,161.0500030517578,161.0500030517578,0,-0.0003055020836731236
2014-04-10,107.45999908447266,107.8499984741211,107.27999877929688,107.69000244140624,3604,-0.004827379097644236,162.8000030517578,162.8000030517578,159.02999877929688,160.7100067138672,0,-0.005207491337153866
2014-04-11,107.33000183105467,107.87000274658205,106.98999786376952,107.3000030517578,3022,-0.0012104592274935404,160.6999969482422,160.89999389648438,158.75,158.8300018310547,0,-0.012983218560817467
2014-04-14,109.06999969482422,109.12999725341795,107.29000091552734,107.5999984741211,4039,0.01608165758919228,159.27999877929688,161.17999267578125,158.89999389648438,159.25999450683594,0,-0.008875601661004552
2014-04-15,108.73999786376952,108.93000030517578,108.41999816894533,108.66000366210938,502,-0.0030301830702013236,161.0500030517578,161.0500030517578,159.5800018310547,159.60000610351562,0,0.011051242634281535
2014-04-16,108.8000030517578,108.8000030517578,108.8000030517578,108.8000030517578,8875,0.000551670398617024,161.5,161.5,159.47000122070312,159.47000122070312,0,0.0027902479363709353
2014-04-17,109.52999877929688,110.18000030517578,109.0999984741211,109.62999725341795,6094,0.006687110719648495,161.0,162.25,160.05999755859375,160.05999755859375,0,-0.003100777678248271
2014-04-21,109.9499969482422,110.0500030517578,108.94000244140624,109.52999877929688,3084,0.003827216054166101,160.6199951171875,162.25,160.52000427246094,160.6199951171875,0,-0.009788826505992623
2014-04-22,109.2699966430664,109.95999908447266,108.54000091552734,109.87999725341795,6487,-0.006203836383704099,162.1999969482422,162.1999969482422,160.02999877929688,160.86000061035156,0,0.009788826505992618
2014-04-23,109.11000061035156,109.52999877929688,108.61000061035156,109.36000061035156,6163,-0.0014652996002788704,162.0,162.0,159.5399932861328,160.22000122070312,0,-0.0012337876341452787
2014-04-24,110.33000183105467,110.62999725341795,109.0999984741211,109.22000122070312,6422,0.011119338107460016,161.5,161.5,158.82000732421875,159.8300018310547,0,-0.003091192569672858
2014-04-25,109.58000183105467,110.62000274658205,109.23999786376952,110.4000015258789,6164,-0.0068209985483556395,160.89999389648438,160.89999389648438,158.72000122070312,158.72000122070312,0,-0.0037221265979706336
2014-04-28,108.12000274658205,110.16000366210938,107.87999725341795,109.83000183105467,7098,-0.013413146008685907,160.6999969482422,160.9499969482422,158.7899932861328,158.7899932861328,0,-0.001243762311677248
2014-04-29,108.9800033569336,109.3499984741211,108.0999984741211,108.0999984741211,9236,0.007922663146823545,160.9499969482422,160.9499969482422,158.5500030517578,159.00999450683594,0,0.0015544850308475495
2014-04-30,108.06999969482422,108.7300033569336,107.5500030517578,108.6999969482422,9600,-0.008385247466956786,160.60000610351562,160.60000610351562,158.42999267578125,159.07000732421875,0,-0.0021768992667944805
2014-05-01,107.76000213623048,108.06999969482422,106.8499984741211,107.9800033569336,10420,-0.0028726105651293255,160.60000610351562,160.60000610351562,157.77999877929688,157.97000122070312,0,0.0
2014-05-02,108.58999633789062,108.93000030517578,107.68000030517578,107.68000030517578,11576,0.007672736578548893,160.5,160.5,157.75999450683594,157.97999572753906,0,-0.0006228969470459134
2014-05-05,107.72000122070312,108.87999725341795,107.0500030517578,108.69000244140624,6335,-0.008044009229037793,159.60000610351562,159.60000610351562,156.74000549316406,157.61000061035156,0,-0.005623219311783841
2014-05-06,107.05999755859376,108.1999969482422,106.9800033569336,107.55999755859376,8554,-0.006145877114442909,158.64999389648438,158.64999389648438,156.8300018310547,156.8300018310547,0,-0.005970243700659565
2014-05-07,108.12999725341795,108.22000122070312,106.9800033569336,107.20999908447266,7544,0.009944779395563512,161.5,161.9499969482422,156.9199981689453,156.9199981689453,0,0.01780466310508396
2014-05-08,108.04000091552734,108.13999938964844,107.37999725341795,108.01000213623048,6115,-0.0008326441583238611,161.8000030517578,161.8000030517578,159.4499969482422,159.4499969482422,0,0.0018558808229767166
2014-05-09,107.88999938964844,109.01000213623048,107.63999938964844,108.1500015258789,6891,-0.001389353492297906,160.8000030517578,161.1999969482422,159.0500030517578,160.64999389648438,0,-0.006199647762228749
2014-05-12,108.41000366210938,108.7300033569336,108.08999633789062,108.3000030517578,7471,0.004808185547296867,161.0,161.0,159.25,159.44000244140625,0,0.0012429892610037986
2014-05-13,109.23999786376952,109.3499984741211,108.04000091552734,108.51000213623048,7626,0.007626907596736568,161.0,161.0,159.8800048828125,159.8800048828125,0,0.0
2014-05-14,110.19000244140624,110.33000183105467,109.33999633789062,109.44000244140624,4654,0.008658893605900438,162.39999389648438,162.39999389648438,159.88999938964844,159.88999938964844,0,0.00865802515988958
2014-05-15,110.44000244140624,110.58999633789062,109.8000030517578,110.1500015258789,81,0.00226623851211328,162.1999969482422,162.4499969482422,160.42999267578125,160.42999267578125,0,-0.0012322672778233201
2014-05-16,110.41999816894533,110.41999816894533,110.41999816894533,110.41999816894533,6131,-0.00018114889486849778,162.3000030517578,162.3000030517578,159.85000610351562,159.89999389648438,0,0.0006163704572064886
2014-05-19,109.37000274658205,110.3000030517578,109.31999969482422,109.8000030517578,7101,-0.009554605813372967,159.80999755859375,162.50999450683594,159.63999938964844,159.75,0,-0.01546089900364887
2014-05-20,109.69000244140624,110.0,109.0,109.20999908447266,10468,0.0029215732206805873,162.5,163.0500030517578,160.22999572753906,160.22999572753906,0,0.016692407449705148
2014-05-21,110.5500030517578,110.7300033569336,109.70999908447266,109.75,7242,0.007809707228111573,163.0,163.0,161.0399932861328,161.0399932861328,0,0.003072199036970059
2014-05-22,110.36000061035156,111.02999877929688,110.20999908447266,110.45999908447266,6092,-0.0017201800290456155,162.3000030517578,162.3000030517578,159.58999633789062,161.19000244140625,0,-0.004303707483026461
2014-05-23,110.54000091552734,110.6999969482422,110.2699966430664,110.37000274658205,5368,0.0016296998077981188,162.00999450683594,162.3000030517578,159.86000061035156,159.86000061035156,0,-0.001788465507736766
2014-05-27,110.0199966430664,110.75,109.72000122070312,110.16000366210938,10773,-0.004715317752152971,160.0500030517578,162.64999389648438,160.44000244140625,160.44000244140625,0,-0.012727180911010019
2014-05-28,109.80999755859376,110.36000061035156,109.44000244140624,110.19000244140624,8253,-0.0019105595586640367,160.57000732421875,162.60000610351562,160.25,160.25,0,0.0032437446920603554
2014-05-29,109.97000122070312,110.4499969482422,109.7699966430664,109.98999786376952,7680,0.0014560350465544164,162.5,162.60000610351562,160.4600067138672,160.55999755859375,0,0.011947971594332155
2014-05-30,109.41000366210938,110.0999984741211,109.20999908447266,110.01000213623048,8969,-0.005105285463041597,162.60000610351562,162.64999389648438,160.58999633789062,160.6199951171875,0,0.0006152328809138596
2014-06-02,108.83000183105467,109.9000015258789,108.62999725341795,109.62000274658205,7678,-0.005315278427252381,162.5500030517578,162.5500030517578,159.75,160.3699951171875,0,-0.0003075691265204592
2014-06-03,108.81999969482422,108.9800033569336,108.37000274658205,108.93000030517578,5592,-9.191027950727719e-05,162.2100067138672,162.4600067138672,159.89999389648438,159.89999389648438,0,-0.00209383207219228
2014-06-04,108.4000015258789,109.4499969482422,108.29000091552734,108.9000015258789,9443,-0.0038670351714509723,162.25,162.64999389648438,160.1300048828125,160.1300048828125,0,0.0002465221322060511
2014-06-05,108.79000091552734,108.93000030517578,107.7699966430664,108.08999633789062,8994,0.0035913237666187897,162.60000610351562,162.9499969482422,160.5,160.5,0,0.002154879066506503
2014-06-06,108.61000061035156,109.29000091552734,108.47000122070312,108.8499984741211,7125,-0.0016559369369307856,162.6999969482422,163.35000610351562,162.38999938964844,162.38999938964844,0,0.0006147608173232993
2014-06-09,109.98999786376952,110.16000366210938,108.5999984741211,108.5999984741211,11311,0.01262594323537491,162.2899932861328,163.10000610351562,160.50999450683594,160.50999450683594,0,-0.0025231785098076193
2014-06-10,109.5199966430664,110.30999755859376,109.11000061035156,109.95999908447266,9638,-0.0042822828181186805,162.60000610351562,163.10000610351562,160.72999572753906,160.8699951171875,0,0.0019084176924841234
2014-06-11,109.9499969482422,110.25,109.5,109.5,6736,0.0039185389160371255,162.60000610351562,161.22999572753906,160.80999755859375,160.80999755859375,0,0.0
2014-06-12,113.0199966430664,113.22000122070312,110.13999938964844,110.16000366210938,6415,0.027539075254676144,162.8000030517578,161.35000610351562,161.16000366210938,161.19000244140625,0,0.0012292376631748666
2014-06-13,113.41000366210938,114.4000015258789,112.9499969482422,114.4000015258789,315,0.003444838618547574,163.1999969482422,163.58999633789062,160.99000549316406,160.99000549316406,0,0.002453951516629275
2014-06-16,113.22000122070312,113.22000122070312,113.22000122070312,113.22000122070312,10542,-0.00167676372791914,163.5,163.5,160.83999633789062,161.3699951171875,0,0.0018365665067979794
2014-06-17,113.4499969482422,113.8000030517578,112.13999938964844,112.9000015258789,10642,0.0020293449360609226,162.5500030517578,163.10000610351562,160.6199951171875,160.6199951171875,0,-0.00582732481312258
2014-06-18,114.26000213623048,114.4800033569336,113.06999969482422,113.27999877929688,12588,0.007114387666273314,163.0,163.39999389648438,160.9199981689453,160.9199981689453,0,0.002764535282576871
2014-06-19,115.05999755859376,115.69000244140624,114.18000030517578,114.25,14027,0.006977138224058486,163.1999969482422,163.1999969482422,160.8300018310547,160.8300018310547,0,0.0012262230237477991
2014-06-20,114.80999755859376,115.08000183105467,114.43000030517578,114.76000213623048,11644,-0.002175143375630364,163.10000610351562,161.24000549316406,160.67999267578125,161.24000549316406,0,-0.0006128767816196549
2014-06-23,114.12000274658205,115.6500015258789,113.87000274658205,115.1999969482422,11582,-0.006028016428178113,160.64999389648438,162.6999969482422,160.4199981689453,160.42999267578125,0,-0.015135499479651203
2014-06-24,114.45999908447266,114.81999969482422,113.55999755859376,113.75,11656,0.0029748585695001687,160.25,162.64999389648438,160.52999877929688,160.52999877929688,0,-0.002492951768459737
2014-06-25,114.0,114.77999877929688,113.23999786376952,114.45999908447266,12861,-0.0040269605877944585,162.60000610351562,162.60000610351562,160.5399932861328,160.72000122070312,0,0.01455813884992655
2014-06-26,113.20999908447266,114.23999786376952,113.0199966430664,114.23999786376952,9100,-0.006953955391460447,162.5500030517578,162.6999969482422,160.25999450683594,160.25999450683594,0,-0.0003075691265204592
2014-06-27,113.3000030517578,113.70999908447266,112.9000015258789,113.12999725341795,6922,0.000794701966121995,162.6999969482422,163.0,160.83999633789062,160.97000122070312,0,0.0009223299438439055
2014-06-30,112.36000061035156,113.0999984741211,112.16000366210938,113.0999984741211,10245,-0.008331187301007037,163.00999450683594,163.00999450683594,160.39999389648438,160.4600067138672,0,0.0019035194518427663
2014-07-01,112.29000091552734,112.8000030517578,111.8499984741211,112.33000183105467,11049,-0.000623188930462601,162.8000030517578,162.8000030517578,160.25,160.25,0,-0.0012890426059913437
2014-07-02,111.23999786376952,112.36000061035156,110.91999816894533,112.06999969482422,14223,-0.009394808575721532,162.64999389648438,163.0500030517578,160.6699981689453,160.6699981689453,0,-0.0009218569199783874
2014-07-03,111.0,111.16000366210938,110.52999877929688,110.93000030517578,11415,-0.0021598088496318003,163.0,163.0,160.30999755859375,160.77999877929688,0,0.002149585412859929
2014-07-07,110.23999786376952,111.2699966430664,109.95999908447266,110.98999786376952,12446,-0.00687041342498378,160.36000061035156,162.5,160.38999938964844,160.38999938964844,0,-0.013256710189352566
2014-07-08,108.94000244140624,110.2300033569336,108.6999969482422,110.2300033569336,12267,-0.011862493521263758,162.60000610351562,162.60000610351562,160.3800048828125,160.3800048828125,0,0.013871943070266205
2014-07-09,108.27999877929688,108.98999786376952,108.13999938964844,108.87000274658205,10415,-0.006076840893565123,162.35000610351562,162.39999389648438,160.05999755859375,160.05999755859375,0,-0.001538698507052697
2014-07-10,108.66999816894533,108.87999725341795,107.7699966430664,108.0999984741211,13514,0.003595296752559037,159.88999938964844,162.10000610351562,160.0800018310547,160.0800018310547,0,-0.01526846116364602
2014-07-11,106.66000366210938,108.56999969482422,106.26000213623048,108.56999969482422,11904,-0.018669510718203754,162.0,162.3000030517578,160.24000549316406,160.25999450683594,0,0.013110260252376708
2014-07-14,106.9800033569336,107.4499969482422,106.22000122070312,106.8499984741211,5303,0.002995692975303043,162.1999969482422,162.1999969482422,160.11000061035156,160.24000549316406,0,0.0012337876341451432
2014-07-15,106.0199966430664,106.88999938964844,104.51000213623048,106.87999725341795,3894,-0.009014208585731048,162.0500030517578,162.0500030517578,159.6999969482422,160.1999969482422,0,-0.0009251744467743742
2014-07-16,105.8499984741211,106.44000244140624,105.5500030517578,106.43000030517578,276,-0.0016047407310581525,161.8000030517578,161.8000030517578,159.72999572753906,160.22000122070312,0,-0.001543924934067128
2014-07-17,105.95999908447266,105.95999908447266,105.95999908447266,105.95999908447266,11847,0.001038672598167309,161.6999969482422,161.6999969482422,159.61000061035156,159.82000732421875,0,-0.000618275775588029
2014-07-18,107.23999786376952,108.63999938964844,106.9800033569336,108.41000366210938,10183,0.012007637684110076,162.6999969482422,159.82000732421875,159.6999969482422,159.6999969482422,0,0.00616524775792944
2014-07-21,107.68000030517578,107.8499984741211,106.81999969482422,107.12999725341795,9604,0.004094575282848516,159.72999572753906,161.94000244140625,159.72999572753906,159.72999572753906,0,-0.01842313241418265
2014-07-22,107.33000183105467,108.37000274658205,107.05999755859376,107.68000030517578,8368,-0.003255651177038382,161.89999389648438,161.89999389648438,159.8800048828125,159.8800048828125,0,0.01349395993044854
2014-07-23,108.02999877929688,108.1999969482422,107.02999877929688,107.0999984741211,12856,0.00650073747574729,160.22999572753906,162.10000610351562,159.77000427246094,162.10000610351562,0,-0.010368566629057479
2014-07-24,107.06999969482422,108.08999633789062,106.83000183105467,108.08999633789062,8726,-0.008926131709292321,162.0,162.0,159.83999633789062,159.83999633789062,0,0.010986078877146296
2014-07-25,108.38999938964844,108.4499969482422,106.73999786376952,107.13999938964844,12114,0.012253004876656353,162.0500030517578,161.8000030517578,159.7899932861328,159.7899932861328,0,0.000308613187370901
2014-07-28,107.56999969482422,108.08000183105467,107.0199966430664,108.06999969482422,10450,-0.007594032589672704,161.60000610351562,161.9499969482422,159.77000427246094,160.0500030517578,0,-0.002780764563480805
2014-07-29,107.72000122070312,108.02999877929688,107.1500015258789,107.58000183105467,11704,0.0013934836686676814,161.8000030517578,161.9499969482422,159.5500030517578,159.77999877929688,0,0.0012368396294136401
2014-07-30,106.51000213623048,107.8499984741211,105.86000061035156,107.48999786376952,15571,-0.01129638176389151,161.85000610351562,161.85000610351562,159.6300048828125,159.86000061035156,0,0.00030899459750458193
2014-07-31,106.0199966430664,106.58000183105467,105.44000244140624,105.93000030517578,14434,-0.004611173615244201,161.6999969482422,161.89999389648438,159.47000122070312,159.67999267578125,0,-0.0009272703730926436
2014-08-01,104.83999633789062,106.11000061035156,104.4000015258789,105.70999908447266,14865,-0.011192380371703397,161.8000030517578,161.8000030517578,159.25,159.4499969482422,0,0.0006182757755879805
2014-08-04,105.41000366210938,105.66000366210938,104.52999877929688,104.73999786376952,15245,0.005422199483926372,161.25,161.25,158.85000610351562,158.85000610351562,0,-0.00340506780980604
2014-08-05,104.61000061035156,105.62000274658205,104.08000183105467,105.58000183105467,13297,-0.007618387818459103,161.0,161.0,160.75,161.0,0,-0.001551590691418833
2014-08-06,104.58999633789062,105.44000244140624,104.54000091552734,104.7699966430664,11339,-0.000191245437989724,158.58999633789062,161.5800018310547,158.94000244140625,158.94000244140625,0,-0.015082132565632766
2014-08-07,105.44000244140624,105.88999938964844,104.18000030517578,104.6500015258789,14652,0.008094184156433586,161.5,162.35000610351562,158.49000549316406,158.49000549316406,0,0.018182910243881023
2014-08-08,105.0199966430664,106.81999969482422,104.66999816894533,106.0,11237,-0.003991317663651488,162.3000030517578,162.3000030517578,160.39999389648438,160.39999389648438,0,0.004941350661024692
2014-08-11,104.68000030517578,105.41000366210938,104.5,104.88999938964844,6646,-0.003242695667739251,162.60000610351562,162.60000610351562,160.39999389648438,160.5500030517578,0,0.0018467413269701255
2014-08-12,103.0199966430664,104.52999877929688,102.6500015258789,104.52999877929688,7832,-0.01598496902508835,162.39999389648438,162.39999389648438,159.80999755859375,160.5399932861328,0,-0.001230844506353417
2014-08-13,104.27999877929688,104.33999633789062,102.38999938964844,102.91000366210938,6252,0.01215646580710937,162.0,159.52000427246094,159.42999267578125,159.52000427246094,0,-0.0024660549119684926
2014-08-14,102.01000213623048,104.12999725341795,102.0,103.73999786376952,301,-0.022008708723476687,161.8000030517578,162.3000030517578,159.3699951171875,159.3699951171875,0,-0.0012353117466962187
2014-08-15,101.9499969482422,101.9499969482422,101.9499969482422,101.9499969482422,12437,-0.0005884015492141528,162.1999969482422,162.1999969482422,160.0800018310547,160.16000366210938,0,0.0024690993808414363
2014-08-18,101.5999984741211,102.98999786376952,101.11000061035156,102.94000244140624,9002,-0.0034389469607079694,159.91000366210938,160.0,160.0,160.0,0,-0.014218942994113398
2014-08-19,101.55999755859376,102.05999755859376,101.06999969482422,101.61000061035156,13304,-0.00039378732846392375,160.0,160.4199981689453,159.86000061035156,160.4199981689453,0,0.0005626353614110694
2014-08-20,102.27999877929688,102.36000061035156,101.43000030517578,101.7300033569336,10201,0.007064405690646305,159.86000061035156,160.17999267578125,159.91000366210938,160.17999267578125,0,-0.0008753792179158981
2014-08-21,102.62999725341795,102.77999877929688,101.25,102.25,8468,0.003416122407571707,159.91000366210938,160.14999389648438,159.80999755859375,160.14999389648438,0,0.0003127438565049412
2014-08-22,102.29000091552734,102.81999969482422,102.0,102.58000183105467,9353,-0.0033183354764149916,159.80999755859375,159.69000244140625,159.64999389648438,159.64999389648438,0,-0.0006255855523289087
2014-08-25,102.6500015258789,102.8000030517578,101.9000015258789,102.51000213623048,5087,0.003513232910585163,159.69000244140625,160.52000427246094,159.8800048828125,160.52000427246094,0,-0.0007511431789009508
2014-08-26,102.5,103.37000274658205,102.37000274658205,102.70999908447266,8337,-0.001462359751349587,159.97999572753906,160.0500030517578,159.63999938964844,160.0500030517578,0,0.001814329573270324
2014-08-27,102.72000122070312,103.04000091552734,102.05999755859376,102.68000030517578,11601,0.0021440532469803103,159.63999938964844,160.0,159.77000427246094,160.0,0,-0.00212750435722284
2014-08-28,102.45999908447266,103.20999908447266,102.26000213623048,102.63999938964844,9089,-0.002534382249848013,159.6300048828125,159.66000366210938,159.6300048828125,159.6300048828125,0,-6.260849253264652e-05
2014-08-29,103.19000244140624,103.30999755859376,102.63999938964844,102.83000183105467,9570,0.007099503211357325,159.69000244140625,160.16000366210938,159.69000244140625,159.69000244140625,0,0.00037578327648514834
2014-09-02,100.33999633789062,103.27999877929688,100.19000244140624,103.0999984741211,16273,-0.028007590227850165,160.11000061035156,160.16000366210938,160.11000061035156,160.11000061035156,0,-0.0042380411747776105
2014-09-03,102.7699966430664,103.12999725341795,100.47000122070312,100.5,11649,0.023929066413350318,159.91000366210938,160.16000366210938,159.9499969482422,159.9499969482422,0,-0.0012499029536236727
2014-09-04,101.83000183105467,102.9499969482422,101.69000244140624,102.33999633789062,10584,-0.009188674807393191,160.16000366210938,160.2100067138672,160.13999938964844,160.13999938964844,0,0.001562158559812591
2014-09-05,100.81999969482422,102.41000366210938,100.36000061035156,101.87000274658205,12409,-0.009968028537511548,162.52000427246094,162.6300048828125,159.9499969482422,162.6300048828125,0,0.014627758976128976
2014-09-08,100.1999969482422,100.98999786376952,99.37000274658205,100.9499969482422,12077,-0.006168587433448582,159.9499969482422,162.1999969482422,159.8300018310547,159.94000244140625,0,-0.015939850092279228
2014-09-09,99.16000366210938,100.5999984741211,99.04000091552734,100.12999725341795,10783,-0.010433414095793373,162.0,162.14999389648438,160.22999572753906,160.50999450683594,0,0.012735087916305976
2014-09-10,98.04000091552734,99.43000030517578,97.62000274658205,99.43000030517578,13104,-0.011359176100089942,159.5800018310547,162.6999969482422,159.5800018310547,159.5800018310547,0,-0.015050959878037616
2014-09-11,98.08000183105467,98.45999908447266,96.73999786376952,97.94000244140624,12548,0.00040792285867644875,160.8800048828125,162.6999969482422,160.82000732421875,160.82000732421875,0,0.008113400460699175
2014-09-12,97.11000061035156,98.77999877929688,96.91000366210938,98.12999725341795,7632,-0.00993912796547317,162.60000610351562,162.8000030517578,160.57000732421875,160.94000244140625,0,0.010634458835660332
2014-09-15,96.6500015258789,97.12999725341795,95.98999786376952,96.8499984741211,567,-0.004748141449403323,160.10000610351562,163.10000610351562,160.19000244140625,160.19000244140625,0,-0.015494576524891978
2014-09-16,96.62999725341795,96.62999725341795,96.62999725341795,96.62999725341795,16751,-0.00020699785449840668,163.0,162.8000030517578,160.67999267578125,160.67999267578125,0,0.01795154268094842
2014-09-17,98.97000122070312,99.54000091552734,98.5199966430664,98.95999908447266,14769,0.023927562655154277,160.77999877929688,163.35000610351562,160.7899932861328,160.7899932861328,0,-0.013713237499329218
2014-09-18,97.6999969482422,99.13999938964844,97.44000244140624,98.58000183105467,15316,-0.012915258429941434,162.92999267578125,163.60000610351562,161.5500030517578,162.75,0,0.013283652454267011
2014-09-19,98.38999938964844,98.4800033569336,97.19000244140624,97.54000091552734,12442,0.007037638861553512,161.0399932861328,163.5,161.1300048828125,161.1300048828125,0,-0.011667876120845504
2014-09-22,96.97000122070312,98.1999969482422,96.38999938964844,98.1999969482422,12582,-0.014537501769367423,161.91000366210938,163.39999389648438,161.47000122070312,161.47000122070312,0,0.005387908275985237
2014-09-23,96.8499984741211,97.56999969482422,96.55999755859376,96.87999725341795,13561,-0.001238290806985602,161.39999389648438,163.1999969482422,161.36000061035156,161.36000061035156,0,-0.0031549298970741397
2014-09-24,96.9499969482422,97.2699966430664,95.62000274658205,96.83999633789062,15460,0.0010319761130832472,161.97999572753906,162.60000610351562,161.75999450683594,161.9499969482422,0,0.0035871264246057195
2014-09-25,97.0,97.5500030517578,96.23999786376952,96.87999725341795,14271,0.0005156282923686534,162.57000732421875,162.58999633789062,161.22999572753906,162.58999633789062,0,0.003635878854468098
2014-09-26,97.0,97.5,96.47000122070312,97.04000091552734,11382,0.0,160.77000427246094,163.89999389648438,160.7899932861328,160.7899932861328,0,-0.011133924548982637
2014-09-29,97.1999969482422,97.33999633789062,96.27999877929688,97.0,14463,0.002059701566324923,162.35000610351562,163.85000610351562,161.8300018310547,162.39999389648438,0,0.009779737393796267
2014-09-30,94.66999816894533,97.79000091552734,94.26000213623048,97.0500030517578,19337,-0.02637353927035385,161.7899932861328,163.8000030517578,161.64999389648438,161.80999755859375,0,-0.0034553796238263462
2014-10-01,94.16000366210938,96.22000122070312,93.81999969482422,94.55999755859376,19096,-0.005401638954922841,160.99000549316406,163.8000030517578,160.99000549316406,160.99000549316406,0,-0.004956871144473818
2014-10-02,93.41999816894533,94.3499984741211,91.62000274658205,94.3499984741211,23807,-0.007890066370711962,160.99000549316406,164.10000610351562,160.8800048828125,160.94000244140625,0,0.0
2014-10-03,92.30999755859376,93.95999908447266,91.4800033569336,93.58999633789062,19794,-0.01195298391956557,164.0500030517578,164.25,161.33999633789062,161.33999633789062,0,0.018828992634365063
2014-10-06,92.79000091552734,93.19000244140624,91.25,91.9499969482422,14363,0.0051864336775941065,163.58999633789062,164.35000610351562,162.0,163.57000732421875,0,-0.002808002789538566
2014-10-07,92.11000061035156,92.93000030517578,91.41000366210938,92.9000015258789,14586,-0.007355363605269982,160.6300048828125,164.47000122070312,160.8699951171875,160.8699951171875,0,-0.018259661252618912
2014-10-08,91.37999725341795,91.81999969482422,90.58000183105467,91.81999969482422,17109,-0.007956915548061298,161.17999267578125,164.5,161.27000427246094,161.27000427246094,0,0.0034180934875654993
2014-10-09,90.05000305175781,91.83000183105467,88.47000122070312,91.5199966430664,23039,-0.014661500566859154,164.39999389648438,164.8300018310547,161.3699951171875,161.3699951171875,0,0.01978073804094526
2014-10-10,90.20999908447266,90.45999908447266,88.05000305175781,89.01000213623047,21001,0.0017751700081449118,163.3800048828125,163.41000366210938,162.30999755859375,163.41000366210938,0,-0.006223639696117158
2014-10-13,88.88999938964844,89.69000244140625,87.93000030517578,89.69000244140625,10067,-0.014740632132487658,162.8000030517578,164.8300018310547,161.83999633789062,162.66000366210938,0,-0.0035563334860734055
2014-10-14,85.04000091552734,88.69999694824219,84.54000091552734,88.11000061035156,16949,-0.044277898587678215,161.1300048828125,164.0800018310547,161.44000244140625,161.44000244140625,0,-0.010310949424844356
2014-10-15,83.77999877929688,85.61000061035156,83.0,85.58000183105469,15846,-0.014927443850987869,161.83999633789062,162.0,161.7100067138672,162.0,0,0.004396647342491218
2014-10-16,84.47000122070312,84.80000305175781,82.69999694824219,82.81999969482422,233,0.008202155242178464,159.49000549316406,164.4499969482422,159.3300018310547,159.5500030517578,0,-0.014626911454806178
2014-10-17,84.54000091552734,84.54000091552734,84.54000091552734,84.54000091552734,19641,0.0008283497774339582,161.58999633789062,165.25,161.50999450683594,161.5800018310547,0,0.01308098154446426
2014-10-20,85.4000015258789,86.68000030517578,84.41000366210938,86.22000122070312,20345,0.01012131269379793,165.1999969482422,165.1999969482422,162.7100067138672,162.9600067138672,0,0.022094602292581405
2014-10-21,86.22000122070312,86.47000122070312,85.11000061035156,85.11000061035156,19391,0.00955606481503419,165.14999389648438,165.14999389648438,162.47999572753906,162.47999572753906,0,-0.00030272773437543186
2014-10-22,84.70999908447266,87.05000305175781,84.51000213623047,86.38999938964844,17458,-0.017668535841316717,163.6199951171875,163.63999938964844,163.3800048828125,163.63999938964844,0,-0.009307478636234046
2014-10-23,86.83000183105469,87.16000366210938,84.12999725341797,84.4000015258789,24796,0.024718557524689336,165.0,165.0,163.39999389648438,164.22000122070312,0,0.008398837657422864
2014-10-24,86.12999725341797,86.68000030517578,85.36000061035156,86.6500015258789,19344,-0.008094454248079865,165.0,164.5500030517578,162.19000244140625,163.60000610351562,0,0.0
2014-10-27,85.83000183105469,86.25,84.54000091552734,86.16999816894531,15291,-0.003489133848652589,161.9600067138672,162.24000549316406,161.6999969482422,161.6999969482422,0,-0.018596041282760982
2014-10-28,86.02999877929688,86.3499984741211,85.08999633789062,85.4800033569336,13937,0.002327441380351189,162.0,163.10000610351562,161.8699951171875,161.89999389648438,0,0.0002469026145643987
2014-10-29,87.12000274658203,87.91999816894531,86.20999908447266,86.30000305175781,14546,0.012590451707144287,162.63999938964844,162.75999450683594,162.64999389648438,162.67999267578125,0,0.003942830334930567
2014-10-30,86.23999786376953,87.12000274658203,85.73999786376953,87.0,12493,-0.010152427761202981,164.00999450683594,164.16000366210938,163.4199981689453,164.16000366210938,0,0.008388202514841753
2014-10-31,85.86000061035156,86.22000122070312,84.58999633789062,86.04000091552734,11967,-0.004416012484827227,163.4199981689453,163.1999969482422,163.0399932861328,163.0399932861328,0,-0.0036038053301887833
2014-11-03,84.77999877929688,86.38999938964844,84.06999969482422,85.86000061035156,14973,-0.012658418379086949,163.91000366210938,164.60000610351562,164.22999572753906,164.60000610351562,0,0.002993956291496962
2014-11-04,82.81999969482422,84.38999938964844,82.0999984741211,84.29000091552734,18879,-0.023390077093397674,165.64999389648438,163.8800048828125,163.22999572753906,163.22999572753906,0,0.010559572856586001
2014-11-05,82.94999694824219,84.45999908447266,81.6500015258789,82.76000213623047,28238,0.0015684054135101588,163.4199981689453,164.11000061035156,163.30999755859375,163.30999755859375,0,-0.01355352914808302
2014-11-06,82.86000061035156,83.22000122070312,82.02999877929688,83.02999877929688,17660,-0.0010855358308098611,163.99000549316406,167.69000244140625,163.57000732421875,164.02999877929688,0,0.0034819211003313693
2014-11-07,83.38999938964844,83.8499984741211,82.20999908447266,82.58999633789062,14848,0.006375946764338572,169.55999755859375,169.5500030517578,164.52000427246094,169.5500030517578,0,0.033401348233657466
2014-11-10,82.33999633789062,84.94999694824219,82.0,83.72000122070312,17349,-0.012671418913354649,163.66000366210938,164.80999755859375,163.49000549316406,163.67999267578125,0,-0.03541570461039582
2014-11-11,81.66999816894531,82.30999755859375,80.47000122070312,81.9800033569336,20813,-0.008170256916276306,165.6300048828125,166.32000732421875,165.50999450683594,165.50999450683594,0,0.01196528696874395
2014-11-12,80.37999725341797,81.6500015258789,79.81999969482422,81.22000122070312,8560,-0.015921360098934977,165.6199951171875,169.60000610351562,165.83999633789062,165.83999633789062,0,-6.04363207731655e-05
2014-11-13,77.91999816894531,79.91000366210938,77.91999816894531,79.91000366210938,467,-0.031082719015968818,166.86000061035156,169.99000549316406,166.8300018310547,166.8300018310547,0,0.007459163008263229
2014-11-14,77.73999786376953,77.73999786376953,77.73999786376953,77.73999786376953,15018,-0.00231273789020819,169.8000030517578,171.1999969482422,168.75999450683594,169.92999267578125,0,0.01746615071811284
2014-11-17,79.30999755859375,79.44000244140625,77.94999694824219,79.20999908447266,12896,0.019994295367236275,167.6999969482422,172.25,167.63999938964844,167.63999938964844,0,-0.012444641218465688
2014-11-18,78.47000122070312,79.93000030517578,78.19000244140625,78.94999694824219,15851,-0.010647791616460522,170.3699951171875,173.14999389648438,170.0500030517578,170.13999938964844,0,0.015795863265959713
2014-11-19,78.0999984741211,79.44000244140625,77.7300033569336,77.8499984741211,21619,-0.004726364387546999,173.0,173.85000610351562,170.5500030517578,170.6199951171875,0,0.0153190806003772
2014-11-20,79.33000183105469,79.9000015258789,77.58000183105469,78.20999908447266,16540,0.015626353087264375,173.7100067138672,176.10000610351562,171.35000610351562,171.35000610351562,0,0.004095686265912414
2014-11-21,80.36000061035156,81.55999755859375,79.12000274658203,80.0999984741211,19896,0.012900157146547365,172.0500030517578,177.0500030517578,171.8300018310547,171.97999572753906,0,-0.009602130782580407
2014-11-24,79.68000030517578,80.79000091552734,79.41000366210938,80.41999816894531,11108,-0.00849793043558958,177.0500030517578,177.0,175.00999450683594,175.00999450683594,0,0.0286470458135022
2014-11-25,78.33000183105469,80.44000244140625,78.01000213623047,79.47000122070312,16700,-0.017087922351052304,174.6699981689453,177.1999969482422,173.22000122070312,174.77999877929688,0,-0.013533726837249108
2014-11-26,77.75,78.86000061035156,77.33000183105469,78.11000061035156,13570,-0.007432143695964289,172.67999267578125,174.33999633789062,172.5800018310547,172.5800018310547,0,-0.011458340685068114
2014-11-28,70.1500015258789,77.38999938964844,69.83000183105469,77.02999877929688,20894,-0.10286272275921436,174.8000030517578,178.64999389648438,175.02999877929688,175.02999877929688,0,0.006197665986539795
2014-12-01,72.54000091552734,73.01000213623047,67.58999633789062,70.19000244140625,25064,0.033502318175627134,175.6699981689453,183.8999938964844,175.7899932861328,175.91000366210938,0,0.004964743922024431
2014-12-02,70.54000091552734,73.01000213623047,70.41000366210938,72.66000366210938,16953,-0.027958208689010878,183.75,181.2400054931641,180.6199951171875,180.6199951171875,0,0.04496891349091795
2014-12-03,69.91999816894531,71.44999694824219,69.4800033569336,71.12000274658203,22352,-0.008828232627318829,182.05999755859372,182.0200042724609,179.4499969482422,182.0200042724609,0,-0.009239848425702746
2014-12-04,69.63999938964844,70.61000061035156,68.83000183105469,70.25,17516,-0.004012599023820288,179.39999389648438,180.5200042724609,177.72999572753906,180.5200042724609,0,-0.014718374064374365
2014-12-05,69.06999969482422,69.87999725341797,68.11000061035156,69.38999938964844,19073,-0.008218627453079736,179.8000030517578,180.1999969482422,179.61000061035156,179.61000061035156,0,0.0022272234077198028
2014-12-08,66.19000244140625,68.44000244140625,65.94000244140625,68.38999938964844,14787,-0.0425910476668756,180.0,182.4499969482422,180.3999938964844,180.3999938964844,0,0.0011117118796214777
2014-12-09,66.83999633789062,67.0199966430664,65.3499984741211,66.05000305175781,14593,0.009772217922351875,182.3000030517578,183.4499969482422,180.3000030517578,180.3000030517578,0,0.01269684753471296
2014-12-10,64.23999786376953,66.30999755859375,63.56999969482422,66.30999755859375,17189,-0.03967561255339602,183.3000030517578,181.66000366210935,179.1300048828125,181.66000366210935,0,0.005470473069714723
2014-12-11,63.68000030517578,65.0999984741211,63.13999938964844,64.7699966430664,17122,-0.008755490056145915,179.75,180.3500061035156,177.22999572753906,177.38999938964844,0,-0.019557174893481966
2014-12-12,61.84999847412109,63.54999923706055,61.36000061035156,63.150001525878906,16645,-0.02915847216060142,180.3999938964844,179.89999389648438,178.77000427246094,178.77000427246094,0,0.0036095771941315876
2014-12-15,61.060001373291016,63.22999954223633,60.34999847412109,60.72999954223633,13288,-0.012855064370282533,179.7100067138672,178.72999572753906,176.39999389648438,178.72999572753906,0,-0.0038320958919052547
2014-12-16,59.86000061035156,60.959999084472656,58.59000015258789,60.75,732,-0.019848497176706576,179.85000610351562,179.89999389648438,176.27000427246094,176.27000427246094,0,0.0007787261749506804
2014-12-17,59.79999923706055,59.79999923706055,59.79999923706055,59.79999923706055,27234,-0.0010028644224691545,179.6999969482422,182.41000366210935,179.39999389648438,179.39999389648438,0,-0.0008344272713341863
2014-12-18,59.27000045776367,63.630001068115234,59.16999816894531,60.95000076293945,23123,-0.008902364675292259,179.6999969482422,185.1499938964844,184.22999572753903,184.22999572753903,0,0.0
2014-12-19,61.380001068115234,62.63999938964844,59.11000061035156,59.880001068115234,15698,0.034980783070163064,179.8000030517578,182.1000061035156,178.75,178.75,0,0.0005563622035897835
2014-12-22,60.11000061035156,62.93999862670898,59.869998931884766,61.880001068115234,20497,-0.020907839388290744,179.75,185.6499938964844,182.19000244140625,182.63999938964844,0,-0.00027814240943266913
2014-12-23,61.68999862670898,62.11000061035156,59.88999938964844,60.29999923706055,13242,0.025945593755404783,185.3999938964844,185.6999969482422,182.67999267578125,182.7400054931641,0,0.030948623609802075
2014-12-24,60.2400016784668,61.68000030517578,59.400001525878906,61.68000030517578,6504,-0.023785209605753657,185.6499938964844,183.19000244140625,179.5500030517578,183.19000244140625,0,0.0013475275356662172
2014-12-26,59.45000076293945,60.95000076293945,59.2400016784668,60.61000061035156,2778,-0.013200975384545502,185.6499938964844,183.19000244140625,179.5500030517578,183.19000244140625,0,0.0
2014-12-29,57.880001068115234,60.40999984741211,57.380001068115234,59.84999847412109,11672,-0.026763715752843403,181.8000030517578,182.3999938964844,179.50999450683594,179.75,0,-0.02095594921689929
2014-12-30,57.900001525878906,58.369998931884766,56.75,57.90999984741211,8111,0.0003454907154001625,182.25,182.3000030517578,180.0399932861328,180.0399932861328,0,0.0024721723590426623
2014-12-31,57.33000183105469,57.77000045776367,55.81999969482422,57.29999923706055,8412,-0.009893332073495444,182.25,182.3999938964844,180.55999755859372,180.7400054931641,0,0.0
2015-01-02,56.41999816894531,58.220001220703125,55.52000045776367,57.630001068115234,16707,-0.016000405739298503,181.3800048828125,182.8999938964844,181.00999450683597,181.8699951171875,0,-0.005059393485155255
2015-01-05,53.11000061035156,56.290000915527344,52.66999816894531,56.290000915527344,30065,-0.06045842719332634,182.6999969482422,183.3999938964844,181.5,182.3500061035156,0,0.007251141740537457
2015-01-06,51.09999847412109,53.52000045776367,50.52999877929688,53.22999954223633,35494,-0.03858077857750898,183.1999969482422,181.9499969482422,180.97999572753903,180.97999572753903,0,0.002732988901657491
2015-01-07,51.150001525878906,51.84000015258789,49.68000030517578,51.060001373291016,37082,0.0009780548800754378,183.6000061035156,182.27999877929688,181.3500061035156,182.27999877929688,0,0.002181075847975534
2015-01-08,50.959999084472656,51.88999938964844,49.81999969482422,51.0,29469,-0.003721528930789184,183.5500030517578,181.2700042724609,176.1199951171875,181.2700042724609,0,-0.00027238486079292714
2015-01-09,50.11000061035156,51.560001373291016,48.900001525878906,51.25,48123,-0.01682039214643258,178.6999969482422,180.4199981689453,175.6699981689453,175.6699981689453,0,-0.026778721481311253
2015-01-12,47.43000030517578,49.88999938964844,47.16999816894531,49.88999938964844,29297,-0.05496565482814224,178.61000061035156,182.0,179.63999938964844,179.63999938964844,0,-0.0005037437542115213
2015-01-13,46.59000015258789,47.27000045776367,45.22999954223633,47.27000045776367,33516,-0.017869017219899228,182.0,180.4499969482422,180.0399932861328,180.0399932861328,0,0.018802025743172635
2015-01-14,48.68999862670898,49.06999969482422,45.63999938964844,46.84999847412109,17863,0.044087712885996784,183.3999938964844,182.8999938964844,180.6199951171875,180.83999633789065,0,0.007662839465767101
2015-01-15,47.66999816894531,50.33000183105469,46.93000030517578,48.25,2088,-0.021171411184138362,183.0500030517578,183.0,180.3300018310547,180.3300018310547,0,-0.0019101703046002045
2015-01-16,47.68999862670898,47.68999862670898,47.68999862670898,47.68999862670898,29134,0.00041947270824256653,185.5500030517578,186.5,183.2700042724609,183.2700042724609,0,0.013565047715735726
2015-01-20,47.9900016784668,50.31999969482422,47.79999923706055,50.20000076293945,33926,0.0062709873315708155,184.1699981689453,189.1999969482422,184.3800048828125,184.3800048828125,0,-0.013108086957013593
2015-01-21,49.02999877929688,49.59000015258789,48.20000076293945,48.2599983215332,28618,0.021439639920577708,188.8000030517578,189.8999938964844,186.8800048828125,186.8800048828125,0,0.02482903571005552
2015-01-22,48.52000045776367,50.43999862670898,47.52000045776367,48.77000045776367,33790,-0.010456237255691092,189.8500061035156,190.3999938964844,187.4199981689453,187.4199981689453,0,0.005546048951586299
2015-01-23,48.790000915527344,50.09999847412109,48.58000183105469,49.18000030517578,29460,0.005549299082012005,190.3999938964844,190.5,189.6999969482422,190.5,0,0.0028927714740270495
2015-01-26,48.15999984741211,49.27000045776367,47.59999847412109,48.709999084472656,25814,-0.012996594760184747,190.6000061035156,188.6300048828125,187.9600067138672,188.6300048828125,0,0.0010499329417583843
2015-01-27,49.59999847412109,49.97999954223633,47.68999862670898,48.27999877929688,25318,0.029462005134981137,191.0,191.1999969482422,188.2899932861328,188.2899932861328,0,0.002096404803886515
2015-01-28,48.470001220703125,49.709999084472656,48.31999969482422,48.93999862670898,29379,-0.023045727925194517,191.1000061035156,192.1999969482422,187.1199951171875,188.4499969482422,0,0.0005234551384540562
2015-01-29,49.130001068115234,49.27000045776367,48.400001525878906,48.61000061035156,26641,0.013524792879148598,192.1999969482422,192.25,186.5399932861328,188.30999755859372,0,0.00573959747307564
2015-01-30,52.9900016784668,53.060001373291016,48.79999923706055,49.119998931884766,35139,0.07563338025868385,189.75,187.75,186.97999572753903,186.97999572753903,0,-0.012829064382420364
2015-02-02,54.75,55.70000076293945,51.40999984741211,52.65999984741211,43658,0.03267412051677869,187.91000366210935,190.0,186.9499969482422,187.4199981689453,0,-0.009744271986043556
2015-02-03,57.90999984741211,58.9900016784668,54.84999847412109,55.04999923706055,55610,0.056112709906173966,189.6999969482422,189.8000030517578,186.66000366210935,186.66000366210935,0,0.009480716563988478
2015-02-04,54.15999984741211,58.04999923706055,53.5,57.0,42937,-0.06694745281611852,189.6499938964844,190.33999633789065,185.0200042724609,185.0200042724609,0,-0.000263624901827608
2015-02-05,56.56999969482422,57.84999847412109,52.95000076293945,54.84999847412109,48325,0.04353617817374114,186.0,192.5,189.6199951171875,191.8699951171875,0,-0.01943356223865535
2015-02-06,57.79999923706055,59.02999877929688,56.790000915527344,57.34999847412109,38508,0.02150995851828043,192.1999969482422,193.8999938964844,188.97000122070312,188.97000122070312,0,0.03278980694495841
2015-02-09,58.34000015258789,59.560001373291016,57.34999847412109,58.560001373291016,35734,0.009299204576381713,193.8500061035156,195.25,192.9600067138672,193.27999877929688,0,0.008548214944543282
2015-02-10,56.43000030517578,58.540000915527344,56.09999847412109,58.0099983215332,23490,-0.03328702966597872,195.3500061035156,199.25,192.6999969482422,192.6999969482422,0,0.007708157142377158
2015-02-11,54.65999984741211,56.959999084472656,53.95000076293945,56.880001068115234,25029,-0.03186875968075054,199.1999969482422,202.75,196.69000244140625,196.69000244140625,0,0.01951647708534831
2015-02-12,57.04999923706055,57.38999938964844,55.0,55.09000015258789,961,0.04279588522657316,203.8000030517578,204.0,201.22999572753903,201.22999572753903,0,0.022829805932473794
2015-02-13,57.38999938964844,57.38999938964844,57.38999938964844,57.38999938964844,36448,0.005941998550203085,203.8999938964844,204.1000061035156,202.32000732421875,202.32000732421875,0,0.0004905118836393938
2015-02-17,62.52999877929688,63.02999877929688,60.27999877929688,61.77999877929688,40754,0.08577636057221114,199.4199981689453,200.8999938964844,198.6499938964844,200.8999938964844,0,-0.022706849625470503
2015-02-18,60.52999877929688,62.38999938964844,59.2599983215332,62.20000076293945,24334,-0.032507332320642214,199.3500061035156,199.3999938964844,196.3500061035156,199.3999938964844,0,-0.00035103977429881667
2015-02-19,60.209999084472656,60.970001220703125,57.79999923706055,59.2599983215332,39699,-0.005300653465897967,198.3999938964844,196.38999938964844,195.88999938964844,195.88999938964844,0,-0.004776940357362589
2015-02-20,60.220001220703125,61.130001068115234,59.88999938964844,60.09999847412109,33712,0.00016610705352689117,197.0,199.3999938964844,196.1100006103516,196.8600006103516,0,-0.007081435349095905
2015-02-23,58.900001525878906,60.63999938964844,58.380001068115234,60.09999847412109,42658,-0.022163426760509655,199.4499969482422,200.0,195.3500061035156,195.3500061035156,0,0.012359834312560524
2015-02-24,58.65999984741211,60.310001373291016,58.119998931884766,59.09000015258789,37567,-0.004083055615724521,199.8500061035156,200.3999938964844,196.83999633789065,196.83999633789065,0,0.002003552647266376
2015-02-25,61.630001068115234,62.130001068115234,58.40999984741211,58.70000076293945,34789,0.049390721357164775,200.3000030517578,198.38999938964844,197.9199981689453,197.9199981689453,0,0.0022491422098922294
2015-02-26,60.04999923706055,62.630001068115234,59.650001525878906,62.470001220703125,31062,-0.025971246484321704,200.0,201.0,198.0800018310547,198.0800018310547,0,-0.0014988913596709866
2015-02-27,62.58000183105469,62.810001373291016,60.70000076293945,60.79999923706055,30548,0.041268231679236045,201.0,201.80999755859372,201.2100067138672,201.80999755859372,0,0.004987541511038968
2015-03-02,59.540000915527344,62.400001525878906,59.36000061035156,62.25,36182,-0.049797396535851524,200.0,202.25999450683597,199.3500061035156,202.25999450683597,0,-0.004987541511039051
2015-03-03,61.02000045776367,61.810001373291016,59.869998931884766,60.0,35924,0.024553315826079364,202.0,200.3999938964844,197.83999633789065,200.1199951171875,0,0.009950330853168092
2015-03-04,60.54999923706055,60.90999984741211,59.4900016784668,60.709999084472656,29920,-0.007732229391441411,200.3500061035156,199.6000061035156,197.02999877929688,197.4600067138672,0,-0.008201829854786178
2015-03-05,60.47999954223633,61.54999923706055,60.08000183105469,60.47999954223633,29245,-0.0011567330965113133,199.5500030517578,197.94000244140625,197.22999572753903,197.94000244140625,0,-0.0040010207584771015
2015-03-06,59.72999954223633,61.20000076293945,59.18000030517578,61.02999877929688,22107,-0.012478325222101147,199.3999938964844,199.4499969482422,196.6100006103516,197.75999450683597,0,-0.000752019869610286
2015-03-09,58.52999877929688,60.02999877929688,58.400001525878906,59.72999954223633,21968,-0.02029497663322778,199.6499938964844,199.3999938964844,196.69000244140625,198.41000366210935,0,0.001252976019821306
2015-03-10,56.38999938964844,58.72999954223633,56.130001068115234,58.400001525878906,24701,-0.037247595451769394,199.3000030517578,198.6999969482422,196.52999877929688,197.22999572753903,0,-0.0017545604070211911
2015-03-11,57.540000915527344,57.91999816894531,55.93000030517578,56.209999084472656,23434,0.020188547039212378,198.8999938964844,199.1999969482422,196.6100006103516,197.25,0,-0.002009087357558169
2015-03-12,57.08000183105469,58.790000915527344,56.52000045776367,57.93999862670898,16466,-0.008026549347169013,199.1999969482422,197.75,196.75,197.6100006103516,0,0.0015071746568553603
2015-03-13,54.66999816894531,57.2599983215332,54.43999862670898,57.2599983215332,11914,-0.04313874527333205,199.25,197.25,196.55999755859372,197.25,0,0.00025098783989596293
2015-03-16,53.43999862670898,54.619998931884766,52.58000183105469,54.27000045776367,510,-0.02275557588346785,199.3000030517578,199.0,196.6999969482422,197.97000122070312,0,0.0002509248608069823
2015-03-17,53.43000030517578,53.43000030517578,53.43000030517578,53.43000030517578,25633,-0.00018711184920546637,199.0500030517578,199.0,196.13999938964844,196.13999938964844,0,-0.0012551777531910242
2015-03-18,55.90999984741211,56.84999847412109,52.70000076293945,53.33000183105469,23370,0.04537086062801051,198.9900054931641,199.0,196.13999938964844,197.05999755859372,0,-0.00030146496713957067
2015-03-19,54.43000030517578,56.540000915527344,53.91999816894531,56.0,19163,-0.026827774256518427,198.8000030517578,199.0,190.9600067138672,190.9600067138672,0,-0.0009552902374327765
2015-03-20,55.31999969482422,55.68000030517578,53.56999969482422,54.63999938964844,17597,0.016219023227137558,198.8999938964844,199.0,195.83999633789065,196.92999267578125,0,0.0005028456002051254
2015-03-23,55.91999816894531,56.18999862670898,54.15999984741211,55.34000015258789,20185,0.01078756390136848,198.8500061035156,199.0,194.58999633789065,194.58999633789065,0,-0.0002513528258050416
2015-03-24,55.11000061035156,56.790000915527344,54.869998931884766,55.959999084472656,16166,-0.014590866211076945,198.8999938964844,199.0,195.5399932861328,195.5399932861328,0,0.00025135282580497235
2015-03-25,56.47999954223633,57.15999984741211,54.72999954223633,55.22999954223633,25158,0.024555386109811003,199.0,199.0,199.0,199.0,0,0.0005026695509193821
2015-03-26,59.18999862670898,59.7400016784668,56.380001068115234,56.380001068115234,32679,0.046866000421125,199.0,199.0,196.25999450683597,196.4499969482422,0,0.0
2015-03-27,56.40999984741211,59.0099983215332,55.95000076293945,59.0,23801,-0.048106140454325444,199.0500030517578,199.0,196.19000244140625,198.1499938964844,0,0.00025124005344793343
2015-03-30,56.290000915527344,56.650001525878906,55.18999862670898,56.08000183105469,21505,-0.002129529306494393,199.0,199.0,195.97999572753903,196.2400054931641,0,-0.0002512400534479691
2015-03-31,55.11000061035156,56.369998931884766,54.709999084472656,56.369998931884766,21606,-0.0211857167701161,199.0,199.0,196.1999969482422,196.33999633789065,0,0.0
2015-04-01,57.09999847412109,57.68999862670898,54.68999862670898,55.11000061035156,27858,0.03547289096874622,196.25,199.1000061035156,196.22999572753903,196.22999572753903,0,-0.013915468061974558
2015-04-02,54.95000076293945,57.2400016784668,54.0,56.70000076293945,28427,-0.03838039520516229,199.1000061035156,199.1000061035156,196.0399932861328,196.0399932861328,0,0.014417885063160253
2015-04-06,58.119998931884766,58.25,54.790000915527344,54.88999938964844,14071,0.05608612559044639,199.0,199.1000061035156,193.2100067138672,193.25999450683597,0,0.0186655480324735
2015-04-07,59.09999847412109,59.27000045776367,57.040000915527344,57.70000076293945,23259,0.016721078269132945,199.1000061035156,199.0500030517578,194.1199951171875,194.1199951171875,0,0.0005024170011855385
2015-04-08,55.54999923706055,58.709999084472656,55.470001220703125,58.220001220703125,24755,-0.061947396242102715,199.0500030517578,199.0,196.32000732421875,196.94000244140625,0,-0.00025117694773771045
2015-04-09,56.56999969482422,58.040000915527344,56.0099983215332,56.06999969482422,20538,0.018195301609051445,199.0500030517578,199.0,196.1499938964844,197.8500061035156,0,0.0
2015-04-10,57.869998931884766,58.130001068115234,56.290000915527344,56.7400016784668,16883,0.0227202931681911,199.1000061035156,198.9499969482422,196.02999877929688,198.02999877929688,0,0.0002511769477377517
2015-04-13,57.93000030517578,59.52999877929688,57.459999084472656,57.95000076293945,14746,0.0010362932479443094,198.8999938964844,199.0,195.5200042724609,195.5200042724609,0,-0.0010050865521048409
2015-04-14,58.43000030517578,59.13999938964844,57.79999923706055,58.2400016784668,15993,0.008594071412733308,199.0,198.8999938964844,195.3000030517578,195.3000030517578,0,0.0005026695509193821
2015-04-15,60.31999969482422,60.31999969482422,58.84000015258789,58.84000015258789,823,0.03183425685114506,199.0,199.0,195.5800018310547,195.5800018310547,0,0.0
2015-04-16,60.400001525878906,60.400001525878906,60.400001525878906,60.400001525878906,26829,0.0013254115632442087,198.5500030517578,198.9499969482422,193.9600067138672,193.9600067138672,0,-0.0022638517770088087
2015-04-17,63.45000076293945,64.48999786376953,62.93000030517578,63.93000030517578,18872,0.04926307598099424,195.25999450683597,198.8999938964844,196.3500061035156,196.3500061035156,0,-0.01670899728252034
2015-04-20,63.45000076293945,64.33999633789062,62.09999847412109,63.900001525878906,18561,0.0,196.47000122070312,198.8999938964844,196.07000732421875,196.07000732421875,0,0.006177778446286862
2015-04-21,62.08000183105469,63.470001220703125,61.65999984741211,63.36000061035156,16815,-0.021828300814614263,198.8999938964844,198.9499969482422,195.8500061035156,195.8500061035156,0,0.012292401062322919
2015-04-22,62.72999954223633,63.310001373291016,61.40999984741211,61.91999816894531,19144,0.010415889441242504,198.8999938964844,199.0,195.16000366210935,195.16000366210935,0,0.0
2015-04-23,64.8499984741211,65.58999633789062,62.209999084472656,62.81999969482422,32671,0.03323709242180648,198.75,199.0,196.19000244140625,196.19000244140625,0,-0.0007544016391317967
2015-04-24,65.27999877929688,65.7699966430664,64.5,64.87000274658203,20163,0.00660880472326105,198.8000030517578,199.0,194.94000244140625,194.94000244140625,0,0.0002515560389267127
2015-04-27,64.83000183105469,65.56999969482422,64.41000366210938,65.48999786376953,17993,-0.006917204525510264,195.3000030517578,198.8999938964844,196.3699951171875,196.3699951171875,0,-0.017762456064734835
2015-04-28,64.63999938964844,65.4800033569336,63.90999984741211,64.58999633789062,18757,-0.00293508266032485,198.8500061035156,198.9499969482422,195.69000244140625,195.69000244140625,0,0.01801394883913488
2015-04-29,65.83999633789062,66.70999908447266,64.16000366210938,64.48999786376953,23625,0.01839409597694765,198.8000030517578,198.8999938964844,195.69000244140625,195.69000244140625,0,-0.0002514927744000748
2015-04-30,66.77999877929688,66.94000244140625,65.44000244140625,65.54000091552734,26652,0.014176115488568905,198.8500061035156,198.8999938964844,194.17999267578125,194.17999267578125,0,0.0002514927744001772
2015-05-01,66.45999908447266,66.87999725341797,65.52999877929688,66.6500015258789,19131,-0.0048033670852029595,198.8999938964844,198.1000061035156,194.88999938964844,195.07000732421875,0,0.00025135282580497235
2015-05-04,66.44999694824219,67.08999633789062,65.95999908447266,66.43000030517578,15798,-0.00015050991720569893,198.25,199.3999938964844,195.4499969482422,195.4499969482422,0,-0.0032732946586157305
2015-05-05,67.5199966430664,68.38999938964844,66.23999786376953,66.41000366210938,33003,0.01597406133645417,198.9499969482422,198.9499969482422,196.0800018310547,196.0800018310547,0,0.0035246610186595736
2015-05-06,67.7699966430664,69.5999984741211,67.37000274658203,67.66999816894531,34300,0.0036957690437256553,198.9499969482422,199.0,195.30999755859372,195.30999755859372,0,0.0
2015-05-07,65.54000091552734,68.45999908447266,65.18000030517578,67.30000305175781,23841,-0.03345891237415322,198.8999938964844,199.0,194.4600067138672,194.4600067138672,0,-0.00025136636004391427
2015-05-08,65.38999938964844,66.0999984741211,64.25,65.6500015258789,37090,-0.002291325000489812,198.9499969482422,198.8999938964844,196.25,198.1000061035156,0,0.00025136636004381425
2015-05-11,64.91000366210938,65.69000244140625,64.29000091552734,65.30999755859375,20593,-0.00736758077552719,198.8999938964844,200.0,196.25,196.6199951171875,0,-0.00025136636004391427
2015-05-12,66.86000061035156,67.2699966430664,64.68000030517578,64.69999694824219,24717,0.029599138657115054,200.0,199.0,196.4900054931641,196.5200042724609,0,0.00551521137446348
2015-05-13,66.80999755859375,68.1500015258789,66.38999938964844,67.19999694824219,13803,-0.0007481567258944725,199.0500030517578,198.8999938964844,196.3500061035156,197.0200042724609,0,-0.00476130177009633
2015-05-14,66.58999633789062,67.20999908447266,66.05000305175781,66.2300033569336,447,-0.003298372267213172,198.8999938964844,199.0,194.2400054931641,194.2400054931641,0,-0.0007539096043672542
2015-05-15,66.56999969482422,66.56999969482422,66.56999969482422,66.56999969482422,14466,-0.00030034009931642364,195.66000366210935,199.0,195.91000366210935,195.91000366210935,0,-0.016423677427591456
2015-05-18,66.2699966430664,67.88999938964844,65.93000030517578,66.87000274658203,14256,-0.004516765583597661,198.9499969482422,199.0,194.83999633789065,194.9499969482422,0,0.016675043787635332
2015-05-19,64.0199966430664,66.2699966430664,63.959999084472656,66.23999786376953,23142,-0.03454177333871628,198.9499969482422,198.0200042724609,196.3999938964844,198.0200042724609,0,0.0
2015-05-20,65.02999877929688,65.16999816894531,64.18000030517578,64.48999786376953,15742,0.015653201003661563,199.3999938964844,199.0,196.1199951171875,197.55999755859372,0,0.0022593053847142414
2015-05-21,66.54000091552734,66.86000061035156,64.9800033569336,64.98999786376953,22573,0.02295460123970697,198.9499969482422,198.9499969482422,196.1100006103516,196.1100006103516,0,-0.0022593053847142007
2015-05-22,65.37000274658203,66.58999633789062,65.08999633789062,66.56999969482422,15935,-0.01773980470880511,198.9499969482422,199.0,196.42999267578125,197.33999633789065,0,0.0
2015-05-26,63.720001220703125,66.22000122070312,63.27999877929688,65.58000183105469,19097,-0.025564975441430736,195.25,196.13999938964844,195.4199981689453,195.4199981689453,0,-0.019024036004697046
2015-05-27,62.060001373291016,64.66000366210938,61.970001220703125,63.880001068115234,21550,-0.026396823050472723,199.0,196.72000122070312,196.13999938964844,196.72000122070312,0,0.019024036004697143
2015-05-28,62.58000183105469,62.95000076293945,61.27000045776367,62.380001068115234,21318,0.008344086351484158,199.0,198.9499969482422,195.9900054931641,195.9900054931641,0,0.0
2015-05-29,65.55999755859375,65.83000183105469,62.68999862670898,63.09000015258789,24899,0.04651994913620417,199.0,196.22000122070312,195.80999755859372,195.80999755859372,0,0.0
2015-06-01,64.87999725341797,65.73999786376953,64.25,65.4000015258789,20587,-0.010426349162467942,199.0,198.9499969482422,196.3000030517578,196.32000732421875,0,0.0
2015-06-02,65.48999786376953,65.8499984741211,64.58000183105469,64.80999755859375,23176,0.009358059136881322,198.9499969482422,198.9499969482422,196.0200042724609,196.25,0,-0.0002513031908753728
2015-06-03,63.79999923706055,65.38999938964844,63.459999084472656,65.38999938964844,23281,-0.026144248218330498,198.9499969482422,199.0,194.0399932861328,194.0399932861328,0,0.0
2015-06-04,62.02999877929688,64.08000183105469,61.79999923706055,63.81999969482422,20041,-0.028135059086657283,199.0,198.8999938964844,193.8500061035156,193.8500061035156,0,0.000251303190875446
2015-06-05,63.310001373291016,63.41999816894531,60.93999862670898,62.09999847412109,24912,0.020425196941780754,198.8999938964844,199.0,196.19000244140625,198.75999450683597,0,-0.0005026695509193248
2015-06-08,62.68999862670898,63.31999969482422,62.470001220703125,62.900001525878906,18851,-0.00984139286775393,198.8999938964844,198.57000732421875,196.02999877929688,198.3600006103516,0,0.0
2015-06-09,64.87999725341797,65.19999694824219,62.79999923706055,62.880001068115234,23651,0.03433744409407982,198.8500061035156,198.8999938964844,193.6499938964844,193.6499938964844,0,-0.0002513528258050416
2015-06-10,65.69999694824219,66.3499984741211,64.91999816894531,65.13999938964844,27640,0.012559511566778403,198.8999938964844,198.8999938964844,195.80999755859372,195.80999755859372,0,0.00025135282580497235
2015-06-11,65.11000061035156,66.04000091552734,64.51000213623047,65.56999969482422,12496,-0.009020722417742396,198.8000030517578,198.8999938964844,195.88999938964844,196.02999877929688,0,-0.0005028456002051235
2015-06-12,63.869998931884766,64.91999816894531,63.709999084472656,64.91000366210938,11735,-0.01922840577270276,198.8000030517578,198.8999938964844,196.4499969482422,196.6699981689453,0,0.0
2015-06-15,62.61000061035156,63.720001220703125,62.27999877929688,63.43999862670898,837,-0.019924731344541292,198.8999938964844,198.8999938964844,195.77999877929688,195.77999877929688,0,0.0005028456002051254
2015-06-16,62.630001068115234,62.630001068115234,62.630001068115234,62.630001068115234,22148,0.00031939408600518754,198.8000030517578,199.0,195.58999633789065,195.58999633789065,0,-0.0005028456002051235
2015-06-17,63.869998931884766,65.45999908447266,62.58000183105469,63.66999816894531,30479,0.019605337258535964,198.8999938964844,199.0,196.1199951171875,196.1199951171875,0,0.0005028456002051254
2015-06-18,64.26000213623047,64.94999694824219,63.45000076293945,63.790000915527344,18570,0.0060876360810329985,198.8000030517578,198.8999938964844,196.1699981689453,196.1699981689453,0,-0.0005028456002051235
2015-06-19,63.02000045776367,64.54000091552734,62.34999847412109,64.06999969482422,19112,-0.01948524333834842,198.8999938964844,198.8999938964844,196.1499938964844,196.7400054931641,0,0.0005028456002051254
2015-06-22,63.34000015258789,63.72999954223633,62.09999847412109,62.810001373291016,22360,0.005064899926610043,195.30999755859372,196.2400054931641,195.1000061035156,195.1000061035156,0,-0.018214127824933358
2015-06-23,64.44999694824219,64.94999694824219,62.7599983215332,63.33000183105469,25137,0.01737263851489199,198.8999938964844,199.0,196.22999572753903,196.32000732421875,0,0.01821412782493342
2015-06-24,63.4900016784668,65.05999755859375,63.02000045776367,64.68000030517578,25722,-0.015007242415345234,198.8999938964844,198.9499969482422,196.3600006103516,196.3600006103516,0,0.0
2015-06-25,63.20000076293945,63.93000030517578,62.72999954223633,63.560001373291016,19341,-0.004578126394430991,198.8999938964844,199.0,196.2700042724609,196.2700042724609,0,0.0
2015-06-26,63.2599983215332,63.619998931884766,62.47999954223633,63.27999877929688,19797,0.0009488781200343605,198.9499969482422,198.9499969482422,196.22999572753903,196.22999572753903,0,0.00025136636004381425
2015-06-29,62.0099983215332,62.959999084472656,61.36000061035156,62.650001525878906,28570,-0.01995755605056603,198.8999938964844,200.2899932861328,196.3500061035156,200.2899932861328,0,-0.00025136636004391427
2015-06-30,63.59000015258789,63.81999969482422,61.720001220703125,61.97999954223633,28326,0.025160592384767567,198.8999938964844,198.9499969482422,194.69000244140625,194.69000244140625,0,0.0
2015-07-01,62.0099983215332,63.34999847412109,61.84000015258789,63.06999969482422,34865,-0.02516059238476746,198.8999938964844,199.0,196.2400054931641,196.2400054931641,0,0.0
2015-07-02,62.06999969482422,63.18999862670898,61.7599983215332,62.08000183105469,28960,0.0009671402148153975,198.9499969482422,198.8500061035156,196.25,197.5200042724609,0,0.00025136636004381425
2015-07-06,56.540000915527344,60.34000015258789,56.38999938964844,60.34000015258789,44988,-0.09331440705091816,198.8999938964844,199.0,196.2400054931641,197.92999267578125,0,0.014585438536493706
2015-07-07,56.84999847412109,57.83000183105469,55.09999847412109,57.02000045776367,48111,0.005467824898102316,199.0,196.52999877929688,196.0399932861328,196.0399932861328,0,0.0005026695509193821
2015-07-08,57.04999923706055,57.75,55.880001068115234,57.47999954223633,43120,0.00351186957880627,198.8500061035156,196.08999633789065,195.8300018310547,195.8300018310547,0,-0.0007540223767243941
2015-07-09,58.61000061035156,59.25,56.93999862670898,57.25,45873,0.02697727796720356,198.8500061035156,198.8999938964844,195.05999755859372,195.05999755859372,0,0.0
2015-07-10,58.72999954223633,59.68000030517578,57.869998931884766,58.27000045776367,27423,0.0020453208379362354,198.8999938964844,198.9499969482422,195.9499969482422,195.9499969482422,0,0.00025135282580497235
2015-07-13,57.84999847412109,58.83000183105469,56.84999847412109,58.2599983215332,31544,-0.015097234476839515,198.8999938964844,198.8500061035156,196.1999969482422,197.6000061035156,0,0.0
2015-07-14,58.5099983215332,58.7400016784668,56.43000030517578,57.63999938964844,25176,0.011344223850094908,198.8500061035156,198.8999938964844,196.3300018310547,197.8600006103516,0,-0.0002513528258050416
2015-07-15,57.04999923706055,58.7599983215332,56.93999862670898,58.70000076293945,9759,-0.02526958817839523,198.8999938964844,198.8999938964844,196.47999572753903,196.83999633789065,0,0.00025135282580497235
2015-07-16,57.5099983215332,58.34000015258789,57.18999862670898,57.380001068115234,935,0.008030753605098435,198.8999938964844,198.8500061035156,196.1300048828125,197.92999267578125,0,0.0
2015-07-17,57.52000045776367,57.720001220703125,57.720001220703125,57.720001220703125,18931,0.00017390483111921415,198.8000030517578,198.8500061035156,196.44000244140625,198.8500061035156,0,-0.0005028456002051235
2015-07-20,56.650001525878906,57.43000030517578,56.34000015258789,57.09000015258789,20026,-0.015240706961918527,197.4199981689453,198.9499969482422,196.25,197.4499969482422,0,-0.006965879858545965
2015-07-21,57.040000915527344,57.43000030517578,56.34000015258789,56.5099983215332,24714,0.006860777747448053,198.8999938964844,198.8999938964844,196.2400054931641,196.3300018310547,0,0.0074687254587511125
2015-07-22,56.130001068115234,56.88999938964844,55.93999862670898,56.84000015258789,25241,-0.016082344173241066,198.9499969482422,196.2700042724609,194.8300018310547,194.8300018310547,0,0.00025136636004381425
2015-07-23,55.27000045776367,56.52000045776367,55.09000015258789,55.95000076293945,28668,-0.015440173855930162,198.8500061035156,198.9499969482422,196.16000366210935,196.2400054931641,0,-0.000502719185849041
2015-07-24,54.619998931884766,55.59000015258789,54.29999923706055,55.470001220703125,23004,-0.011830177637316914,198.8500061035156,198.8000030517578,196.3699951171875,196.3699951171875,0,0.0
2015-07-27,53.470001220703125,54.86000061035156,52.81999969482422,54.45000076293945,27516,-0.021279324699849396,198.8999938964844,196.1100006103516,12.0,196.0800018310547,0,0.00025135282580497235
2015-07-28,53.29999923706055,54.06999969482422,52.29999923706055,53.0,38323,-0.0031844549325847865,198.8999938964844,198.8500061035156,195.8699951171875,195.8699951171875,0,0.0
2015-07-29,53.380001068115234,54.31999969482422,52.52000045776367,53.0099983215332,46631,0.00149984712829228,1.0,198.8500061035156,195.91000366210935,195.91000366210935,0,-5.292802155173573
2015-07-30,53.310001373291016,54.36000061035156,53.02999877929688,53.560001373291016,33368,-0.0013122073908839764,198.8000030517578,198.8500061035156,196.47999572753903,196.47999572753903,0,5.292299309573368
2015-07-31,52.209999084472656,53.63999938964844,51.63999938964844,53.5,30224,-0.020849926708163977,198.8000030517578,198.8500061035156,195.3300018310547,196.83999633789065,0,0.0
2015-08-03,49.52000045776367,51.970001220703125,49.369998931884766,51.959999084472656,40476,-0.05289739226662553,198.8000030517578,199.0,195.2700042724609,195.2700042724609,0,0.0
2015-08-04,49.9900016784668,50.45000076293945,49.65999984741211,49.72999954223633,25495,0.009446381381172986,198.9499969482422,198.8999938964844,196.22000122070312,196.72000122070312,0,0.0007542119602491459
2015-08-05,49.59000015258789,51.02999877929688,49.02999877929688,50.150001525878906,43403,-0.00803381542349798,198.9499969482422,199.0,196.42999267578125,198.00999450683597,0,0.0
2015-08-06,49.52000045776367,49.81999969482422,48.880001068115234,49.65999984741211,37183,-0.0014125659576749903,198.9499969482422,195.33999633789065,195.33999633789065,195.33999633789065,0,0.0
2015-08-07,48.61000061035156,50.04999923706055,48.43000030517578,49.63999938964844,36781,-0.018547354006901974,199.0,199.0,194.97000122070312,194.97000122070312,0,0.000251303190875446
2015-08-10,50.40999984741211,50.4900016784668,48.08000183105469,48.220001220703125,25425,0.036360281454147936,199.0,195.97999572753903,195.63999938964844,195.83999633789065,0,0.0
2015-08-11,49.18000030517578,51.09999847412109,48.619998931884766,50.22999954223633,29670,-0.02470252207427385,198.8500061035156,198.6999969482422,194.47999572753903,194.47999572753903,0,-0.0007540223767243941
2015-08-12,49.65999984741211,50.02000045776367,48.7599983215332,49.20000076293945,21347,0.00971273401404006,198.6999969482422,199.1499938964844,195.25999450683597,195.25999450683597,0,-0.0007546681486170439
2015-08-13,49.220001220703125,50.34999847412109,48.86000061035156,49.84999847412109,18543,-0.00889970724350173,199.1499938964844,198.8999938964844,195.16000366210935,195.16000366210935,0,0.0022621447806705675
2015-08-14,49.02999877929688,49.619998931884766,48.72999954223633,49.04999923706055,392,-0.00386773899779077,198.8999938964844,198.8500061035156,195.55999755859372,195.55999755859372,0,-0.0012561238062483223
2015-08-17,49.02999877929688,49.02999877929688,49.02999877929688,49.02999877929688,17487,0.0,198.8000030517578,197.7899932861328,195.8600006103516,197.7899932861328,0,-0.0005028456002051235
2015-08-18,48.810001373291016,49.02999877929688,48.2400016784668,48.5099983215332,16384,-0.00449709273157658,195.8600006103516,196.32000732421875,195.9900054931641,195.9900054931641,0,-0.014899188164454888
2015-08-19,47.15999984741211,49.09999847412109,46.790000915527344,48.709999084472656,25829,-0.0343891656008657,196.32000732421875,196.9199981689453,195.8000030517578,196.9199981689453,0,0.0023458968612402975
2015-08-20,46.619998931884766,47.369998931884766,46.040000915527344,47.04999923706055,21904,-0.011516461737117758,194.3999938964844,196.47999572753903,196.47999572753903,196.47999572753903,0,-0.009828157640500301
2015-08-21,45.459999084472656,46.5,45.08000183105469,46.119998931884766,29553,-0.02519681241130407,196.47999572753903,196.44000244140625,195.3500061035156,195.3500061035156,0,0.010642762584107247
2015-08-24,42.68999862670898,45.45000076293945,42.220001220703125,45.34999847412109,38819,-0.06286812968425792,196.44000244140625,195.8000030517578,194.05999755859372,194.88999938964844,0,-0.00020356961446230955
2015-08-25,43.209999084472656,44.4900016784668,42.66999816894531,42.790000915527344,37063,0.012107260155029305,195.8000030517578,196.4499969482422,194.44000244140625,194.44000244140625,0,-0.0032633079167909934
2015-08-26,43.13999938964844,43.7599983215332,42.81999969482422,43.43999862670898,37502,-0.0016213019431320105,196.4499969482422,196.38999938964844,195.6000061035156,195.6000061035156,0,0.003314184787434767
2015-08-27,47.560001373291016,47.72999954223633,43.709999084472656,43.709999084472656,41974,0.09754147388464537,196.38999938964844,197.83999633789065,196.6100006103516,197.83999633789065,0,-0.00030545545066461267
2015-08-28,50.04999923706055,50.97999954223633,46.619998931884766,47.4900016784668,46963,0.0510303898201871,196.6100006103516,197.33999633789065,196.3999938964844,197.33999633789065,0,0.0011195992044994605
2015-08-31,54.150001525878906,54.290000915527344,48.2400016784668,49.86000061035156,42864,0.07873551110805767,196.3999938964844,197.57000732421875,196.41000366210935,197.57000732421875,0,-0.0010687093803749353
2015-09-01,49.560001373291016,53.459999084472656,48.47999954223633,52.77999877929688,47532,-0.08857391715513507,196.41000366210935,196.5,196.1300048828125,196.1300048828125,0,5.0964922936364183e-05
2015-09-02,50.5,51.0099983215332,47.72999954223633,48.5,49127,0.018789251810707563,196.5,196.4900054931641,196.4900054931641,196.4900054931641,0,0.0004581015429777335
2015-09-03,50.68000030517578,52.45000076293945,49.83000183105469,50.400001525878906,38231,0.0035580251932456402,196.4900054931641,197.19000244140625,196.6699981689453,197.19000244140625,0,-5.086392375558648e-05
2015-09-04,49.61000061035156,51.040000915527344,49.2599983215332,50.88999938964844,23953,-0.021338922858607782,198.33999633789065,196.3300018310547,196.3300018310547,196.3300018310547,0,0.00937114390862236
2015-09-08,49.52000045776367,49.84999847412109,47.619998931884766,49.220001220703125,34271,-0.0018158009955954646,199.0,196.44000244140625,195.3000030517578,195.3000030517578,0,0.013507898487421632
2015-09-09,47.58000183105469,50.02999877929688,47.43999862670898,49.380001068115234,22039,-0.03996409426184069,199.0,198.75,195.52999877929688,195.67999267578125,0,0.0
2015-09-10,48.88999938964844,48.970001220703125,46.81999969482422,47.52000045776367,23873,0.027160320747858197,198.6999969482422,198.75,194.2700042724609,194.2700042724609,0,-0.0015086905253414288
2015-09-11,48.13999938964844,48.959999084472656,47.18000030517578,48.65999984741211,14408,-0.015459444430126316,198.6999969482422,196.33999633789065,195.02999877929688,195.02999877929688,0,0.0
2015-09-14,46.369998931884766,48.31999969482422,46.290000915527344,48.150001525878906,13286,-0.037460744307496456,198.9499969482422,198.9499969482422,194.58999633789065,194.9900054931641,0,0.001257387334466098
2015-09-15,46.630001068115234,46.880001068115234,46.15999984741211,46.25,313,0.0055914583576592534,198.9499969482422,199.0,196.5399932861328,196.5399932861328,0,0.0
2015-09-16,46.61000061035156,46.61000061035156,46.61000061035156,46.61000061035156,29740,-0.0004290102468980667,199.0,199.0,196.72000122070312,197.1499938964844,0,0.000251303190875446
2015-09-17,49.08000183105469,50.13999938964844,48.33000183105469,49.93999862670898,25780,0.05163653367075032,198.8999938964844,196.57000732421875,195.33999633789065,195.33999633789065,0,-0.0005026695509193248
2015-09-18,47.470001220703125,49.79999923706055,47.16999816894531,49.209999084472656,20464,-0.03335369887178202,198.8500061035156,198.8000030517578,194.83999633789065,194.83999633789065,0,-0.0002513528258050416
2015-09-21,48.91999816894531,48.97999954223633,47.54999923706055,47.59000015258789,18265,0.030088315110917706,198.8999938964844,199.0,196.4199981689453,198.63999938964844,0,0.00025135282580497235
2015-09-22,49.08000183105469,49.209999084472656,47.70000076293945,48.52000045776367,17143,0.0032653837608642385,198.9499969482422,199.0,196.19000244140625,198.0,0,0.00025136636004381425
2015-09-23,47.75,50.2599983215332,47.66999816894531,49.04999923706055,22344,-0.027472590223523444,199.0,198.9499969482422,196.27999877929688,196.27999877929688,0,0.000251303190875446
2015-09-24,48.16999816894531,48.470001220703125,47.400001525878906,47.959999084472656,21355,0.008757315703043762,198.9499969482422,198.8999938964844,195.82000732421875,195.82000732421875,0,-0.0002513031908753728
2015-09-25,48.59999847412109,49.18000030517578,47.84999847412109,48.130001068115234,18510,0.008887116879979137,198.9499969482422,198.8999938964844,196.42999267578125,197.27999877929688,0,0.0
2015-09-28,47.34000015258789,48.38999938964844,47.2599983215332,48.34000015258789,17889,-0.026267892200690396,198.9499969482422,198.8999938964844,195.8600006103516,195.8600006103516,0,0.0
2015-09-29,48.22999954223633,48.63999938964844,47.209999084472656,47.209999084472656,15186,0.01862561728054454,198.8999938964844,198.8999938964844,194.6999969482422,194.6999969482422,0,-0.00025136636004391427
2015-09-30,48.369998931884766,49.0,47.810001373291016,47.93000030517578,23384,0.0028985401630913844,198.9499969482422,198.8999938964844,195.25,195.25,0,0.00025136636004381425
2015-10-01,47.68999862670898,49.84000015258789,47.63999938964844,48.380001068115234,23765,-0.014158061238780327,198.9499969482422,196.32000732421875,196.1199951171875,196.1199951171875,0,0.0
2015-10-02,48.130001068115234,48.4900016784668,46.93999862670898,48.060001373291016,21721,0.009184001993386983,199.0,199.0,195.6100006103516,195.6100006103516,0,0.000251303190875446
2015-10-05,49.25,49.86000061035156,47.88999938964844,48.25,19936,0.02300366211078365,198.8999938964844,198.9499969482422,195.3000030517578,195.3000030517578,0,-0.0005026695509193248
2015-10-06,51.91999816894531,52.2599983215332,48.86000061035156,49.27000045776367,27925,0.05279466951088911,198.9499969482422,198.8999938964844,196.57000732421875,197.27999877929688,0,0.00025136636004381425
2015-10-07,51.33000183105469,53.13999938964844,51.220001220703125,51.4900016784668,28754,-0.011428624884563095,195.67999267578125,198.8999938964844,196.4900054931641,196.4900054931641,0,-0.01657288702432801
2015-10-08,53.04999923706055,53.560001373291016,51.290000915527344,51.810001373291016,28101,0.03295943843405134,198.8999938964844,198.9499969482422,196.4199981689453,196.7899932861328,0,0.016321520664284137
2015-10-09,52.650001525878906,54.04999923706055,52.22999954223633,53.27000045776367,32991,-0.007568583116935752,198.9499969482422,198.9499969482422,196.3999938964844,196.5500030517578,0,0.00025136636004381425
2015-10-12,49.86000061035156,53.29999923706055,49.77999877929688,52.61000061035156,30617,-0.05444717722482106,196.3000030517578,196.33999633789065,196.33999633789065,196.33999633789065,0,-0.01340940470480436
2015-10-13,49.2400016784668,50.68999862670898,48.900001525878906,50.29999923706055,18780,-0.012512754933001033,196.33999633789065,198.9499969482422,196.6300048828125,196.6300048828125,0,0.00020371478368637433
2015-10-14,49.150001525878906,49.5,48.72999954223633,49.16999816894531,8412,-0.0018294577651934367,198.8999938964844,198.9499969482422,196.2100067138672,196.50999450683597,0,0.012954323561074106
2015-10-15,48.709999084472656,49.36000061035156,48.25,49.290000915527344,342,-0.008992548615543045,198.9499969482422,198.8999938964844,195.08999633789065,195.08999633789065,0,0.00025136636004381425
2015-10-16,48.72999954223633,48.72999954223633,48.72999954223633,48.72999954223633,21575,0.00041051843855563887,198.8999938964844,198.9499969482422,196.1300048828125,197.82000732421875,0,-0.00025136636004391427
2015-10-19,48.61000061035156,50.63999938964844,48.58000183105469,50.560001373291016,18932,-0.00246556384808226,198.8999938964844,199.0,195.88999938964844,195.88999938964844,0,0.0
2015-10-20,48.709999084472656,49.18999862670898,48.220001220703125,48.9900016784668,25631,0.002055045409526479,198.8999938964844,198.8500061035156,196.3500061035156,196.50999450683597,0,0.0
2015-10-21,47.84999847412109,48.65999984741211,47.52999877929688,48.4900016784668,20633,-0.017813243012814884,198.8500061035156,198.8800048828125,196.3999938964844,196.7700042724609,0,-0.0002513528258050416
2015-10-22,48.08000183105469,48.72999954223633,47.63999938964844,48.02000045776367,18472,0.004795242300285324,198.8000030517578,199.0,196.13999938964844,196.13999938964844,0,-0.0002514927744000748
2015-10-23,47.9900016784668,48.63999938964844,47.43999862670898,48.2599983215332,22871,-0.0018736374649532478,198.9499969482422,198.9499969482422,196.6199951171875,196.6199951171875,0,0.0007542119602491459
2015-10-26,47.540000915527344,48.310001373291016,47.29999923706055,47.90999984741211,15230,-0.009421209655408096,198.9499969482422,198.9499969482422,195.97999572753903,197.5500030517578,0,0.0
2015-10-27,46.810001373291016,47.540000915527344,46.40999984741211,47.52000045776367,19347,-0.015474596540555082,198.9499969482422,199.0,196.42999267578125,196.42999267578125,0,0.0
2015-10-28,49.04999923706055,49.22999954223633,46.61000061035156,46.88999938964844,32294,0.046743285807515564,199.0,199.0,196.6199951171875,196.9199981689453,0,0.000251303190875446
2015-10-29,48.79999923706055,49.400001525878906,48.16999816894531,49.130001068115234,23743,-0.005109873231954646,198.8999938964844,199.2700042724609,196.66000366210935,199.2400054931641,0,-0.0005026695509193248
2015-10-30,49.560001373291016,50.0,48.29999923706055,48.540000915527344,22329,0.015453787245510484,198.8999938964844,196.6100006103516,196.6100006103516,196.6100006103516,0,0.0
2015-11-02,48.790000915527344,49.68000030517578,48.59999847412109,49.459999084472656,19352,-0.015658691878209566,198.9499969482422,196.47999572753903,196.2100067138672,196.47999572753903,0,0.00025136636004381425
2015-11-03,50.540000915527344,50.91999816894531,48.47999954223633,48.88999938964844,31478,0.035239727482556715,197.5,198.9499969482422,196.2400054931641,196.25999450683597,0,-0.007314937192440471
2015-11-04,48.58000183105469,50.86000061035156,48.5,50.38999938964844,35211,-0.03955315880939489,198.8999938964844,198.88999938964844,196.3500061035156,196.8000030517578,0,0.007063570832396513
2015-11-05,47.97999954223633,49.0,47.93999862670898,48.93999862670898,26058,-0.012427713394728977,198.1999969482422,199.0,195.88999938964844,197.6699981689453,0,-0.0035255486750509326
2015-11-06,47.41999816894531,48.56999969482422,47.2599983215332,48.09000015258789,24275,-0.011740205847124435,199.0,198.8999938964844,196.5200042724609,196.5200042724609,0,0.0040282182259702036
2015-11-09,47.18999862670898,48.400001525878906,47.02000045776367,47.4900016784668,19896,-0.004862065386724218,198.9499969482422,198.8999938964844,196.3600006103516,198.02999877929688,0,-0.0002513031908753728
2015-11-10,47.43999862670898,47.84999847412109,46.95000076293945,47.38999938964844,24475,0.005283749104532424,196.9499969482422,196.83999633789065,196.2100067138672,196.83999633789065,0,-0.010103647611791399
2015-11-11,45.810001373291016,47.7400016784668,45.630001068115234,47.119998931884766,23241,-0.03496328786488896,198.9499969482422,196.13999938964844,196.0800018310547,196.0800018310547,0,0.010103647611791377
2015-11-12,44.060001373291016,46.18000030517578,44.02000045776367,45.86000061035156,13932,-0.03895006533377154,195.5800018310547,196.3699951171875,195.30999755859372,195.30999755859372,0,-0.017084009287310405
2015-11-13,43.61000061035156,44.84000015258789,43.59999847412109,44.040000915527344,687,-0.010265876692499294,194.67999267578125,196.13999938964844,194.8300018310547,194.8300018310547,0,-0.004612364902888324
2015-11-16,43.58000183105469,43.58000183105469,43.58000183105469,43.58000183105469,35040,-0.0006881243179405616,198.8500061035156,197.32000732421875,196.25999450683597,197.32000732421875,0,0.021193655004349735
2015-11-17,43.56999969482422,45.09999847412109,43.5,44.720001220703125,29198,-0.0002295384073266904,198.9499969482422,197.13999938964844,196.0,197.13999938964844,0,0.0005027191858490014
2015-11-18,44.13999938964844,44.72999954223633,43.34999847412109,43.970001220703125,28751,0.012997553875874068,196.30999755859372,198.8999938964844,196.1000061035156,196.4499969482422,0,-0.013358491550159632
2015-11-19,44.18000030517578,44.7599983215332,43.70000076293945,44.27999877929688,23334,0.0009058178985652169,198.8999938964844,196.41000366210935,195.8500061035156,195.8500061035156,0,0.013107125190115683
2015-11-20,44.65999984741211,45.5,44.060001373291016,44.29999923706055,29144,0.010806038095828968,196.41000366210935,196.3500061035156,196.3000030517578,196.3500061035156,0,-0.012597825407234964
2015-11-23,44.83000183105469,45.720001220703125,43.58000183105469,44.34999847412109,38534,0.003799356016397482,196.8500061035156,197.0500030517578,196.3800048828125,197.0500030517578,0,0.002237718629329286
2015-11-24,46.119998931884766,46.5,44.93999862670898,45.15999984741211,32819,0.028369073229625105,196.22000122070312,196.3699951171875,196.25,196.25,0,-0.003205563439328198
2015-11-25,46.16999816894531,46.47999954223633,45.02000045776367,45.9900016784668,29899,0.0010835246185482831,196.3800048828125,196.3000030517578,196.1999969482422,196.3000030517578,0,0.0008150976489074645
2015-11-27,44.86000061035156,46.290000915527344,44.79999923706055,46.27000045776367,23430,-0.028783654162166765,196.30999755859372,198.8999938964844,195.63999938964844,196.38999938964844,0,0.0028056389097486658
2015-11-30,44.61000061035156,45.7400016784668,44.45000076293945,44.84999847412109,29255,-0.005588479875640823,195.42999267578125,196.33999633789065,195.57000732421875,195.6699981689453,0,-0.004492808418926195
2015-12-01,44.43999862670898,45.16999816894531,44.02000045776367,44.61000061035156,35190,-0.0038181289528276896,198.9499969482422,198.8999938964844,196.4199981689453,196.50999450683597,0,0.017851299969085934
2015-12-02,42.4900016784668,44.619998931884766,42.43999862670898,44.34000015258789,43813,-0.04487114023994002,195.88999938964844,196.3999938964844,195.92999267578125,195.92999267578125,0,-0.015500247454095267
2015-12-03,43.84000015258789,44.68999862670898,42.630001068115234,42.77000045776367,40848,0.031277852490972806,196.22000122070312,198.8000030517578,196.0800018310547,196.25999450683597,0,0.0016832108768172526
2015-12-04,43.0,44.81999969482422,42.68000030517578,44.119998931884766,43809,-0.01934653042676089,189.22000122070312,198.8999938964844,189.2100067138672,189.2100067138672,0,-0.03632611922880361
2015-12-07,40.72999954223633,43.220001220703125,40.59999847412109,43.220001220703125,39060,-0.05423520527222165,195.8500061035156,196.07000732421875,195.75999450683597,196.07000732421875,0,0.03443872554854018
2015-12-08,40.2599983215332,41.45000076293945,39.81999969482422,40.88999938964844,43430,-0.011606531900376653,195.25,199.0,195.2700042724609,195.2700042724609,0,-0.0030683025562803054
2015-12-09,40.11000061035156,41.56999969482422,39.59000015258789,40.540000915527344,54288,-0.0037326835220602163,195.82000732421875,196.19000244140625,196.05999755859372,196.05999755859372,0,0.002915118608941855
2015-12-10,39.72999954223633,40.66999816894531,39.45000076293945,40.43000030517578,36499,-0.009519136694260676,194.42999267578125,198.8000030517578,194.50999450683597,194.50999450683597,0,-0.007123743891212574
2015-12-11,37.93000030517578,39.7400016784668,37.36000061035156,39.619998931884766,31092,-0.04636419455807285,198.8500061035156,198.3999938964844,196.66000366210935,196.8300018310547,0,0.022478638910243515
2015-12-14,37.91999816894531,38.40999984741211,36.380001068115234,37.810001373291016,12552,-0.0002637346470575501,196.07000732421875,199.0,196.22999572753903,196.2899932861328,0,-0.014079026665316366
2015-12-15,38.45000076293945,39.400001525878906,37.56999969482422,37.84000015258789,8075,0.013880086694518581,195.8999938964844,198.8000030517578,195.9900054931641,195.9900054931641,0,-0.0008674818882388846
2015-12-16,37.18999862670898,38.20000076293945,37.11000061035156,38.150001525878906,1118,-0.03331884478340502,197.6300048828125,198.8000030517578,196.67999267578125,197.4900054931641,0,0.008792326564968414
2015-12-17,37.18000030517578,37.18000030517578,37.18000030517578,37.18000030517578,24297,-0.00026888050926536007,196.8000030517578,199.0,196.17999267578125,197.47000122070312,0,-0.004208620234128866
2015-12-18,36.880001068115234,37.720001220703125,36.40999984741211,36.84999847412109,30194,-0.008101562851058454,196.4600067138672,198.9499969482422,196.27999877929688,196.27999877929688,0,-0.0017291177041098464
2015-12-21,36.34999847412109,36.810001373291016,36.040000915527344,36.619998931884766,22041,-0.014475265648186617,198.8500061035156,199.0,195.72999572753903,195.72999572753903,0,0.012091919926825411
2015-12-22,36.11000061035156,36.720001220703125,35.9900016784668,36.31999969482422,22874,-0.006624309810186233,195.6100006103516,198.5500030517578,195.7400054931641,195.7400054931641,0,-0.016427918189252606
2015-12-23,37.36000061035156,37.88999938964844,36.29999923706055,36.41999816894531,28728,0.034030777505745326,196.3000030517578,198.25,195.82000732421875,196.3699951171875,0,0.003521232670297211
2015-12-24,37.88999938964844,38.09999847412109,36.93000030517578,37.72999954223633,12069,0.014086579224321235,196.17999267578125,196.38999938964844,196.0200042724609,196.0200042724609,0,-0.0006115490268203375
2015-12-28,36.619998931884766,37.970001220703125,36.41999816894531,37.81999969482422,11717,-0.03409269884316978,195.7700042724609,196.2700042724609,195.8699951171875,195.8699951171875,0,-0.0011741366181865446
2015-12-29,37.790000915527344,37.970001220703125,36.54999923706055,36.54999923706055,19524,0.03145003150928007,196.6199951171875,198.8500061035156,196.1199951171875,196.38999938964844,0,0.004332384492694414
2015-12-30,36.459999084472656,37.540000915527344,36.36000061035156,37.40999984741211,18092,-0.03582879744804916,196.9600067138672,198.75,196.19000244140625,196.8800048828125,0,0.0017277894185832668
2015-12-31,37.27999877929688,37.95000076293945,36.11000061035156,36.66999816894531,17689,0.02224121293315017,196.22000122070312,198.9499969482422,196.0500030517578,196.0500030517578,0,-0.0037642115672691344
2016-01-04,37.220001220703125,38.9900016784668,36.77999877929688,37.400001525878906,41288,-0.0016106730621359843,196.75,197.02999877929688,195.72000122070312,197.02999877929688,0,-0.0002541128275397845
2016-01-05,36.41999816894531,37.56999969482422,36.25,37.31999969482422,29327,-0.02172825998768685,197.33999633789065,198.9499969482422,195.97999572753903,197.3000030517578,0,0.0029942235741481148
2016-01-06,34.22999954223633,36.720001220703125,34.13999938964844,36.720001220703125,43019,-0.062015584854462576,196.2700042724609,196.32000732421875,196.08999633789065,196.32000732421875,0,-0.0054368268053903495
2016-01-07,33.75,34.72999954223633,32.18000030517578,34.52000045776367,44381,-0.014122021850383183,198.8999938964844,199.0,195.6999969482422,195.6999969482422,0,0.013310871107302603
2016-01-08,33.54999923706055,34.72999954223633,32.790000915527344,33.79999923706055,39985,-0.005943576641219501,194.6999969482422,196.5500030517578,194.80999755859372,194.80999755859372,0,-0.021342258469573366
2016-01-11,31.549999237060547,33.380001068115234,31.200000762939453,33.15999984741211,38666,-0.06146327587201357,195.5500030517578,196.22999572753903,195.38999938964844,195.38999938964844,0,0.004356220103546439
2016-01-12,30.86000061035156,32.380001068115234,30.36000061035156,30.8799991607666,20138,-0.022112698092210826,196.4499969482422,196.69000244140625,196.4499969482422,196.69000244140625,0,0.0045918136623956975
2016-01-13,30.309999465942383,31.989999771118164,29.959999084472656,31.690000534057617,9674,-0.017983193263232066,196.4499969482422,196.8000030517578,196.2899932861328,196.8000030517578,0,0.0
2016-01-14,31.030000686645508,31.200000762939453,30.020000457763672,30.5,663,0.0234768271388663,195.22000122070312,195.8600006103516,194.9199981689453,194.9199981689453,0,-0.006280796470161258
2016-01-15,31.01000022888184,31.01000022888184,31.01000022888184,31.01000022888184,37163,-0.0006447600954672536,195.8600006103516,196.8800048828125,196.33999633789065,196.8800048828125,0,0.003272987409132663
2016-01-19,28.76000022888184,30.31999969482422,27.670000076293945,28.799999237060547,60326,-0.07532419968207654,196.5500030517578,199.0,195.5500030517578,196.6499938964844,0,0.0015275107319746755
2016-01-20,27.8799991607666,28.96999931335449,27.11000061035156,28.940000534057617,39000,-0.031075985020490957,194.92999267578125,198.8500061035156,194.6300048828125,194.6300048828125,0,-0.008276385210023654
2016-01-21,29.25,29.82999992370605,27.299999237060547,27.950000762939453,55017,0.04797001788717126,196.77999877929688,198.8999938964844,196.55999755859372,197.07000732421875,0,0.009445865049760306
2016-01-22,32.18000030517578,32.290000915527344,29.299999237060547,29.68000030517578,63281,0.0954655773697707,197.1100006103516,199.0,196.3600006103516,197.5800018310547,0,0.0016756044011113217
2016-01-25,30.5,32.79999923706055,30.0,32.18000030517578,41320,-0.05361846743427018,196.88999938964844,199.0,196.4600067138672,196.8999938964844,0,-0.0011167575815616538
2016-01-26,31.799999237060547,32.720001220703125,29.280000686645508,30.0,50983,0.041739582180958114,195.91000366210935,198.6999969482422,195.8999938964844,195.8999938964844,0,-0.004989805261023395
2016-01-27,33.099998474121094,33.5,30.84000015258789,31.030000686645508,51381,0.0400669704896314,195.52999877929688,199.0,195.72000122070312,195.72000122070312,0,-0.0019415746976197555
2016-01-28,33.88999938964844,35.83000183105469,32.58000183105469,32.90999984741211,59667,0.023586731325220774,196.0,196.3800048828125,196.05999755859372,196.05999755859372,0,0.002400845135381595
2016-01-29,34.7400016784668,35.0,33.61000061035156,34.16999816894531,678,0.024771841518887873,195.8699951171875,198.8999938964844,195.9900054931641,195.9900054931641,0,-0.0006635102927088698
2016-02-01,34.689998626708984,34.689998626708984,34.689998626708984,34.689998626708984,36878,-0.001440387733925069,198.22000122070312,199.0,196.47999572753903,198.07000732421875,0,0.011926382199078642
2016-02-02,32.720001220703125,34.31999969482422,32.2400016784668,34.2400016784668,37956,-0.05846487235204079,196.02999877929688,199.0,195.27999877929688,195.97999572753903,0,-0.011109828621678175
2016-02-03,35.040000915527344,35.47999954223633,32.310001373291016,32.560001373291016,51237,0.06850374315415558,195.30999755859372,199.0,195.08999633789065,195.08999633789065,0,-0.0036796751665692257
2016-02-04,34.459999084472656,35.81999969482422,34.15999984741211,35.25,37559,-0.01669108766429837,193.6999969482422,198.8999938964844,193.1300048828125,193.1300048828125,0,-0.00827747269076351
2016-02-05,34.060001373291016,35.130001068115234,33.810001373291016,34.439998626708984,34903,-0.011675488977654386,198.8999938964844,198.8999938964844,195.83999633789065,195.9900054931641,0,0.026491600515696975
2016-02-08,32.880001068115234,34.66999816894531,32.779998779296875,33.95000076293945,27425,-0.03525911288106596,198.8500061035156,198.8000030517578,195.32000732421875,196.69000244140625,0,-0.0002513528258050416
2016-02-09,30.31999969482422,33.54999923706055,30.280000686645508,33.08000183105469,28881,-0.08105705196422858,198.8000030517578,198.8500061035156,193.8300018310547,193.8300018310547,0,-0.0002514927744000748
2016-02-10,30.84000015258789,31.899999618530277,30.36000061035156,30.88999938964844,30705,0.017005002933848743,195.25999450683597,198.8500061035156,195.19000244140625,195.19000244140625,0,-0.017967333908404885
2016-02-11,30.059999465942383,31.350000381469727,29.940000534057617,30.88999938964844,35929,-0.02561718708441487,198.8500061035156,196.6100006103516,194.8000030517578,194.8000030517578,0,0.01821882668280493
2016-02-12,33.36000061035156,33.43000030517578,30.8700008392334,31.149999618530277,44770,0.10416222922801542,197.0,198.8500061035156,196.58999633789065,197.08999633789065,0,-0.009347073609779507
2016-02-16,32.18000030517578,35.529998779296875,31.940000534057617,32.72999954223633,48407,-0.036012444738819815,198.75,198.75,195.3000030517578,198.75,0,0.00899631445943163
2016-02-17,34.5,34.959999084472656,31.84000015258789,32.369998931884766,40298,0.069614172989678,198.8500061035156,195.80999755859372,195.77999877929688,195.80999755859372,0,0.0005030488133267231
2016-02-18,34.279998779296875,35.72999954223633,33.79999923706055,34.90999984741211,33585,-0.006397265917511819,196.17999267578125,196.3999938964844,195.97000122070312,195.97000122070312,0,-0.01351823454577563
2016-02-19,33.0099983215332,34.439998626708984,32.68000030517578,34.040000915527344,32381,-0.03775156310192394,196.1699981689453,198.8999938964844,1.0,196.0399932861328,0,-5.0946894718073274e-05
2016-02-22,34.689998626708984,34.970001220703125,32.81999969482422,33.119998931884766,28302,0.049640926376260684,195.8600006103516,196.5500030517578,196.1300048828125,196.2899932861328,0,-0.0015814994983612953
2016-02-23,33.27000045776367,35.11000061035156,32.93000030517578,34.540000915527344,41038,-0.04179531760470153,196.6499938964844,196.52999877929688,196.2899932861328,196.52999877929688,0,0.004025346431449622
2016-02-24,34.40999984741211,34.65999984741211,32.369998931884766,32.9900016784668,48659,0.033691111585546066,199.0,199.0,195.8999938964844,195.8999938964844,0,0.011879356884129591
2016-02-25,35.290000915527344,35.72999954223633,33.29999923706055,34.43000030517578,25470,0.025252448255162884,195.32000732421875,199.0,195.27999877929688,195.3699951171875,0,-0.018665548032473573
2016-02-26,35.099998474121094,36.9900016784668,34.849998474121094,35.09000015258789,16272,-0.005398576630660727,195.4600067138672,199.0,194.9199981689453,194.9199981689453,0,0.0007165125677299195
2016-02-29,35.970001220703125,36.209999084472656,34.88999938964844,35.13999938964844,2779,0.024484204644747088,198.1999969482422,199.0,195.2100067138672,198.3000030517578,0,0.013920817238773371
2016-03-01,35.959999084472656,35.959999084472656,35.959999084472656,35.959999084472656,28210,-0.00027810750041706275,195.3699951171875,199.0,195.47999572753903,195.47999572753903,0,-0.01438143488762051
2016-03-02,36.93000030517578,37.380001068115234,36.11000061035156,36.560001373291016,32186,0.02661705298428406,196.63999938964844,199.0,196.2899932861328,196.5399932861328,0,0.006479471102919762
2016-03-03,37.06999969482422,37.36000061035156,36.36000061035156,37.02999877929688,25866,0.0037837718021218004,199.0,199.0,195.9900054931641,195.9900054931641,0,0.011930182010671113
2016-03-04,38.720001220703125,38.97999954223633,36.83000183105469,36.959999084472656,32203,0.04354828500457784,194.97999572753903,199.0,195.0200042724609,195.0200042724609,0,-0.020407857435670824
2016-03-07,40.84000015258789,41.040000915527344,38.880001068115234,38.9900016784668,33230,0.053305703097901606,196.1000061035156,196.38999938964844,196.3000030517578,196.3000030517578,0,0.005727797037984353
2016-03-08,39.650001525878906,41.47999954223633,39.310001373291016,40.84000015258789,35047,-0.02957101046813978,196.38999938964844,196.6000061035156,195.27999877929688,195.27999877929688,0,0.001477710692471087
2016-03-09,41.06999969482422,41.2400016784668,39.41999816894531,39.52000045776367,29231,0.03518693397328046,196.63999938964844,196.83999633789065,196.32000732421875,196.83999633789065,0,0.0012721676945442785
2016-03-10,40.04999923706055,41.0,39.650001525878906,40.84000015258789,28194,-0.02514926607314811,196.32000732421875,196.1300048828125,195.88999938964844,196.1300048828125,0,-0.0016286244436679973
2016-03-11,40.38999938964844,41.0099983215332,40.02999877929688,40.25,22689,0.008453559999175282,195.88999938964844,195.1999969482422,192.1999969482422,192.1999969482422,0,-0.0021927441906315188
2016-03-14,39.52999877929688,40.54999923706055,38.81999969482422,40.2599983215332,31277,-0.021522368035698212,194.6100006103516,199.0,194.52999877929688,194.52999877929688,0,-0.006555715050167314
2016-03-15,38.7400016784668,39.77000045776367,38.31999969482422,39.7400016784668,24741,-0.02018714512286863,196.6300048828125,199.0,196.22999572753903,199.0,0,0.010326255974600778
2016-03-16,40.33000183105469,40.41999816894531,38.84999847412109,38.9900016784668,31153,0.04022295298177607,199.0,199.0,196.2899932861328,199.0,0,0.011981009720537134
2016-03-17,41.540000915527344,41.59000015258789,40.20000076293945,40.20000076293945,32670,0.029561186200544754,194.2100067138672,199.0,194.1699981689453,194.1699981689453,0,-0.024364742316991414
2016-03-18,41.20000076293945,42.540000915527344,40.84000015258789,41.380001068115234,36422,-0.008218565614194422,196.55999755859372,199.0,196.3600006103516,196.5800018310547,0,0.012027633384755888
2016-03-21,41.540000915527344,41.869998931884766,40.4900016784668,41.20000076293945,24893,0.008218565614194494,196.6300048828125,196.72000122070312,196.41000366210935,196.50999450683597,0,0.0003560992116985355
2016-03-22,41.790000915527344,42.119998931884766,40.97999954223633,41.5099983215332,31640,0.0060002578800102,18.0,199.0,196.5,196.8800048828125,0,-2.3909520571077905
2016-03-23,40.470001220703125,41.810001373291016,40.400001525878906,41.56999969482422,30553,-0.032096109316698145,199.0,197.16000366210935,196.5,196.69000244140625,0,2.4029330668283277
2016-03-24,40.43999862670898,40.63999938964844,39.220001220703125,40.33000183105469,24268,-0.0007416288573941609,199.0,199.0,196.00999450683597,196.5399932861328,0,0.0
2016-03-28,40.27000045776367,41.0,39.65999984741211,40.5,10405,-0.004212573962815687,199.0,199.0,195.9900054931641,196.1000061035156,0,0.0
2016-03-29,39.13999938964844,40.22999954223633,38.77000045776367,40.209999084472656,18903,-0.02846183985685618,199.0,199.0,195.2100067138672,195.38999938964844,0,0.0
2016-03-30,39.2599983215332,40.59000015258789,39.130001068115234,39.400001525878906,10641,0.0030611997218524863,199.0,199.0,196.2899932861328,196.2899932861328,0,0.0
2016-03-31,39.59999847412109,40.02000045776367,38.81999969482422,39.11000061035156,399,0.0086229336324172,195.97000122070312,199.0,196.55999755859372,196.55999755859372,0,-0.015343232204499055
2016-04-01,39.65999984741211,39.65999984741211,39.65999984741211,39.65999984741211,20407,0.0015140395161113412,199.0,199.0,196.42999267578125,196.42999267578125,0,0.015343232204498949
2016-04-04,37.68999862670898,38.90999984741211,37.5099983215332,38.66999816894531,24270,-0.05094834840168872,198.9499969482422,199.0,195.3500061035156,196.6499938964844,0,-0.0002513031908753728
2016-04-05,37.869998931884766,38.38999938964844,37.27999877929688,37.43999862670898,26655,0.004764442866356504,199.0,199.0,194.94000244140625,194.94000244140625,0,0.000251303190875446
2016-04-06,39.84000015258789,39.93000030517578,38.20000076293945,38.400001525878906,33370,0.05071222283749754,199.0,199.0,196.0399932861328,196.0399932861328,0,0.0
2016-04-07,39.43000030517578,40.27999877929688,38.709999084472656,39.93000030517578,34351,-0.010344480917194003,195.75,199.0,196.07000732421875,196.07000732421875,0,-0.016466489853579958
2016-04-08,41.93999862670898,42.0,39.619998931884766,39.72999954223633,32319,0.06171303710036976,196.4499969482422,199.0,196.6499938964844,196.6499938964844,0,0.003569595599029227
2016-04-11,42.83000183105469,43.060001373291016,41.43000030517578,42.06999969482422,26930,0.02099884164937342,199.0,199.0,195.4199981689453,195.97999572753903,0,0.012896894254550694
2016-04-12,44.68999862670898,44.79999923706055,42.43000030517578,42.59999847412109,39987,0.042510897837126776,199.0,199.0,196.5200042724609,196.5200042724609,0,0.0
2016-04-13,44.18000030517578,44.93000030517578,43.77000045776367,44.209999084472656,37539,-0.011477527316564755,199.0,198.9499969482422,196.2100067138672,196.8699951171875,0,0.0
2016-04-14,43.84000015258789,44.59999847412109,43.29999923706055,44.0099983215332,25907,-0.00772555877920288,198.8999938964844,199.0,195.9499969482422,199.0,0,-0.0005026695509193248
2016-04-15,43.09999847412109,44.060001373291016,42.290000915527344,43.81999969482422,30288,-0.017023684413844876,199.0,199.0,196.1499938964844,196.1699981689453,0,0.0005026695509193821
2016-04-18,42.90999984741211,43.40999984741211,40.06999969482422,41.75,39238,-0.004418066259043454,199.0,199.0,195.9199981689453,195.9900054931641,0,0.0
2016-04-19,44.02999877929688,44.5099983215332,42.59999847412109,43.119998931884766,43258,0.025766296595877515,199.0,199.0,196.3300018310547,196.3300018310547,0,0.0
2016-04-20,45.79999923706055,45.88999938964844,42.83000183105469,43.93999862670898,32343,0.03941288241876018,199.0,199.0,196.1199951171875,196.1199951171875,0,0.0
2016-04-21,44.52999877929688,46.16999816894531,44.459999084472656,45.40999984741211,35228,-0.028120982541511897,199.0,199.0,196.6100006103516,197.5500030517578,0,0.0
2016-04-22,45.11000061035156,45.88999938964844,44.29999923706055,44.65999984741211,35201,0.01294087303003788,196.9499969482422,199.0,196.4199981689453,196.4199981689453,0,-0.010354950802666857
2016-04-25,44.47999954223633,45.59000015258789,44.27000045776367,45.130001068115234,31478,-0.014064325299721092,199.0,199.0,196.32000732421875,197.19000244140625,0,0.010354950802666804
2016-04-26,45.7400016784668,46.47999954223633,44.380001068115234,44.77000045776367,28109,0.027933585639576784,199.0,199.0,195.3800048828125,196.17999267578125,0,0.0
2016-04-27,47.18000030517578,47.43999862670898,45.63999938964844,46.2599983215332,17458,0.030996855157404232,199.0,199.0,195.1499938964844,195.1499938964844,0,0.0
2016-04-28,48.13999938964844,48.18000030517578,46.75,47.0099983215332,10505,0.020143339228389293,196.0800018310547,199.0,196.4199981689453,196.4199981689453,0,-0.014782076166331102
2016-04-29,48.130001068115234,48.4900016784668,47.47999954223633,47.77000045776367,520,-0.00020771416893345895,199.0,199.0,196.22000122070312,196.22000122070312,0,0.014782076166331126
2016-05-02,48.09999847412109,48.09999847412109,48.09999847412109,48.09999847412109,0,-0.0006235601186536421,195.72000122070312,196.4600067138672,195.4600067138672,195.4600067138672,0,-0.016619752066582442
2016-05-03,46.75,46.75,46.75,46.75,23630,-0.028467889653964604,196.4600067138672,196.5,195.6300048828125,195.6300048828125,0,0.0037738097630327073
2016-05-04,44.619998931884766,46.0,44.20000076293945,45.22999954223633,28903,-0.046632090668347406,197.8699951171875,199.0,196.4199981689453,196.4199981689453,0,0.007151342306534565
2016-05-05,45.0099983215332,46.77000045776367,44.65999984741211,45.0,24432,0.008702484947516667,199.0,199.0,196.5,196.5399932861328,0,0.005694599997015327
2016-05-06,45.369998931884766,46.11000061035156,44.18000030517578,45.16999816894531,24512,0.007966420119683036,199.0,199.0,197.0500030517578,197.0500030517578,0,0.0
2016-05-09,43.630001068115234,46.459999084472656,43.4900016784668,45.869998931884766,36293,-0.03910605851681951,199.0,199.0,196.47000122070312,197.3000030517578,0,0.0
2016-05-10,45.52000045776367,45.68999862670898,43.34000015258789,43.560001373291016,32801,0.04240678825766628,199.0,199.0,196.5200042724609,196.5399932861328,0,0.0
2016-05-11,47.59999847412109,47.75,44.83000183105469,45.52999877929688,40873,0.04468092930669903,199.0,199.0,196.2700042724609,196.2700042724609,0,0.0
2016-05-12,48.08000183105469,48.18000030517578,46.79999923706055,47.27999877929688,36256,0.01003359912935739,199.0,199.0,195.8000030517578,195.8000030517578,0,0.0
2016-05-13,47.83000183105469,48.09999847412109,47.2599983215332,47.81999969482422,24243,-0.0052132323356900954,199.0,199.0,196.44000244140625,196.7100067138672,0,0.0
2016-05-16,48.970001220703125,49.470001220703125,47.79999923706055,47.79999923706055,34770,0.023554794667034595,199.0,197.00999450683597,196.3800048828125,197.00999450683597,0,0.0
2016-05-17,49.27999877929688,49.630001068115234,48.56999969482422,49.11000061035156,32460,0.00631040381270661,196.52999877929688,196.41000366210935,196.41000366210935,196.41000366210935,0,-0.012489739523879148
2016-05-18,48.93000030517578,49.84000015258789,48.459999084472656,49.43000030517578,33480,-0.00712758291648336,199.0,199.0,196.5399932861328,196.5399932861328,0,0.012489739523879089
2016-05-19,48.810001373291016,48.869998931884766,47.38999938964844,48.560001373291016,33279,-0.0024554735035197416,199.0,199.0,196.3500061035156,197.4600067138672,0,0.0
2016-05-20,48.720001220703125,49.34000015258789,48.040000915527344,48.70000076293945,26839,-0.0018455895773754536,199.0,199.0,196.3999938964844,196.3999938964844,0,0.0
2016-05-23,48.34999847412109,48.810001373291016,47.59999847412109,48.7599983215332,25366,-0.007623458116847469,199.0,199.0,196.41000366210935,196.41000366210935,0,0.0
2016-05-24,48.61000061035156,49.25,47.81999969482422,48.36000061035156,27698,0.005363093273177803,199.0,199.0,196.3300018310547,196.3999938964844,0,0.0
2016-05-25,49.7400016784668,49.93000030517578,48.900001525878906,49.150001525878906,26667,0.022980188506612376,199.0,199.0,195.3600006103516,197.1300048828125,0,0.0
2016-05-26,49.59000015258789,50.5,49.2400016784668,49.79999923706055,24441,-0.0030202685420353567,199.0,199.0,195.1199951171875,195.1199951171875,0,0.0
2016-05-27,49.31999969482422,49.540000915527344,48.68999862670898,49.459999084472656,13383,-0.005459531469555972,199.0,199.0,196.0200042724609,196.0200042724609,0,0.0
2016-05-31,49.68999862670898,50.04999923706055,48.93000030517578,49.54999923706055,3997,0.007474005868582184,196.3600006103516,199.0,195.2700042724609,196.17999267578125,0,-0.013355112426311098
2016-06-01,49.709999084472656,49.709999084472656,49.68999862670898,49.68999862670898,25507,0.000402423712155456,199.0,199.0,195.66000366210935,195.66000366210935,0,0.013355112426311063
2016-06-02,50.040000915527344,50.29999923706055,48.84999847412109,49.7400016784668,28156,0.006616602205406817,199.0,199.0,196.0,196.0,0,0.0
2016-06-03,49.63999938964844,50.33000183105469,49.290000915527344,49.95000076293945,22460,-0.008025755853773289,199.0,199.0,195.3300018310547,197.42999267578125,0,0.0
2016-06-06,50.54999923706055,50.81999969482422,49.720001220703125,49.81999969482422,22446,0.018165982332864667,199.0,199.0,191.7400054931641,191.7400054931641,0,0.0
2016-06-07,51.43999862670898,51.540000915527344,50.310001373291016,50.45000076293945,21088,0.017453122858703488,199.0,199.0,196.1000061035156,196.1000061035156,0,0.0
2016-06-08,52.5099983215332,52.79999923706055,51.31999969482422,51.400001525878906,22382,0.02058754245264455,198.8999938964844,198.9499969482422,196.33999633789065,196.6499938964844,0,-0.0005026695509193248
2016-06-09,51.95000076293945,52.84999847412109,51.52999877929688,52.65999984741211,19759,-0.010721863453789757,198.8000030517578,198.8999938964844,195.8800048828125,195.8800048828125,0,-0.0005028456002051235
2016-06-10,50.540000915527344,52.08000183105469,50.34000015258789,51.91999816894531,19899,-0.02751661215631615,198.8500061035156,198.8999938964844,195.2700042724609,196.97999572753903,0,0.0002514927744001772
2016-06-13,50.34999847412109,50.77999877929688,49.61000061035156,50.36000061035156,18914,-0.0037665312158232265,198.8000030517578,198.8000030517578,195.25999450683597,196.2700042724609,0,-0.0002514927744000748
2016-06-14,49.83000183105469,50.04999923706055,49.18999862670898,50.0099983215332,20904,-0.010381339819787911,198.8000030517578,198.8500061035156,19.799999237060547,195.0800018310547,0,0.0
2016-06-15,48.970001220703125,49.79999923706055,48.38999938964844,49.310001373291016,33399,-0.0174093583975466,198.8999938964844,198.8500061035156,195.2899932861328,196.5,0,0.0005028456002051254
2016-06-16,47.18999862670898,48.77000045776367,46.959999084472656,48.58000183105469,26672,-0.037025914004814704,194.6999969482422,198.8999938964844,194.6699981689453,194.6699981689453,0,-0.021342258469573366
2016-06-17,49.16999816894531,49.38999938964844,46.93999862670898,47.02000045776367,22172,0.041101667547600404,198.8000030517578,199.0,195.8300018310547,195.8300018310547,0,0.020839412869368194
2016-06-20,50.650001525878906,50.68000030517578,49.2599983215332,49.47999954223633,21739,0.029655616636050996,195.05999755859372,257.8800048828125,199.0,257.8800048828125,0,-0.01899211854568018
2016-06-21,50.619998931884766,51.09999847412109,49.47999954223633,50.459999084472656,29249,-0.000592526804311578,199.0,279.0899963378906,199.0,257.9700012207031,0,0.019997633696804646
2016-06-22,49.880001068115234,51.22999954223633,49.18999862670898,50.970001220703125,34368,-0.014726591790788158,280.67999267578125,280.8299865722656,199.0,280.79998779296875,0,0.34391037956504356
2016-06-23,50.90999984741211,51.0,49.88999938964844,49.93000030517578,31356,0.02043922269150297,279.4800109863281,283.0,280.0899963378906,280.0899963378906,0,-0.004284431295396622
2016-06-24,48.40999984741211,51.22999954223633,47.540000915527344,51.209999084472656,52110,-0.0503529641174242,281.2799987792969,283.0,278.0400085449219,282.69000244140625,0,0.006419837162857799
2016-06-27,47.15999984741211,48.90999984741211,46.68999862670898,48.40999984741211,34439,-0.026160328365977977,276.8500061035156,280.2200012207031,278.9599914550781,278.9599914550781,0,-0.01587474484173052
2016-06-28,48.58000183105469,48.7599983215332,47.470001220703125,47.54999923706055,22475,0.029665888831925145,28.0,282.0,279.7300109863281,280.010009765625,0,-2.2912713551400627
2016-06-29,50.61000061035156,50.720001220703125,48.63999938964844,48.91999816894531,13050,0.04093723602032796,281.0,280.1700134277344,279.6499938964844,280.1700134277344,0,2.306150159158542
2016-06-30,49.68000030517578,50.29999923706055,49.5,50.0099983215332,1313,-0.018546753517833945,278.6400146484375,282.0,278.7200012207031,278.7200012207031,0,-0.008433990704807342
2016-07-01,49.84000015258789,49.84000015258789,49.84000015258789,49.84000015258789,21731,0.0032154337726993487,280.57000732421875,282.0,279.5799865722656,280.5199890136719,0,0.006902595672284347
2016-07-05,47.959999084472656,50.72999954223633,47.560001373291016,50.70000076293945,37154,-0.03845056647083333,279.3299865722656,281.5,279.32000732421875,279.6099853515625,0,-0.0011449689447194664
2016-07-06,48.79999923706055,49.29999923706055,47.16999816894531,48.11000061035156,33332,0.017362986155177063,281.3800048828125,282.0,279.32000732421875,281.489990234375,0,0.007312255804831959
2016-07-07,46.400001525878906,49.59999847412109,46.150001525878906,49.150001525878906,37267,-0.050430805107565854,278.6300048828125,281.0,278.7699890136719,278.7699890136719,0,-0.009821331965842681
2016-07-08,46.7599983215332,47.22999954223633,46.150001525878906,46.59999847412109,24682,0.00772860859098169,279.75,281.5,278.94000244140625,279.6000061035156,0,0.004011592855720073
2016-07-11,46.25,47.11000061035156,45.90999984741211,46.52999877929688,20339,-0.010966636750077889,279.3900146484375,282.5,279.5400085449219,279.5400085449219,0,-0.0012876395602889855
2016-07-12,48.470001220703125,48.560001373291016,46.119998931884766,46.20000076293945,32157,0.04688361108356493,2.799999952316284,282.0,279.8599853515625,279.8599853515625,0,-4.602989307480486
2016-07-13,46.2599983215332,48.20000076293945,46.09000015258789,48.040000915527344,29323,-0.04666745452203558,281.5899963378906,282.0,280.1400146484375,281.7099914550781,0,4.610832699133336
2016-07-14,47.369998931884766,47.470001220703125,46.34999847412109,46.59999847412109,27528,0.02371147386734878,279.79998779296875,282.0,279.75,279.75,0,-0.006377080680918874
2016-07-15,47.61000061035156,48.08000183105469,46.65999984741211,47.15999984741211,24450,0.005053741638933517,280.4700012207031,281.67999267578125,279.0,280.6300048828125,0,0.00239175312000536
2016-07-18,46.959999084472656,47.869998931884766,46.5,47.77000045776367,22151,-0.01374668000230253,284.260009765625,283.6000061035156,279.92999267578125,283.6000061035156,0,0.013422574941734962
2016-07-19,46.65999984741211,47.47999954223633,46.54999923706055,47.02999877929688,20962,-0.0064088927008672135,279.3500061035156,280.1499938964844,279.5799865722656,279.5799865722656,0,-0.017423848911268816
2016-07-20,47.16999816894531,47.5,45.900001525878906,46.720001220703125,30188,0.010870795154889172,281.07000732421875,292.0,281.2300109863281,281.2300109863281,0,0.006138276935401663
2016-07-21,46.20000076293945,47.54999923706055,46.040000915527344,47.15999984741211,22328,-0.020778243876431495,291.7200012207031,295.4200134277344,291.6300048828125,291.6300048828125,0,0.03719066761098475
2016-07-22,45.68999862670898,46.4900016784668,45.18000030517578,46.08000183105469,25423,-0.011100389083063048,295.2900085449219,296.94000244140625,294.0,295.1499938964844,0,0.012163510946084134
2016-07-25,44.720001220703125,45.86000061035156,44.560001373291016,45.7400016784668,19167,-0.02145856937504605,295.0,303.1199951171875,295.0,298.25,0,-0.0009825969067993932
2016-07-26,44.869998931884766,44.97999954223633,44.150001525878906,44.790000915527344,26793,0.003348540039803795,302.8900146484375,308.1499938964844,299.0,303.0599975585937,0,0.026394395314521226
2016-07-27,43.470001220703125,44.90999984741211,43.310001373291016,44.54999923706055,27266,-0.03169832310102093,308.4700012207031,312.5400085449219,299.54998779296875,308.45001220703125,0,0.018254846187231978
2016-07-28,42.70000076293945,43.75,42.58000183105469,43.619998931884766,10527,-0.017872134980194434,310.79998779296875,316.4700012207031,310.0,310.3699951171875,0,0.007524981375756219
2016-07-29,42.459999084472656,42.79999923706055,41.81999969482422,42.540000915527344,428,-0.005636503389016985,316.7300109863281,322.0,312.760009765625,316.6499938964844,0,0.018900131398543598
2016-08-01,42.45000076293945,42.45000076293945,42.45000076293945,42.45000076293945,21767,-0.00023550398297923907,311.0299987792969,322.0,311.1700134277344,311.1700134277344,0,-0.018160343991100746
2016-08-02,41.79999923706055,43.16999816894531,41.5099983215332,42.27999877929688,23088,-0.015430609451446567,317.6099853515625,318.0,314.6600036621094,317.5,0,0.020934802277792822
2016-08-03,43.09999847412109,43.43999862670898,41.5,41.93999862670898,30000,0.030626640427907907,313.82000732421875,317.4800109863281,317.0,317.4800109863281,0,-0.01200457243272659
2016-08-04,44.290000915527344,44.33000183105469,42.5099983215332,43.369998931884766,25204,0.02723597689982579,318.9700012207031,322.0,313.42999267578125,319.0,0,0.016277461832470676
2016-08-05,44.27000045776367,44.4900016784668,43.5,44.18999862670898,24997,-0.00045168152198645634,322.0,322.0,313.3399963378906,313.3399963378906,0,0.009454487242099149
2016-08-08,45.38999938964844,45.709999084472656,44.2400016784668,44.38999938964844,19192,0.02498454593722756,318.2200012207031,322.0,316.989990234375,318.2699890136719,0,-0.011808574228662608
2016-08-09,44.97999954223633,45.7599983215332,44.75,45.15999984741211,18269,-0.009073866667424846,316.94000244140625,322.0,315.7300109863281,316.92999267578125,0,-0.004030482098028512
2016-08-10,44.04999923706055,45.66999816894531,43.81999969482422,45.0,24646,-0.020892601291783393,314.92999267578125,322.0,314.6199951171875,314.6199951171875,0,-0.0063621205659795
2016-08-11,46.040000915527344,46.310001373291016,43.459999084472656,43.84999847412109,29698,0.04418526867682127,319.32000732421875,321.0,317.4200134277344,319.1199951171875,0,0.013843389062784626
2016-08-12,46.970001220703125,47.25,45.7599983215332,46.16999816894531,23652,0.01999852228874061,317.8099975585937,321.0,316.0599975585937,317.7200012207031,0,-0.004740045457903858
2016-08-15,48.34999847412109,48.52999877929688,46.84000015258789,47.150001525878906,21340,0.02895706431237772,315.7699890136719,320.0,315.760009765625,315.760009765625,0,-0.006439646573185871
2016-08-16,49.22999954223633,49.34999847412109,47.90999984741211,48.209999084472656,27839,0.018036994131362664,319.1600036621094,320.0,312.07000732421875,319.25,0,0.010678490230859006
2016-08-17,49.84999847412109,49.9900016784668,48.54999923706055,48.97999954223633,39930,0.012515281326801174,331.0,331.0,312.5,312.6000061035156,0,0.03642581946277119
2016-08-18,50.88999938964844,51.04999923706055,49.5099983215332,49.720001220703125,28379,0.020647962808754826,320.0,344.45001220703125,320.0,344.45001220703125,0,-0.03379737958329061
2016-08-19,50.880001068115234,51.220001220703125,50.33000183105469,50.880001068115234,25452,-0.0001964885824977419,343.6700134277344,347.45001220703125,340.0,347.45001220703125,0,0.0713609379006796
2016-08-22,49.15999984741211,50.7400016784668,49.09999847412109,50.7400016784668,27608,-0.03438965843076667,341.0,348.3500061035156,341.0,348.3500061035156,0,-0.0077994564109351615
2016-08-23,49.959999084472656,50.20000076293945,48.4900016784668,49.22999954223633,36665,0.016142385338239147,350.0,341.19000244140625,312.2200012207031,341.19000244140625,0,0.02605067719994255
2016-08-24,49.04999923706055,49.86000061035156,48.68000030517578,49.459999084472656,41304,-0.018382496475118904,313.1199951171875,333.1600036621094,313.20001220703125,313.20001220703125,0,-0.11134666642975478
2016-08-25,49.66999816894531,49.77999877929688,48.70000076293945,49.02999877929688,31721,0.012560921797808919,333.07000732421875,339.9200134277344,325.0,333.1400146484375,0,0.061766212035907216
2016-08-26,49.91999816894531,50.75,49.13999938964844,49.65999984741211,27534,0.005020595126530528,318.0,339.8800048828125,312.0,339.8800048828125,0,-0.04630131730943491
2016-08-29,49.2599983215332,49.619998931884766,48.97999954223633,49.619998931884766,6703,-0.013309328762624474,314.7799987792969,314.6499938964844,312.8299865722656,314.6499938964844,0,-0.01017740453467834
2016-08-30,48.369998931884766,49.7599983215332,48.2599983215332,49.29999923706055,10607,-0.01823259386605795,312.5599975585937,313.1199951171875,312.5799865722656,312.5799865722656,0,-0.00707753530968378
2016-08-31,47.040000915527344,48.400001525878906,46.970001220703125,48.02000045776367,668,-0.027881441699595298,313.6099853515625,307.6600036621094,307.6600036621094,307.6600036621094,0,0.0033536860780460425
2016-09-01,47.04999923706055,47.04999923706055,47.04999923706055,47.04999923706055,23846,0.00021252676277217817,307.1600036621094,312.1199951171875,307.1400146484375,307.1400146484375,0,-0.020781332629036663
2016-09-02,46.83000183105469,47.0099983215332,45.41999816894531,45.77000045776367,22597,-0.004686787520399095,310.760009765625,310.7799987792969,307.4599914550781,310.7799987792969,0,0.01165214512236967
2016-09-06,47.2599983215332,49.369998931884766,46.29999923706055,46.650001525878906,37751,0.00914017394768517,308.2099914550781,315.0,307.6400146484375,308.17999267578125,0,-0.00045418013299197756
2016-09-07,47.97999954223633,48.540000915527344,46.970001220703125,47.130001068115234,17745,0.01512001162765917,314.0,315.0,312.1300048828125,312.1300048828125,0,0.018611644809627768
2016-09-08,49.9900016784668,50.13999938964844,48.209999084472656,48.560001373291016,30011,0.04103877113069957,312.3500061035156,315.0,312.17999267578125,312.29998779296875,0,-0.005268612428045102
2016-09-09,48.0099983215332,49.68000030517578,47.77000045776367,49.619998931884766,18847,-0.040413731419456,312.8299865722656,314.0,311.9700012207031,312.8099975585937,0,0.001535495597041527
2016-09-12,48.31999969482422,48.619998931884766,46.90999984741211,47.77999877929688,18373,0.006436259728761927,312.7799987792969,313.0,312.489990234375,312.489990234375,0,-0.00015980497193329526
2016-09-13,47.09999847412109,48.209999084472656,46.9900016784668,48.130001068115234,21761,-0.025572578685043944,312.1700134277344,322.0,312.1499938964844,312.1499938964844,0,-0.0019521098755271985
2016-09-14,45.84999847412109,47.470001220703125,45.709999084472656,47.220001220703125,28376,-0.02689780320312019,313.0,315.0,312.9800109863281,312.9800109863281,0,0.0026552363103639013
2016-09-15,46.59000015258789,47.0,45.68999862670898,46.150001525878906,28412,0.016010763681154887,312.45001220703125,315.0,312.4800109863281,312.4800109863281,0,-0.0017586950963123182
2016-09-16,45.77000045776367,46.400001525878906,45.47999954223633,46.18000030517578,19165,-0.017757064436884618,314.0,315.0,312.6099853515625,312.6099853515625,0,0.00494849046441238
2016-09-19,45.95000076293945,46.91999816894531,45.86000061035156,45.88999938964844,19674,0.0039250007384418915,314.9800109863281,315.0,312.5,314.9800109863281,0,0.0031161937176274377
2016-09-20,45.880001068115234,46.290000915527344,45.09000015258789,45.7400016784668,28150,-0.0015245498635855252,312.0599975585937,320.0,311.5799865722656,312.1300048828125,0,-0.009313710436360392
2016-09-21,46.83000183105469,47.150001525878906,46.25,46.25,25248,0.02049474675368758,312.3099975585937,321.0,312.3299865722656,312.3299865722656,0,0.0008008072627299933
2016-09-22,47.650001525878906,47.84000015258789,47.040000915527344,47.119998931884766,32336,0.017358599827367364,319.0,319.0,311.260009765625,311.260009765625,0,0.021194826332594188
2016-09-23,45.88999938964844,48.25,45.66999816894531,47.41999816894531,39822,-0.03763544701642824,312.8099975585937,315.0,312.70001220703125,312.8299865722656,0,-0.019595133119990973
2016-09-26,47.34999847412109,47.65999984741211,45.7400016784668,46.08000183105469,21045,0.03131957230013058,312.510009765625,315.0,308.5899963378906,312.1199951171875,0,-0.0009594697513868465
2016-09-27,45.970001220703125,47.27999877929688,45.63999938964844,47.09000015258789,34389,-0.02957775103407655,308.3599853515625,315.0,308.42999267578125,308.42999267578125,0,-0.01336861582674384
2016-09-28,48.68999862670898,48.93999862670898,45.720001220703125,46.29999923706055,27630,0.05748460561734441,314.0,314.0,308.6400146484375,313.0400085449219,0,0.01812510182153049
2016-09-29,49.2400016784668,49.79999923706055,48.02999877929688,48.959999084472656,9721,0.01123269341389436,308.54998779296875,312.6099853515625,308.1400146484375,308.3699951171875,0,-0.01750912070374923
2016-09-30,49.060001373291016,49.27999877929688,48.18000030517578,48.970001220703125,387,-0.0036622685813034483,312.5799865722656,315.0,312.2300109863281,312.5599975585937,0,0.01297652825178956
2016-10-03,49.09999847412109,49.09999847412109,49.09999847412109,49.09999847412109,27245,0.0008149369010966675,310.19000244140625,319.6700134277344,310.42999267578125,310.42999267578125,0,-0.0076753726290869064
2016-10-04,50.869998931884766,51.34999847412109,50.34999847412109,50.5,24858,0.03541433411420511,320.3800048828125,320.510009765625,307.5899963378906,320.4100036621094,0,0.03232278568682129
2016-10-05,51.86000061035156,52.09000015258789,51.22999954223633,51.380001068115234,26124,0.019274454042018833,306.6700134277344,310.0,302.010009765625,306.5899963378906,0,-0.043735511847294135
2016-10-06,52.5099983215332,52.720001220703125,51.34000015258789,51.68000030517578,25994,0.012455803805325032,302.510009765625,314.0,304.0,314.0,0,-0.01365792760900661
2016-10-07,51.93000030517578,52.84000015258789,51.34000015258789,52.66999816894531,26575,-0.011106931952156299,313.6700134277344,313.8699951171875,304.0,313.8699951171875,0,0.03622715360411185
2016-10-11,52.40999984741211,53.310001373291016,52.119998931884766,52.9900016784668,33630,0.009200746169744301,313.3299865722656,317.3999938964844,304.0,313.3800048828125,0,0.008654396366667975
2016-10-12,51.810001373291016,52.84999847412109,51.61000061035156,52.619998931884766,24471,-0.011514202569658743,304.0,318.1300048828125,304.0,318.1300048828125,0,-0.030229203980330514
2016-10-13,52.02999877929688,52.150001525878906,50.93999862670898,51.720001220703125,25642,0.004237244507698259,312.2200012207031,314.0,304.0,312.239990234375,0,0.026680370032052068
2016-10-14,51.95000076293945,52.560001373291016,51.5,52.09999847412109,22127,-0.0015387196094173818,314.0,316.5899963378906,307.5899963378906,307.5899963378906,0,0.005684914469979714
2016-10-17,51.52000045776367,52.27999877929688,51.16999816894531,51.959999084472656,26730,-0.008311641550007454,317.94000244140625,318.0899963378906,312.54998779296875,317.94000244140625,0,0.012469707503299333
2016-10-18,51.68000030517578,52.119998931884766,51.27000045776367,51.68999862670898,28432,0.0031007746981880084,312.4800109863281,315.0,312.1700134277344,312.1700134277344,0,-0.017322191124684357
2016-10-19,52.66999816894531,53.13999938964844,52.09999847412109,52.130001068115234,31624,0.018975133351185995,314.0,314.0,312.739990234375,313.45001220703125,0,0.004852483621385098
2016-10-20,51.380001068115234,52.68000030517578,51.18000030517578,52.630001068115234,29822,-0.024796986260358242,315.0,316.0,315.0,315.0,0,0.0031796529173798056
2016-10-21,51.77999877929688,51.93000030517578,51.130001068115234,51.43999862670898,31385,0.007754938278313605,315.0,315.0,315.0,315.0,0,0.0
2016-10-24,51.459999084472656,52.0,50.5,51.959999084472656,39723,-0.006199161686042091,315.0,316.0,315.0,315.0,0,0.0
2016-10-25,50.790000915527344,51.83000183105469,50.220001220703125,51.34999847412109,34420,-0.013105286223656079,315.0,316.0,315.0,315.0,0,0.0
2016-10-26,49.97999954223633,50.68999862670898,49.65999984741211,50.25,50026,-0.016076586591024386,315.0,316.0,315.0,315.0,0,0.0
2016-10-27,50.470001220703125,50.900001525878906,49.869998931884766,49.9900016784668,21189,0.009756208291008973,315.0,316.0,315.0,315.0,0,0.0
2016-10-28,49.709999084472656,50.56999969482422,49.34000015258789,50.310001373291016,15283,-0.015173022849664717,315.0,316.0,315.0,315.0,0,0.0
2016-10-31,48.29999923706055,49.68999862670898,47.9900016784668,49.45000076293945,1765,-0.028774556826534466,315.0,315.0,315.0,315.0,0,0.0
2016-11-01,48.33000183105469,48.33000183105469,48.33000183105469,48.33000183105469,56065,0.0006209788808158649,318.0,319.0,318.0,318.0,0,0.009478743954543739
2016-11-02,46.86000061035156,48.06999969482422,46.47999954223633,47.97999954223633,47015,-0.030888077638844092,319.0,319.0,315.0,319.0,0,0.0031397200046678463
2016-11-03,46.34999847412109,47.5099983215332,46.0,46.959999084472656,33590,-0.01094318701358358,316.0,316.0,314.0,316.0,0,-0.009448889197932507
2016-11-04,45.58000183105469,46.540000915527344,45.08000183105469,46.380001068115234,54210,-0.016752195101202284,315.0,315.0,315.0,315.0,0,-0.0031695747612790672
2016-11-07,46.150001525878906,46.380001068115234,45.380001068115234,46.06999969482422,30522,0.012427930022460664,315.0,315.0,315.0,315.0,0,0.0
2016-11-08,46.040000915527344,46.68000030517578,45.61000061035156,46.2400016784668,33500,-0.002386390273167198,315.0,315.0,315.0,315.0,0,0.0
2016-11-09,46.36000061035156,46.95000076293945,44.38999938964844,45.95000076293945,53512,0.006926427897870699,315.0,315.0,314.0,315.0,0,0.0
2016-11-10,45.84000015258789,46.90999984741211,45.54999923706055,46.59999847412109,35421,-0.011279955901838638,314.0,315.0,314.0,314.0,0,-0.003179652917379684
2016-11-14,44.43000030517578,44.97999954223633,43.58000183105469,44.68000030517578,37427,-0.03124215191868577,315.0,315.0,314.75,314.75,0,0.0031796529173798056
2016-11-15,46.95000076293945,47.2599983215332,44.68000030517578,44.72999954223633,43809,0.055168298087808924,315.0,315.0,315.0,315.0,0,0.0
2016-11-16,46.630001068115234,47.560001373291016,46.27000045776367,47.0,43917,-0.006839088177902826,315.0,315.25,314.5,315.25,0,0.0
2016-11-17,46.4900016784668,47.61000061035156,46.02000045776367,46.43999862670898,39989,-0.0030068619200934532,315.0,315.0,314.1199951171875,314.6199951171875,0,0.0
2016-11-18,46.86000061035156,46.97999954223633,45.7599983215332,46.09000015258789,39532,0.00792717429833375,314.0,315.0,314.0,314.0,0,-0.003179652917379684
2016-11-21,48.900001525878906,49.150001525878906,47.0,47.0099983215332,42541,0.04261298158024254,315.0,315.0,314.0,315.0,0,0.0031796529173798056
2016-11-22,49.119998931884766,49.970001220703125,48.13999938964844,49.09999847412109,62072,0.0044888344089763854,315.0,315.0,314.0,315.0,0,0.0
2016-11-23,48.95000076293945,49.5,48.56999969482422,49.130001068115234,46018,-0.00346687753125344,315.0,315.0,315.0,315.0,0,0.0
2016-11-25,47.2400016784668,49.20000076293945,47.0099983215332,49.0,27459,-0.03555835770282895,315.0,315.0,312.0,315.0,0,0.0
2016-11-28,48.2400016784668,48.810001373291016,46.15999984741211,46.7599983215332,25170,0.020947560353229817,314.0,315.0,314.0,314.0,0,-0.003179652917379684
2016-11-29,46.380001068115234,48.09999847412109,45.91999816894531,48.09000015258789,15550,-0.039320232355980415,314.0,315.0,314.0,314.0,0,0.0
2016-11-30,50.470001220703125,50.470001220703125,46.75,46.7599983215332,1083,0.08451076968184133,314.0,315.0,314.0,314.0,0,0.0
2016-12-01,50.459999084472656,50.459999084472656,50.459999084472656,50.459999084472656,71317,-0.00019819946959215878,314.0,315.0,314.0,314.0,0,0.0
2016-12-02,54.459999084472656,54.5,52.86000061035156,53.869998931884766,39305,0.07628554536532224,33.0,315.0,314.0,315.0,0,-2.2528854244417733
2016-12-05,54.93999862670898,55.33000183105469,53.810001373291016,54.22999954223633,33656,0.008775185236323129,314.0,315.0,314.5,315.0,0,2.2528854244417733
2016-12-06,53.93000030517578,54.93000030517578,53.52000045776367,54.209999084472656,34688,-0.018554740663056853,313.0,315.1199951171875,312.0,312.0,0,-0.0031897953681001494
2016-12-07,53.0,54.209999084472656,52.91999816894531,53.959999084472656,34297,-0.017395001455752526,315.0,315.0,315.0,315.0,0,0.0063694482854799285
2016-12-08,53.88999938964844,54.04999923706055,52.83000183105469,53.04999923706055,44044,0.01665300706740541,314.0,315.0,314.0,315.0,0,-0.003179652917379684
2016-12-09,54.33000183105469,54.43999862670898,53.77000045776367,53.95000076293945,30445,0.008131673646364426,315.0,315.0,314.0,315.0,0,0.0031796529173798056
2016-12-12,55.68999862670898,57.4900016784668,54.75,54.75,45732,0.02472397867612295,315.0,316.0,314.0,316.0,0,0.0
2016-12-13,55.720001220703125,56.43000030517578,55.150001525878906,55.369998931884766,38210,0.0005385978773992476,314.0,314.5,314.5,314.5,0,-0.003179652917379684
2016-12-14,53.900001525878906,55.79999923706055,53.61000061035156,55.22999954223633,39813,-0.033208664595021115,315.0,315.0,314.0,314.5,0,0.0031796529173798056
2016-12-15,54.02000045776367,54.5,53.150001525878906,53.720001220703125,34744,0.002223850614043315,315.0,314.5,314.0,314.3099975585937,0,0.0
2016-12-16,55.209999084472656,55.380001068115234,53.709999084472656,54.220001220703125,31303,0.021789722874880842,315.0,315.0,314.0,315.0,0,0.0
2016-12-19,54.91999816894531,55.790000915527344,54.68999862670898,55.4900016784668,30608,-0.005266532153945657,314.3099975585937,315.0,314.0,314.5,0,-0.0021928865601606364
2016-12-20,55.34999847412109,55.90999984741211,54.75,55.119998931884766,37241,0.007799084027452907,315.0,315.0,314.0,314.0,0,0.0021928865601606
2016-12-21,54.459999084472656,55.86000061035156,54.31999969482422,55.59999847412109,31242,-0.016210161152215966,315.0,315.0,315.0,315.0,0,0.0
2016-12-22,55.04999923706055,55.22999954223633,54.04999923706055,54.59000015258789,30938,0.010775378875053353,315.0,314.0,314.0,314.0,0,0.0
2016-12-23,55.15999984741211,55.34000015258789,54.27000045776367,54.880001068115234,15503,0.0019962008491615896,315.0,315.0,314.0,315.0,0,0.0
2016-12-27,56.09000015258789,56.2599983215332,55.04999923706055,55.47999954223633,8294,0.016719496081834137,314.0,315.0,315.0,315.0,0,0.0
2016-12-28,56.220001220703125,56.560001373291016,55.88999938964844,56.08000183105469,10677,0.0023150409506974253,314.0,314.5,314.5,314.5,0,0.0
2016-12-29,56.13999938964844,56.63999938964844,55.970001220703125,55.970001220703125,595,-0.0014240271295735585,314.5,315.0,314.0,314.3099975585937,0,0.0015910902322419035
2016-12-30,56.130001068115234,56.130001068115234,56.130001068115234,56.130001068115234,13775,-0.00017811207836230324,314.5,315.0,314.0,314.3099975585937,0,0.0
2017-01-03,55.470001220703125,58.369998931884766,55.290000915527344,57.04999923706055,42688,-0.011828091909729681,314.3099975585937,314.0,314.0,314.0,0,0.0
2017-01-04,56.459999084472656,56.52999877929688,55.34000015258789,55.68999862670898,27804,0.017690050536150134,314.0,314.5,314.5,314.5,0,-0.0009867663572190495
2017-01-05,56.88999938964844,57.34000015258789,56.0099983215332,56.540000915527344,32833,0.007587161424090052,314.5,314.5,314.3800048828125,314.3800048828125,0,0.0015910902322419035
2017-01-06,57.09999847412109,57.459999084472656,56.29999923706055,56.880001068115234,24948,0.003684521905111527,314.5,315.0,314.0,315.0,0,0.0
2017-01-09,54.93999862670898,56.9900016784668,54.7400016784668,56.86000061035156,25860,-0.03856243426810978,315.0,314.5,314.0,314.5,0,0.00158856268513774
2017-01-10,53.63999938964844,55.34000015258789,53.56999969482422,54.84000015258789,33801,-0.023946608636117986,314.0,314.5,314.5,314.5,0,-0.003179652917379684
2017-01-11,55.09999847412109,55.66999816894531,53.65999984741211,53.70000076293945,45944,0.02685464143115301,314.5,314.69000244140625,314.0,314.0,0,0.0015910902322419035
2017-01-12,56.0099983215332,56.43000030517578,55.02999877929688,55.22999954223633,36424,0.016380527788504184,314.69000244140625,314.5,314.0,314.0,0,0.0006039588882357184
2017-01-13,55.45000076293945,56.20000076293945,55.310001373291016,56.060001373291016,25417,-0.010048488699042155,315.0,315.0,314.0,314.0,0,0.000984603796902153
2017-01-17,55.470001220703125,56.970001220703125,55.20000076293945,55.650001525878906,44899,0.0003606285182610503,315.0,315.0,314.0,314.5,0,0.0
2017-01-18,53.91999816894531,55.88999938964844,53.77999877929688,55.470001220703125,40148,-0.028340923428367606,315.0,314.57000732421875,314.0,314.57000732421875,0,0.0
2017-01-19,54.15999984741211,54.75,53.900001525878906,54.310001373291016,33327,0.0044411931413440376,315.0,315.0,305.25,305.25,0,0.0
2017-01-20,55.4900016784668,55.790000915527344,54.18999862670898,54.27999877929688,29231,0.024260228799238826,315.0,314.0,305.5,305.5,0,0.0
2017-01-23,55.22999954223633,55.7400016784668,54.650001525878906,55.470001220703125,33859,-0.004696578961124024,315.0,315.0,305.5,305.5,0,0.0
2017-01-24,55.43999862670898,55.84999847412109,55.04999923706055,55.38999938964844,32411,0.0037950544861054636,315.0,315.0,314.0,315.0,0,0.0
2017-01-25,55.08000183105469,55.63999938964844,54.7599983215332,55.2400016784668,34247,-0.006514623006883205,315.0,315.0,304.5,305.5,0,0.0
2017-01-26,56.2400016784668,56.54999923706055,55.209999084472656,55.369998931884766,45145,0.02084157024312173,314.0,315.0,304.45001220703125,304.45001220703125,0,-0.003179652917379684
2017-01-27,55.52000045776367,56.5,54.84999847412109,56.11000061035156,20964,-0.012884952903552526,314.0,315.0,304.25,305.25,0,0.0
2017-01-30,55.22999954223633,55.63999938964844,54.970001220703125,55.400001525878906,9982,-0.005237048818791394,315.0,308.0,304.25,308.0,0,0.0031796529173798056
2017-01-31,55.70000076293945,55.93999862670898,54.93999862670898,55.220001220703125,578,0.008473885005754899,315.0,315.0,305.25,305.25,0,0.0
2017-02-01,55.65999984741211,55.65999984741211,55.65999984741211,55.65999984741211,34772,-0.0007184072742188927,315.0,315.0,304.25,304.25,0,0.0
2017-02-02,56.560001373291016,57.43000030517578,56.34000015258789,56.52999877929688,31371,0.016040292512251763,315.0,304.20001220703125,304.20001220703125,304.20001220703125,0,0.0
2017-02-03,56.810001373291016,57.290000915527344,56.38999938964844,56.83000183105469,26703,0.004410344873869747,314.0,315.0,304.25,304.25,0,-0.003179652917379684
2017-02-06,55.720001220703125,57.11000061035156,55.650001525878906,56.79999923706055,26706,-0.019373219923024203,315.0,315.0,314.0,314.5,0,0.0031796529173798056
2017-02-07,55.04999923706055,55.97999954223633,54.63999938964844,55.93000030517578,32659,-0.012097321509752323,314.0,315.0,314.0,314.0,0,-0.003179652917379684
2017-02-08,55.119998931884766,55.66999816894531,54.209999084472656,54.54999923706055,44864,0.0012707580177437063,315.0,314.70001220703125,314.0,314.29998779296875,0,0.0031796529173798056
2017-02-09,55.630001068115234,55.91999816894531,55.20000076293945,55.2599983215332,29628,0.00921003596014221,315.0,315.0,314.0,315.0,0,0.0
2017-02-10,56.70000076293945,56.869998931884766,55.58000183105469,55.68999862670898,30763,0.019051580901881075,315.0,315.0,314.0,315.0,0,0.0
2017-02-13,55.59000015258789,56.79999923706055,55.43000030517578,56.77000045776367,25049,-0.019770892479170212,315.0,315.0,314.0,314.5,0,0.0
2017-02-14,55.970001220703125,56.45000076293945,55.54999923706055,55.709999084472656,25975,0.006812523002963589,314.0,314.0,314.0,314.0,0,-0.003179652917379684
2017-02-15,55.75,56.25,55.54999923706055,55.84000015258789,26608,-0.003938444372993834,3.140000104904175,315.0,314.0,315.0,0,-4.605170152579119
2017-02-16,55.650001525878906,56.22999954223633,55.130001068115234,55.66999816894531,32712,-0.0017953051994670688,314.0,315.0,314.0,314.0,0,4.605170152579119
2017-02-17,55.810001373291016,55.869998931884766,55.11000061035156,55.66999816894531,27599,0.0028709842661211165,314.0,315.0,314.0,315.0,0,0.0
2017-02-21,56.65999984741211,57.29999923706055,55.709999084472656,55.90999984741211,57648,0.015115402302443908,314.5,315.0,314.0,315.0,0,0.0015910902322419035
2017-02-22,55.84000015258789,56.9900016784668,55.58000183105469,56.68999862670898,36358,-0.014578030522617972,315.0,315.0,314.0,314.5,0,0.00158856268513774
2017-02-23,56.58000183105469,57.34999847412109,56.150001525878906,56.18999862670898,36155,0.013165137048937325,314.0,315.0,314.0,314.0,0,-0.003179652917379684
2017-02-24,55.9900016784668,56.650001525878906,55.75,56.5099983215332,18720,-0.010482464896869494,314.0,315.0,314.0,314.0,0,0.0
2017-02-27,55.93000030517578,56.7599983215332,55.90999984741211,56.040000915527344,10972,-0.0010722190488914871,314.0,315.0,314.0,315.0,0,0.0
2017-02-28,55.59000015258789,56.06999969482422,55.27000045776367,55.97999954223633,685,-0.006097582579626316,314.0,315.0,314.0,314.0,0,0.0
2017-03-01,55.59999847412109,55.59999847412109,55.59999847412109,55.59999847412109,25932,0.00017984210241263354,315.0,315.0,314.0,314.5,0,0.0031796529173798056
2017-03-02,55.08000183105469,56.43999862670898,55.0099983215332,56.310001373291016,34925,-0.009396466708668318,314.0,315.0,314.0,314.5,0,-0.003179652917379684
2017-03-03,55.900001525878906,55.93999862670898,55.09000015258789,55.18000030517578,24688,0.014777700353631842,315.0,315.0,314.0,314.5,0,0.0031796529173798056
2017-03-06,56.0099983215332,56.2400016784668,55.31999969482422,55.79999923706055,25402,0.001965808796835883,315.0,315.0,314.0,315.0,0,0.0
2017-03-07,55.91999816894531,56.63999938964844,55.54999923706055,55.9900016784668,28162,-0.0016081510730986395,315.0,315.0,314.0,314.5,0,0.0
2017-03-08,53.11000061035156,55.7599983215332,52.93999862670898,55.61000061035156,43000,-0.051556819254848577,315.0,315.0,314.0,314.5,0,0.0
2017-03-09,52.18999862670898,53.84999847412109,51.47999954223633,53.130001068115234,61215,-0.017474366584499704,315.0,315.0,314.0,314.5,0,0.0
2017-03-10,51.369998931884766,53.0099983215332,51.150001525878906,52.43999862670898,41261,-0.01583655565543508,315.0,315.0,314.0,314.5,0,0.0
2017-03-13,51.34999847412109,51.68999862670898,50.84000015258789,51.369998931884766,28880,-0.00038941702728773715,315.0,315.0,314.0,315.0,0,0.0
2017-03-14,50.91999816894531,51.83000183105469,50.25,51.400001525878906,49660,-0.008409168929535662,315.0,314.5,314.0,314.29998779296875,0,0.0
2017-03-15,51.810001373291016,52.040000915527344,51.36000061035156,51.790000915527344,36290,0.01732746960322412,314.0,315.0,314.0,314.20001220703125,0,-0.003179652917379684
2017-03-16,51.7400016784668,52.59000015258789,51.5,52.09000015258789,28932,-0.00135199813469683,315.0,315.0,314.0,314.5,0,0.0031796529173798056
2017-03-17,51.7599983215332,52.16999816894531,51.52999877929688,51.720001220703125,20151,0.00038640856647757305,315.0,315.0,310.0,310.0,0,0.0
2017-03-20,51.619998931884766,51.93000030517578,51.0099983215332,51.75,25177,-0.0027084441661897746,315.0,315.0,314.0,315.0,0,0.0
2017-03-21,50.959999084472656,52.209999084472656,50.72999954223633,51.65999984741211,30377,-0.012868180300279525,315.0,315.0,314.0,314.5,0,0.0
2017-03-22,50.63999938964844,50.970001220703125,49.63999938964844,50.869998931884766,39102,-0.0062992275151358326,314.0,315.0,307.5,307.5,0,-0.003179652917379684
2017-03-23,50.560001373291016,51.09000015258789,50.2599983215332,50.7599983215332,35569,-0.0015809887829528074,314.0,315.0,306.5,306.5,0,0.0
2017-03-24,50.79999923706055,51.04999923706055,50.400001525878906,50.59999847412109,27105,0.004735562565731005,314.0,315.0,314.0,315.0,0,0.0
2017-03-27,50.75,51.09999847412109,50.02999877929688,51.02000045776367,27398,-0.0009847216440462393,315.0,315.0,314.0,315.0,0,0.0031796529173798056
2017-03-28,51.33000183105469,51.869998931884766,50.790000915527344,50.86000061035156,27375,0.011363794322527447,314.0,315.0,314.0,314.0,0,-0.003179652917379684
2017-03-29,52.41999816894531,52.459999084472656,51.34000015258789,51.34000015258789,17105,0.02101275072037611,315.0,315.0,314.0,315.0,0,0.0031796529173798056
2017-03-30,52.959999084472656,53.09000015258789,52.02999877929688,52.400001525878906,14493,0.01024873137680465,314.0,315.0,314.0,314.0,0,-0.003179652917379684
2017-03-31,52.83000183105469,53.31999969482422,52.400001525878906,52.650001525878906,31997,-0.002457648506007855,315.0,315.0,314.0,315.0,0,0.0031796529173798056
2017-04-03,53.119998931884766,53.720001220703125,53.040000915527344,53.63999938964844,18746,0.005474239224990066,315.0,315.0,314.0,315.0,0,0.0
2017-04-04,54.16999816894531,54.36000061035156,52.75,53.13999938964844,27204,0.01957373080721338,314.0,315.0,314.0,315.0,0,-0.003179652917379684
2017-04-05,54.36000061035156,55.08000183105469,53.97999954223633,54.27000045776367,33157,0.003501384643095992,315.0,315.0,314.0,315.0,0,0.0031796529173798056
2017-04-06,54.88999938964844,54.9900016784668,54.02000045776367,54.150001525878906,21011,0.009702570931361083,315.0,315.0,314.0,314.0,0,0.0
2017-04-07,55.2400016784668,56.06999969482422,54.56999969482422,54.75,34387,0.006356187483822392,315.0,315.0,314.0,315.0,0,0.0
2017-04-10,55.97999954223633,56.04999923706055,55.2400016784668,55.2400016784668,29224,0.013307116983955718,315.0,315.0,306.1499938964844,306.1499938964844,0,0.0
2017-04-11,56.22999954223633,56.27999877929688,55.459999084472656,56.04999923706055,32054,0.00445593825315927,315.0,315.0,314.0,315.0,0,0.0
2017-04-12,55.86000061035156,56.630001068115234,55.5099983215332,56.27999877929688,33978,-0.006601842719713151,315.0,315.0,314.0,315.0,0,0.0
2017-04-13,55.88999938964844,56.060001373291016,55.58000183105469,55.66999816894531,27171,0.0005368909175387381,315.0,315.0,306.1000061035156,306.1000061035156,0,0.0
2017-04-17,55.36000061035156,55.970001220703125,55.29999923706055,55.84999847412109,18101,-0.009528140026469812,314.0,315.0,313.0,314.0,0,0.0
2017-04-18,54.88999938964844,55.4900016784668,54.619998931884766,55.47999954223633,38436,-0.008526150892293145,314.0,315.0,314.0,314.0,0,0.0
2017-04-19,52.93000030517578,55.220001220703125,52.59000015258789,54.7400016784668,43655,-0.036360879806712834,314.0,315.0,314.0,314.0,0,0.0
2017-04-20,52.9900016784668,53.540000915527344,52.68999862670898,53.060001373291016,48381,0.0011329565442867954,314.0,315.0,314.0,314.0,0,0.0
2017-04-21,51.959999084472656,53.27999877929688,51.56999969482422,53.02999877929688,36665,-0.01962907399728172,315.0,315.0,314.0,315.0,0,0.0031796529173798056
2017-04-24,51.59999847412109,52.58000183105469,51.43000030517578,52.04999923706055,27284,-0.006952531266329938,315.0,315.0,315.0,315.0,0,0.0
2017-04-25,52.09999847412109,52.380001068115234,51.310001373291016,51.650001525878906,31348,0.00964327655559772,314.0,315.0,314.0,314.0,0,-0.003179652917379684
2017-04-26,51.81999969482422,52.43999862670898,51.400001525878906,51.86000061035156,24549,-0.005388750227004304,314.0,315.0,314.0,314.0,0,0.0
2017-04-27,51.43999862670898,51.75,50.43000030517578,51.470001220703125,20588,-0.007360116012398143,314.0,315.0,314.0,314.0,0,0.0
2017-04-28,51.72999954223633,52.09999847412109,51.40999984741211,51.43000030517578,33680,0.005621821933913556,315.0,315.0,314.0,315.0,0,0.0031796529173798056
2017-05-01,51.52000045776367,51.97999954223633,51.220001220703125,51.84999847412109,12936,-0.004067784485066383,314.0,315.0,314.0,315.0,0,-0.003179652917379684
2017-05-02,50.459999084472656,52.13999938964844,50.15999984741211,51.38999938964844,38556,-0.020789165611976548,314.0,315.0,314.0,314.0,0,0.0
2017-05-03,50.790000915527344,51.119998931884766,50.209999084472656,51.04999923706055,34131,0.00651857776960773,314.0,314.5,314.0,314.5,0,0.0
2017-05-04,48.380001068115234,50.720001220703125,48.18000030517578,50.619998931884766,52061,-0.04861297557939311,315.0,315.0,314.0,315.0,0,0.0031796529173798056
2017-05-05,49.09999847412109,49.619998931884766,46.650001525878906,48.38999938964844,54485,0.014772476464010222,315.0,315.0,314.5,315.0,0,0.0
2017-05-08,49.34000015258789,49.880001068115234,48.4900016784668,49.290000915527344,35179,0.004876110470279764,314.0,315.0,314.1000061035156,314.1000061035156,0,-0.003179652917379684
2017-05-09,48.72999954223633,49.709999084472656,48.40999984741211,49.43999862670898,33410,-0.012440266732253647,314.0,315.0,314.5,314.5,0,0.0
2017-05-10,50.220001220703125,50.619998931884766,48.84999847412109,48.9900016784668,37961,0.03011853057501301,314.0,315.0,314.0,314.0,0,0.0
2017-05-11,50.77000045776367,51.150001525878906,50.2400016784668,50.27999877929688,31243,0.010892259939173674,315.0,315.0,314.0,314.5,0,0.0031796529173798056
2017-05-12,50.84000015258789,51.08000183105469,50.34000015258789,50.77000045776367,29339,0.001377811346865205,314.0,315.0,314.0,314.0,0,-0.003179652917379684
2017-05-15,51.81999969482422,52.619998931884766,50.650001525878906,50.84000015258789,31972,0.019092719922224645,315.0,315.0,314.0,314.5,0,0.0031796529173798056
2017-05-16,51.650001525878906,52.34999847412109,51.18999862670898,51.86000061035156,29359,-0.0032859441364962183,316.0,316.0,315.0,315.0,0,0.0031695747612790395
2017-05-17,52.209999084472656,52.59999847412109,51.04999923706055,51.2400016784668,32800,0.01078380477866497,315.0,314.5,314.5,314.5,0,-0.0031695747612790672
2017-05-18,52.5099983215332,52.7400016784668,51.11000061035156,52.09999847412109,41239,0.005729565798077766,314.0,315.0,314.0,315.0,0,-0.003179652917379684
2017-05-19,53.61000061035156,53.790000915527344,52.52999877929688,52.52999877929688,34681,0.02073203353941835,315.0,315.0,314.0,314.5,0,0.0031796529173798056
2017-05-22,53.869998931884766,54.369998931884766,53.650001525878906,53.869998931884766,41324,0.004838087640318917,314.0,315.0,314.0,314.5,0,-0.003179652917379684
2017-05-23,54.150001525878906,54.470001220703125,53.209999084472656,53.84999847412109,39671,0.005184284760944552,315.0,316.0,314.5,314.5,0,0.0031796529173798056
2017-05-24,53.959999084472656,54.619998931884766,53.66999816894531,54.20000076293945,52627,-0.0035149872529647696,317.0,320.0,315.0,316.0,0,0.00632913505164753
2017-05-25,51.459999084472656,54.65999984741211,51.02999877929688,53.90999984741211,72089,-0.047438225310227296,321.0,321.0,320.0,321.0,0,0.012539349252735173
2017-05-26,52.150001525878906,52.2599983215332,50.709999084472656,51.369998931884766,28004,0.013319421643654236,321.0,321.0,320.0,320.0,0,0.0
2017-05-30,51.84000015258789,52.59999847412109,51.20000076293945,52.29999923706055,18705,-0.005962155718745412,314.5,324.0,320.0,320.0,0,-0.020457046989520593
2017-05-31,50.310001373291016,51.75,49.83000183105469,51.66999816894531,545,-0.02995816318765017,324.0,324.0,323.0,324.0,0,0.029759439651834124
2017-06-01,50.33000183105469,50.33000183105469,50.33000183105469,50.33000183105469,43640,0.0003974653694390314,324.0,324.0,323.0,324.0,0,0.0
2017-06-02,49.95000076293945,50.5099983215332,48.959999084472656,50.400001525878906,44207,-0.007578836800621678,314.5,323.0,321.0,321.0,0,-0.02975943965183419
2017-06-05,49.470001220703125,50.72999954223633,49.04999923706055,49.959999084472656,38387,-0.009656070453384487,322.0,322.0,320.0,322.0,0,0.023567469403913032
2017-06-06,50.119998931884766,50.29999923706055,48.9900016784668,49.47999954223633,41397,0.01305365880146831,321.0,323.0,321.0,321.0,0,-0.003110422414392391
2017-06-07,48.060001373291016,50.130001068115234,47.970001220703125,49.9900016784668,50234,-0.04196984983387563,322.0,322.0,321.0,322.0,0,0.00311042241439233
2017-06-08,47.86000061035156,48.58000183105469,47.560001373291016,48.22999954223633,40901,-0.00417016364975324,322.0,322.0,321.0,322.0,0,0.0
2017-06-09,48.150001525878906,48.540000915527344,47.43999862670898,47.90999984741211,29536,0.006041074701165813,322.0,322.0,321.0,322.0,0,0.0
2017-06-12,48.290000915527344,49.119998931884766,48.0099983215332,48.18000030517578,28229,0.002903348910146703,321.0,321.0,320.0,321.0,0,-0.003110422414392391
2017-06-13,48.720001220703125,48.810001373291016,47.880001068115234,48.27000045776367,26775,0.008865129612731145,321.0,322.0,321.0,321.0,0,0.0
2017-06-14,47.0,48.68000030517578,46.77000045776367,48.18000030517578,44939,-0.035942046747065505,322.0,322.0,322.0,322.0,0,0.00311042241439233
2017-06-15,46.91999816894531,47.18999862670898,46.70000076293945,46.9900016784668,26749,-0.001703616949820546,232.0,321.0,321.0,321.0,0,-0.3278141738780983
2017-06-16,47.369998931884766,47.59999847412109,46.81999969482422,46.84000015258789,19728,0.009545109627074302,232.0,322.0,321.0,321.0,0,0.0
2017-06-19,46.90999984741211,47.75,46.77000045776367,47.29999923706055,19703,-0.009758225299725328,322.0,322.0,320.0,322.0,0,0.3278141738780984
2017-06-20,46.02000045776367,47.220001220703125,45.43000030517578,46.900001525878906,30670,-0.019154774533307883,320.0,323.0,320.0,320.0,0,-0.006230549750636086
2017-06-21,44.81999969482422,46.61000061035156,44.36000061035156,45.84000015258789,40210,-0.02642163299041796,321.0,315.0,314.29998779296875,315.0,0,0.0031201273362436777
2017-06-22,45.220001220703125,45.77999877929688,44.54999923706055,44.84000015258789,28351,0.008885032280723829,320.0,321.0,320.0,320.0,0,-0.003120127336243634
2017-06-23,45.540000915527344,45.7400016784668,45.040000915527344,45.290000915527344,27319,0.007051586894814659,322.0,322.0,321.0,322.0,0,0.006230549750636163
2017-06-26,45.83000183105469,46.220001220703125,45.040000915527344,45.68999862670898,22998,0.006347857734821853,321.0,320.0,320.0,320.0,0,-0.003110422414392391
2017-06-27,46.650001525878906,47.040000915527344,45.81999969482422,45.959999084472656,29887,0.017734021528217608,345.0,348.0,345.0,345.0,0,0.0721032939013439
2017-06-28,47.310001373291016,47.470001220703125,46.18999862670898,46.25,13352,0.014048758668116808,347.0,315.0,314.3999938964844,314.8999938964844,0,0.005780362915499329
2017-06-29,47.41999816894531,48.0,47.18999862670898,47.43999862670898,9980,0.0023223233531494292,348.0,349.0,346.0,348.0,0,0.0028776998276151956
2017-06-30,47.91999816894531,48.20000076293945,47.47999954223633,47.47999954223633,23479,0.010488873572830532,345.0,345.0,314.5,314.5,0,-0.008658062743114541
2017-07-03,49.68000030517578,49.70000076293945,48.540000915527344,48.88999938964844,17462,0.03606952817151694,345.0,346.0,315.0,315.0,0,0.0
2017-07-05,47.790000915527344,49.88999938964844,47.27999877929688,49.59999847412109,40863,-0.038786012020686815,314.5,346.0,314.5,314.5,0,-0.09545469891722903
2017-07-06,48.11000061035156,49.16999816894531,47.77999877929688,48.29999923706055,25556,0.0066736366505802626,349.0,315.0,314.0,314.0,0,0.10408784606193186
2017-07-07,46.709999084472656,47.9900016784668,46.27999877929688,47.97999954223633,28644,-0.029531813484172807,348.0,348.0,314.5,314.5,0,-0.00286944242795282
2017-07-10,46.880001068115234,47.369998931884766,46.119998931884766,46.900001525878906,21447,0.0036329131390112797,347.0,348.0,315.0,315.0,0,-0.002877699827615169
2017-07-12,47.7400016784668,48.75,47.34999847412109,48.209999084472656,31345,0.004618971381720108,348.0,315.0,314.20001220703125,315.0,0,0.0028776998276151956
2017-07-13,48.41999816894531,48.52999877929688,47.18000030517578,47.650001525878906,22846,0.014143257624646107,349.0,348.0,314.5,315.0,0,0.002869442427952739
2017-07-14,48.90999984741211,49.08000183105469,48.15999984741211,48.400001525878906,22014,0.010068957737667309,347.0,349.0,314.5,348.0,0,-0.005747142255567959
2017-07-17,48.41999816894531,49.25,48.310001373291016,49.060001373291016,17905,-0.01006895773766732,348.0,348.0,314.29998779296875,315.0,0,0.0028776998276151956
2017-07-18,48.84000015258789,49.400001525878906,48.2400016784668,48.40999984741211,20301,0.008636738672914375,348.0,314.5,314.20001220703125,314.5,0,0.0
2017-07-19,49.70000076293945,49.79999923706055,48.59999847412109,48.70000076293945,20340,0.017455296086733314,346.0,348.0,314.5,315.0,0,-0.0057637047167501294
2017-07-20,49.29999923706055,50.18000030517578,49.18999862670898,49.59999847412109,26566,-0.008080882880278398,347.0,348.0,346.0,348.0,0,0.0028860048891348514
2017-07-21,48.060001373291016,49.63999938964844,47.810001373291016,49.27000045776367,27053,-0.025473806690365204,346.0,346.0,315.0,315.0,0,-0.0028860048891349867
2017-07-24,48.59999847412109,48.7599983215332,47.68000030517578,47.88999938964844,25408,0.011173240626928333,348.0,347.0,314.3999938964844,314.3999938964844,0,0.005763704716750134
2017-07-25,50.20000076293945,50.900001525878906,48.650001525878906,48.7400016784668,27529,0.03239154238591833,346.0,348.0,314.5,314.5,0,-0.0057637047167501294
2017-07-26,50.970001220703125,51.02999877929688,50.08000183105469,50.7599983215332,26137,0.015222206405712934,348.0,348.0,314.5,314.5,0,0.005763704716750134
2017-07-27,51.4900016784668,51.63999938964844,50.5099983215332,50.869998931884766,21851,0.010150398354574134,347.0,347.0,315.0,315.0,0,-0.002877699827615169
2017-07-28,52.52000045776367,52.66999816894531,51.310001373291016,51.58000183105469,12631,0.01980641149461558,348.0,314.29998779296875,314.29998779296875,314.29998779296875,0,0.0028776998276151956
2017-07-31,52.650001525878906,52.84999847412109,52.25,52.7599983215332,844,0.00247220941095678,314.29998779296875,348.0,314.5,314.5,0,-0.10185457480974182
2017-08-01,52.630001068115234,52.630001068115234,52.630001068115234,52.630001068115234,33859,-0.0003799479010540397,342.0,365.0,356.0,365.0,0,0.08446283209787257
2017-08-02,52.36000061035156,52.41999816894531,51.18999862670898,51.56999969482422,34625,-0.005143366961957672,364.0,366.0,364.0,366.0,0,0.062343130574135555
2017-08-03,52.0099983215332,52.869998931884766,51.790000915527344,52.290000915527344,34779,-0.006706977185548888,364.0,365.0,361.0,365.0,0,0.0
2017-08-04,52.41999816894531,52.52000045776367,51.43999862670898,51.90999984741211,26969,0.00785218745182108,362.0,366.0,361.0,363.5,0,-0.0055096558109695845
2017-08-07,52.369998931884766,52.560001373291016,51.369998931884766,52.380001068115234,29496,-0.0009542750689594095,361.0,365.0,361.0,365.0,0,-0.002766253492890185
2017-08-08,52.13999938964844,52.72999954223633,51.81999969482422,52.2400016784668,24795,-0.004401491096498993,3.619999885559082,365.0,363.5,365.0,0,-4.602403964108715
2017-08-09,52.70000076293945,52.81999969482422,51.83000183105469,51.83000183105469,26143,0.010683073225004188,361.0,368.0,365.0,365.0,0,4.602403964108715
2017-08-10,51.900001525878906,53.630001068115234,51.68000030517578,52.77999877929688,52899,-0.01529665045213924,365.0,368.0,365.0,365.0,0,0.01101939524961048
2017-08-11,52.09999847412109,52.27000045776367,51.310001373291016,51.91999816894531,25318,0.003846099899610856,365.0,368.0,365.0,365.0,0,0.0
2017-08-14,50.72999954223633,52.38999938964844,50.58000183105469,52.0099983215332,29797,-0.026647476916749048,364.6799926757813,366.0,365.0,366.0,0,-0.0008771169497501852
2017-08-15,50.79999923706055,51.09999847412109,50.02999877929688,50.650001525878906,35111,0.0013788970108743054,365.0,368.0,363.0,366.0,0,0.0008771169497501194
2017-08-16,50.27000045776367,51.34999847412109,50.150001525878906,50.959999084472656,33911,-0.010487852755358617,363.0,363.0,361.0,361.0,0,-0.005494519317640702
2017-08-17,51.02999877929688,51.11000061035156,49.9900016784668,50.380001068115234,43863,0.01500518434401157,363.0,362.0,362.0,362.0,0,0.0
2017-08-18,52.720001220703125,52.95000076293945,50.77999877929688,50.86000061035156,41235,0.03258124219411542,362.0,362.0,361.0,361.5,0,-0.0027586224390797514
2017-08-21,51.65999984741211,52.900001525878906,51.290000915527344,52.900001525878906,33088,-0.020311128634712045,362.0,365.0,362.0,365.0,0,0.0
2017-08-22,51.869998931884766,52.27000045776367,51.400001525878906,51.68000030517578,36291,0.00405678305715138,362.0,360.5,360.0,360.5,0,0.0
2017-08-23,52.56999969482422,52.619998931884766,51.45000076293945,51.630001068115234,31540,0.013405041255074171,360.0,367.0,360.5,367.0,0,-0.005540180375615356
2017-08-24,52.040000915527344,52.709999084472656,51.61000061035156,52.54999923706055,38326,-0.01013293778915831,361.0,365.0,359.0,359.0,0,0.0027739268827252244
2017-08-25,52.40999984741211,52.790000915527344,51.91999816894531,52.20000076293945,32957,0.007084738665581249,365.0,365.0,359.0,359.0,0,0.01101939524961048
2017-08-28,51.88999938964844,53.15999984741211,51.52000045776367,52.66999816894531,23706,-0.009971328285411694,351.0,361.0,350.0,361.0,0,-0.03911113011662565
2017-08-29,52.0,52.150001525878906,51.369998931884766,52.150001525878906,20366,0.0021176369641912845,352.0,359.0,352.0,359.0,0,0.0028449521322313448
2017-08-30,50.86000061035156,52.02000045776367,50.630001068115234,51.880001068115234,20366,-0.022166946586833273,355.0,360.0,350.0,359.0,0,0.008486613877318725
2017-08-31,52.380001068115234,52.380001068115234,50.130001068115234,50.5099983215332,9938,0.02944808747663306,350.0,358.0,350.0,358.0,0,-0.014184634991956413
2017-09-01,52.31999969482422,52.31999969482422,52.31999969482422,52.31999969482422,43495,-0.00114615815515438,350.0,354.0,350.0,350.0,0,0.0
2017-09-05,53.380001068115234,53.650001525878906,51.97999954223633,52.79999923706055,24873,0.02005746266995725,358.0,361.0,358.5,359.0,0,0.022599831917240992
2017-09-06,54.20000076293945,54.29999923706055,53.09000015258789,53.18000030517578,30783,0.015244758535944026,357.0,359.0,357.0,358.5,0,-0.002797204621061254
2017-09-07,54.4900016784668,54.66999816894531,53.88999938964844,54.08000183105469,34793,0.005336306876240245,358.0,358.0,358.0,358.0,0,0.002797204621061219
2017-09-08,53.77999877929688,54.86000061035156,53.560001373291016,54.540000915527344,28912,-0.013115601255582992,359.0,359.0,354.0,359.0,0,0.0027894020875785922
2017-09-11,53.84000015258789,54.11000061035156,53.040000915527344,53.75,30263,0.0011150600279400725,353.0,359.0,350.0,358.0,0,-0.016854331554982074
2017-09-12,54.27000045776367,54.43999862670898,53.43000030517578,53.86000061035156,22720,0.007954908339672426,351.0,359.1600036621094,352.0,359.0,0,-0.005681833467430946
2017-09-13,55.15999984741211,55.20000076293945,54.02999877929688,54.2599983215332,24868,0.01626645364857926,351.0,359.0,351.0,359.0,0,0.0
2017-09-14,55.470001220703125,56.0,54.93000030517578,55.06999969482422,27549,0.00560430591486613,351.0,361.0,350.0,361.0,0,0.0
2017-09-15,55.619998931884766,55.84999847412109,54.869998931884766,55.27000045776367,22004,0.0027004735283315344,350.0,360.0,350.0,359.0,0,-0.002853068982406399
2017-09-18,55.47999954223633,55.93999862670898,54.81999969482422,55.52999877929688,23767,-0.0025202424063574366,350.0,360.0,350.0,360.0,0,0.0
2017-09-19,55.13999938964844,55.880001068115234,54.88999938964844,55.45000076293945,19337,-0.006147192669137936,358.0,358.0,352.0,358.0,0,0.022599831917240992
2017-09-20,56.290000915527344,56.47999954223633,55.27999877929688,55.40999984741211,27031,0.02064152121388553,353.0,359.5,352.0,359.5,0,-0.014064929467403552
2017-09-21,56.43000030517578,56.52999877929688,55.77999877929688,56.18000030517578,23549,0.0024840216486792925,352.0,353.0,351.0,352.0,0,-0.0028368813351997263
2017-09-22,56.86000061035156,56.900001525878906,56.22999954223633,56.5,18348,0.00759117956805055,351.0,359.5,350.0,359.5,0,-0.0028449521322312507
2017-09-25,59.02000045776367,59.220001220703125,56.70000076293945,56.88999938964844,23811,0.03728426031372966,351.0,351.0,351.0,351.0,0,0.0
2017-09-26,58.43999862670898,59.4900016784668,57.77999877929688,59.20000076293945,28328,-0.009875813887533946,351.0,361.0,351.0,359.0,0,0.0
2017-09-27,57.900001525878906,58.86000061035156,57.56999969482422,58.59999847412109,15305,-0.009283152450692956,351.0,359.7200012207031,351.0,359.7200012207031,0,0.0
2017-09-28,57.40999984741211,58.619998931884766,56.84999847412109,57.66999816894531,7005,-0.008498909410960761,350.0,359.0,350.0,359.0,0,-0.002853068982406399
2017-09-29,57.540000915527344,57.7599983215332,57.209999084472656,57.52999877929688,27369,0.002261872512864903,351.0,358.5,351.0,358.5,0,0.0028530689824064807
2017-10-02,56.119998931884766,56.75,55.5099983215332,56.619998931884766,19371,-0.024988137832989744,351.0,358.5,351.0,358.5,0,0.0
2017-10-03,56.0,56.38999938964844,55.68999862670898,56.08000183105469,21948,-0.002140545466408825,358.5,360.0,359.5,359.5,0,0.021142436573809164
2017-10-04,55.79999923706055,56.18999862670898,55.38999938964844,55.70000076293945,25898,-0.003577835020634081,360.0,359.0,352.0,359.0,0,0.004175371410480592
2017-10-05,57.0,57.2400016784668,55.70000076293945,55.77000045776367,32050,0.021277412120035092,351.0,361.0,353.0,360.0,0,-0.025317807984289897
2017-10-06,55.619998931884766,57.27000045776367,55.13999938964844,56.97999954223633,33642,-0.02450843823252938,351.0,360.0,351.0,359.0,0,0.0
2017-10-09,55.790000915527344,55.97999954223633,55.060001373291016,55.4900016784668,23056,0.0030518286656570216,351.0,360.0,359.0,360.0,0,0.0
2017-10-10,56.61000061035156,56.90999984741211,55.68999862670898,55.70000076293945,21094,0.014591000562582283,359.0,359.7900085449219,351.0,359.0,0,0.022536165022413127
2017-10-11,56.93999862670898,57.09000015258789,56.15999984741211,56.540000915527344,21840,0.005812398901418527,352.0,360.0,351.0,359.0,0,-0.01969121289018182
2017-10-12,56.25,56.81999969482422,55.880001068115234,56.65999984741211,22286,-0.012192016647149171,351.0,360.0,351.0,359.0,0,-0.0028449521322312507
2017-10-13,57.16999816894531,57.560001373291016,56.380001068115234,56.470001220703125,23433,0.016223212163106262,351.0,360.0,350.0,359.0,0,0.0
2017-10-16,57.81999969482422,58.470001220703125,57.119998931884766,57.119998931884766,22799,0.01130547806253279,352.0,359.7900085449219,359.5,359.5,0,0.0028449521322313448
2017-10-17,57.880001068115234,58.34999847412109,57.18000030517578,57.84000015258789,31599,0.0010371889070750005,360.5,360.5,352.0,360.5,0,0.023860781126906695
2017-10-18,58.150001525878906,58.540000915527344,57.75,58.06999969482422,25606,0.0046539849878236075,352.0,360.0,351.0,360.0,0,-0.023860781126906663
2017-10-19,57.22999954223633,58.27999877929688,57.040000915527344,58.20000076293945,29999,-0.015947676782722436,351.0,359.0,351.0,359.0,0,-0.0028449521322312507
2017-10-20,57.75,57.900001525878906,56.59999847412109,57.290000915527344,28185,0.009045120979558372,352.0,359.0,351.0,359.0,0,0.0028449521322313448
2017-10-23,57.369998931884766,58.02999877929688,57.27999877929688,57.970001220703125,25947,-0.006601849406133422,357.0,359.0,356.0,359.0,0,0.014104606181541945
2017-10-24,58.33000183105469,58.47999954223633,57.02999877929688,57.36000061035156,32802,0.016595072161078975,359.0,359.0,356.0,359.0,0,0.005586606708639776
2017-10-25,58.43999862670898,58.72999954223633,57.86000061035156,58.459999084472656,26265,0.0018839912264879913,353.0,360.0,353.0,360.0,0,-0.016854331554982074
2017-10-26,59.29999923706055,59.54999923706055,58.040000915527344,58.47999954223633,26572,0.014608729754585053,360.0,360.0,352.0,359.0,0,0.019635974516858935
2017-10-27,60.43999862670898,60.65999984741211,58.81999969482422,59.4900016784668,15873,0.01904182154505796,352.0,359.0,352.0,359.0,0,-0.02247285585205863
2017-10-30,60.900001525878906,61.0,60.15999984741211,60.650001525878906,14987,0.007582085088354185,353.0,360.0,353.0,359.0,0,0.0028368813351997567
2017-10-31,61.369998931884766,61.380001068115234,60.54999923706055,60.869998931884766,1113,0.007687899225154184,357.0,359.0,356.0,359.0,0,0.011267724846342288
2017-11-01,61.290000915527344,61.290000915527344,61.290000915527344,61.290000915527344,30560,-0.0013043865612177993,356.0,357.0,353.0,356.0,0,-0.0028050509276086096
2017-11-02,60.619998931884766,60.81999969482422,60.040000915527344,60.43999862670898,27721,-0.010991858425462138,353.0,354.0,353.0,353.0,0,-0.008462673918733654
2017-11-03,62.06999969482422,62.220001220703125,60.59999847412109,60.72999954223633,25695,0.023637921499114305,354.0,354.0,352.0,354.0,0,0.002828856200477623
2017-11-06,64.2699966430664,64.44000244140625,62.130001068115234,62.130001068115234,32269,0.0348301316425363,354.0,354.0,353.0,354.0,0,0.0
2017-11-07,63.68999862670898,64.63999938964844,63.4900016784668,64.08999633789062,34317,-0.009065364330298264,352.0,352.0,352.0,352.0,0,-0.005665737535677308
2017-11-08,63.4900016784668,64.63999938964844,62.95000076293945,63.630001068115234,41527,-0.0031451032020910195,353.0,354.0,353.0,354.0,0,0.0028368813351997567
2017-11-09,63.93000030517578,64.23999786376953,63.27000045776367,63.5,24929,0.006906299933158615,352.0,354.0,352.0,352.0,0,-0.0028368813351997263
2017-11-10,63.52000045776367,64.2699966430664,63.34999847412109,63.83000183105469,24446,-0.006433915406741011,353.0,353.5,353.0,353.0,0,0.0028368813351997567
2017-11-13,63.15999984741211,63.72999954223633,62.619998931884766,63.619998931884766,29816,-0.005683637173940227,352.0,355.0,352.0,352.0,0,-0.0028368813351997263
2017-11-14,62.209999084472656,63.209999084472656,61.209999084472656,63.15999984741211,46259,-0.01515544316134171,355.0,357.0,355.0,355.0,0,0.008486613877318725
2017-11-15,61.869998931884766,62.119998931884766,61.310001373291016,61.5,27356,-0.0054803515311714285,356.0,357.0,357.0,357.0,0,0.0028129413766146577
2017-11-17,62.720001220703125,62.900001525878906,61.09000015258789,61.45000076293945,30936,0.021922228498833234,357.0,357.0,357.0,357.0,0,0.0028050509276086816
2017-11-20,62.220001220703125,62.79999923706055,61.43999862670898,62.720001220703125,23428,-0.008003884416258801,358.0,358.0,355.0,358.0,0,0.002797204621061219
2017-11-21,62.56999969482422,62.84000015258789,62.040000915527344,62.130001068115234,30389,0.005609414044287737,355.0,356.0,355.0,356.0,0,-0.008415196925284472
2017-11-22,63.31999969482422,63.40999984741211,62.630001068115234,62.709999084472656,29926,0.011915305060309446,356.0,356.0,355.0,356.0,0,0.0028129413766146577
2017-11-24,63.86000061035156,63.95000076293945,62.88999938964844,63.22999954223633,21047,0.008491966651054762,355.0,356.0,355.0,355.0,0,-0.0028129413766146126
2017-11-27,63.84000015258789,63.97999954223633,63.09999847412109,63.84999847412109,22019,-0.0003132413125719601,356.0,356.0,356.0,356.0,0,0.0028129413766146577
2017-11-28,63.61000061035156,63.900001525878906,63.11000061035156,63.709999084472656,15235,-0.0036092552457876455,357.0,357.0,356.0,357.0,0,0.0028050509276086816
2017-11-29,63.11000061035156,64.04000091552734,62.54999923706055,63.34000015258789,10166,-0.007891455018544935,356.0,358.0,355.0,355.0,0,-0.0028050509276086096
2017-11-30,63.56999969482422,64.19999694824219,63.20000076293945,63.34000015258789,2034,0.00726241088030981,357.0,357.0,256.0,357.0,0,0.0028050509276086816
2017-12-01,63.4900016784668,63.4900016784668,63.4900016784668,63.4900016784668,28073,-0.0012592165286221444,357.0,357.0,355.0,357.0,0,0.0
2017-12-04,62.45000076293945,63.63999938964844,62.31999969482422,63.4900016784668,27437,-0.01651619083067809,356.0,356.0,355.0,356.0,0,-0.0028050509276086096
2017-12-05,62.86000061035156,63.130001068115234,62.13999938964844,62.38999938964844,21380,0.006543792290727291,356.0,357.0,356.0,356.0,0,0.0
2017-12-06,61.220001220703125,62.91999816894531,61.13999938964844,62.77000045776367,25263,-0.026436087622239087,358.0,358.0,356.0,358.0,0,0.0056022555486697516
2017-12-07,62.20000076293945,62.25,61.15999984741211,61.2400016784668,19281,0.015881058554161782,355.0,356.0,355.0,355.0,0,-0.008415196925284472
2017-12-08,63.400001525878906,63.630001068115234,61.93999862670898,61.93999862670898,28508,0.019108873499629198,356.0,358.0,356.0,356.0,0,0.0028129413766146577
2017-12-11,64.69000244140625,64.91999816894531,62.9900016784668,63.34000015258789,44515,0.020142782285310027,359.0,356.0,355.0,356.0,0,0.00839165763624838
2017-12-12,63.34000015258789,65.81999969482422,63.09000015258789,64.73999786376953,55976,-0.021089624276458014,356.0,356.0,356.0,356.0,0,-0.008391657636248401
2017-12-13,62.43999862670898,64.30999755859375,62.36000061035156,63.900001525878906,34080,-0.014310969866061956,357.0,357.0,357.0,357.0,0,0.0028050509276086816
2017-12-14,63.310001373291016,63.5,62.02000045776367,62.84000015258789,29866,0.013837242594108309,358.0,358.0,357.0,358.0,0,0.002797204621061219
2017-12-15,63.22999954223633,63.66999816894531,63.08000183105469,63.41999816894531,21478,-0.0012644514167066542,358.0,358.0,357.0,358.0,0,0.0
2017-12-18,63.40999984741211,63.90999984741211,63.0,63.31999969482422,20560,0.002842710474708495,358.0,358.0,355.0,358.0,0,0.0
2017-12-19,63.79999923706055,63.90999984741211,63.29999923706055,63.43999862670898,22157,0.006131603086874659,356.0,356.0,356.0,356.0,0,-0.005602255548669898
2017-12-20,64.55999755859375,64.5999984741211,63.68000030517578,63.84999847412109,26006,0.011841807753165146,358.0,358.0,357.0,358.0,0,0.0056022555486697516
2017-12-21,64.9000015258789,64.91999816894531,64.19000244140625,64.4800033569336,17911,0.005252661075664623,358.0,356.0,356.0,356.0,0,0.0
2017-12-22,65.25,65.27999877929688,64.38999938964844,64.5999984741211,14337,0.005378398981527463,358.0,356.0,356.0,356.0,0,0.0
2017-12-26,67.0199966430664,67.08000183105469,65.01000213623047,65.06999969482422,9850,0.026764986017825648,356.0,357.0,356.0,356.0,0,0.0
2017-12-27,66.44000244140625,66.94000244140625,66.05000305175781,66.72000122070312,11890,-0.008691710729504734,356.0,357.0,355.0,356.0,0,0.0
2017-12-28,66.72000122070312,66.77999877929688,66.29000091552734,66.41999816894531,2057,0.004205454855277508,357.0,358.0,355.0,355.0,0,0.0028050509276086816
2017-12-29,66.5999984741211,66.5999984741211,66.5999984741211,66.5999984741211,12234,-0.0018002217111527802,357.0,357.0,356.0,357.0,0,0.0
2018-01-02,66.56999969482422,67.27999877929688,66.2300033569336,66.41999816894531,24294,-0.0004505336069201585,357.0,357.0,357.0,357.0,0,0.0
2018-01-03,67.83999633789062,68.01000213623047,66.4000015258789,66.48999786376953,25878,0.01889791647375279,356.0,357.0,355.0,355.0,0,-0.0028050509276086096
2018-01-04,68.06999969482422,68.26000213623047,67.52999877929688,68.0,22840,0.003384645474514864,356.0,357.0,356.0,356.0,0,0.0
2018-01-05,67.62000274658203,68.08999633789062,67.2699966430664,68.05999755859375,18290,-0.00663274507896233,358.0,358.0,357.0,358.0,0,0.0056022555486697516
2018-01-08,67.77999877929688,67.9800033569336,67.44999694824219,67.81999969482422,17704,0.0023633102714878816,357.0,357.0,355.0,357.0,0,-0.002797204621061254
2018-01-09,68.81999969482422,69.19999694824219,67.69000244140625,67.93000030517578,25548,0.015227247765807283,355.0,358.0,355.0,355.0,0,-0.005617992304223261
2018-01-10,69.19999694824219,69.36000061035156,68.75,69.16999816894531,21538,0.005506422588147696,358.0,358.0,357.0,358.0,0,0.008415196925284498
2018-01-11,69.26000213623047,70.02999877929688,69.0,69.08000183105469,33268,0.0008667512948383967,358.0,358.0,358.0,358.0,0,0.0
2018-01-12,69.87000274658203,69.91999816894531,68.61000061035156,69.12999725341797,23032,0.008768842056333834,358.0,358.0,358.0,358.0,0,0.0
2018-01-16,69.1500015258789,70.37000274658203,68.83999633789062,69.91000366210938,33284,-0.010358331697264843,357.0,358.0,357.0,357.0,0,-0.002797204621061254
2018-01-17,69.37999725341797,69.58999633789062,68.54000091552734,69.38999938964844,20500,0.00332052177710048,358.0,358.0,358.0,358.0,0,0.002797204621061219
2018-01-18,69.30999755859375,69.66000366210938,68.80000305175781,69.43000030517578,20117,-0.00100944124863618,357.0,358.0,358.0,358.0,0,-0.002797204621061254
2018-01-19,68.61000061035156,69.1500015258789,68.2699966430664,69.13999938964844,22077,-0.010150855106692438,358.0,358.0,358.0,358.0,0,0.002797204621061219
2018-01-22,69.02999877929688,69.51000213623047,68.38999938964844,68.77999877929688,23250,0.00610286943296717,358.0,358.0,355.0,358.0,0,0.0
2018-01-23,69.95999908447266,70.23999786376953,69.12000274658203,69.25,23749,0.013382462032238213,355.0,359.0,355.0,355.0,0,-0.008415196925284472
2018-01-24,70.52999877929688,70.91000366210938,69.54000091552734,69.87999725341797,23732,0.008114496848553532,358.0,358.0,357.0,357.0,0,0.008415196925284498
2018-01-25,70.41999816894531,71.26000213623047,69.97000122070312,70.70999908447266,24111,-0.0015608461875212208,358.0,359.0,358.0,358.0,0,0.0
2018-01-26,70.5199966430664,70.83000183105469,69.83999633789062,70.0999984741211,30361,0.001419022202099801,359.0,359.0,358.0,359.0,0,0.0027894020875785922
2018-01-29,69.45999908447266,70.63999938964844,69.08000183105469,70.5199966430664,17623,-0.01514527579180667,359.0,359.0,358.0,359.0,0,0.0
2018-01-30,69.0199966430664,69.5199966430664,68.41999816894531,69.5199966430664,12571,-0.006354765102544165,357.0,358.0,357.0,357.0,0,-0.005586606708639823
2018-01-31,69.05000305175781,69.06999969482422,68.30000305175781,68.37999725341797,1494,0.0004346550189056237,357.0,359.0,357.0,357.0,0,0.0
2018-02-01,69.08000183105469,69.08000183105469,69.08000183105469,69.08000183105469,29317,0.0004343557331221614,358.0,359.0,358.0,358.0,0,0.002797204621061219
2018-02-02,68.58000183105469,70.01000213623047,67.95999908447266,69.75,27547,-0.007264306050452695,357.0,358.0,357.0,357.0,0,-0.002797204621061254
2018-02-05,67.62000274658203,68.45999908447266,67.0,68.19999694824219,32399,-0.01409713583668361,357.0,356.0,355.0,355.0,0,0.0
2018-02-06,66.86000061035156,67.58999633789062,66.55000305175781,66.98999786376953,32169,-0.011302947776881253,355.0,359.0,355.0,355.0,0,-0.005617992304223261
2018-02-07,65.51000213623047,67.72000122070312,65.16000366210938,67.2300033569336,56412,-0.020398054767740818,358.0,359.0,358.0,358.0,0,0.008415196925284498
2018-02-08,64.80999755859375,65.58999633789062,64.11000061035156,65.44000244140625,37936,-0.010742960583596767,357.0,357.0,357.0,357.0,0,-0.002797204621061254
2018-02-09,62.790000915527344,64.62999725341797,61.77000045776367,64.37999725341797,34853,-0.03166403506261424,358.0,359.0,358.0,358.0,0,0.002797204621061219
2018-02-12,62.59000015258789,64.41000366210938,62.560001373291016,62.63999938964844,33192,-0.0031903163322948877,359.0,358.0,358.0,358.0,0,0.0027894020875785922
2018-02-13,62.720001220703125,63.09999847412109,61.7599983215332,62.7400016784668,38693,0.0020748721303877004,358.0,359.0,358.0,358.0,0,-0.0027894020875785254
2018-02-14,64.36000061035156,64.55999755859375,61.959999084472656,62.470001220703125,40865,0.025811936102688185,359.0,359.0,358.0,359.0,0,0.0027894020875785922
2018-02-15,64.33000183105469,65.0999984741211,63.119998931884766,64.31999969482422,36176,-0.000466217721208092,357.0,358.0,357.0,357.0,0,-0.005586606708639823
2018-02-16,64.83999633789062,65.19999694824219,64.19000244140625,64.41000366210938,27034,0.007896526501930536,357.0,359.0,357.0,357.0,0,0.0
2018-02-20,65.25,65.83000183105469,64.77999877929688,64.86000061035156,34029,0.00630340581449902,357.0,359.0,357.0,357.0,0,0.0
2018-02-21,65.41999816894531,65.52999877929688,64.4000015258789,65.11000061035156,26015,0.0026019479182159775,359.0,359.0,355.0,359.0,0,0.005586606708639776
2018-02-22,66.38999938964844,66.55000305175781,64.63999938964844,65.01000213623047,29052,0.014718439416622934,356.0,359.0,355.0,356.0,0,-0.008391657636248401
2018-02-23,67.30999755859375,67.37000274658203,65.80000305175781,66.25,20948,0.013762344213901347,359.0,359.0,358.0,359.0,0,0.00839165763624838
2018-02-26,67.5,67.9000015258789,66.73999786376953,67.30000305175781,20385,0.002818820126940848,358.0,359.0,358.0,358.0,0,-0.0027894020875785254
2018-02-27,66.62999725341797,67.62999725341797,66.37000274658203,67.55999755859375,9005,-0.01297271252544142,357.0,358.0,357.0,357.0,0,-0.002797204621061254
2018-02-28,65.77999877929688,66.87999725341797,65.54000091552734,66.33000183105469,1241,-0.012839063149491679,358.0,359.0,358.0,358.0,0,0.002797204621061219
2018-03-01,65.70999908447266,65.70999908447266,65.70999908447266,65.70999908447266,44819,-0.001064715226621099,359.0,358.0,358.0,358.0,0,0.0027894020875785922
2018-03-02,64.37000274658203,64.68000030517578,63.20000076293945,64.23999786376953,39587,-0.02060337824374035,358.0,358.0,358.0,358.0,0,-0.0027894020875785254
2018-03-05,65.54000091552734,65.87000274658203,64.0999984741211,64.69000244140625,31209,0.018012928506464795,359.0,359.0,355.0,359.0,0,0.0027894020875785922
2018-03-06,65.79000091552734,66.1500015258789,65.30999755859375,65.58999633789062,24251,0.003807207774156173,356.0,356.0,356.0,356.0,0,-0.008391657636248401
2018-03-07,64.33999633789062,65.77999877929688,63.84000015258789,65.43000030517578,36313,-0.022286400121013766,359.0,358.0,356.0,358.0,0,0.00839165763624838
2018-03-08,63.61000061035156,64.55000305175781,63.43000030517578,64.55000305175781,44008,-0.011410764606870223,355.0,356.0,355.0,355.0,0,-0.011204599012863132
2018-03-09,65.48999786376953,65.62000274658203,63.70000076293945,63.84999847412109,33619,0.02912672632484913,356.0,356.0,355.0,356.0,0,0.0028129413766146577
2018-03-12,64.94999694824219,65.83000183105469,64.18000030517578,65.54000091552734,19165,-0.008279730480432094,355.0,356.0,355.0,355.0,0,-0.0028129413766146126
2018-03-13,64.63999938964844,65.66000366210938,64.04000091552734,64.91999816894531,34247,-0.004784291359824074,355.0,355.0,355.0,355.0,0,0.0
2018-03-14,64.88999938964844,65.19000244140625,64.06999969482422,64.66999816894531,29439,0.0038601144566154,355.0,358.0,355.0,355.0,0,0.0
2018-03-15,65.12000274658203,65.38999938964844,64.61000061035156,64.8499984741211,22542,0.003538244644391206,357.0,359.0,357.0,357.0,0,0.005617992304223274
2018-03-16,66.20999908447266,66.41999816894531,64.88999938964844,65.05000305175781,29187,0.01659973123759865,357.0,358.0,357.0,357.0,0,0.0
2018-03-19,66.05000305175781,66.3499984741211,65.38999938964844,66.12000274658203,28050,-0.002419417937040103,357.0,357.0,357.0,357.0,0,0.0
2018-03-20,67.41999816894531,67.88999938964844,66.16999816894531,66.19999694824219,35782,0.02052960547490465,355.0,357.0,355.0,355.0,0,-0.005617992304223261
2018-03-21,69.47000122070312,69.8499984741211,67.47000122070312,67.55999755859375,43370,0.02995333962945829,357.0,357.0,357.0,357.0,0,0.005617992304223274
2018-03-22,68.91000366210938,69.91000366210938,68.58000183105469,69.7699966430664,37699,-0.008093663763966556,357.0,358.0,357.0,357.0,0,0.0
2018-03-23,70.44999694824219,70.56999969482422,68.80000305175781,68.9000015258789,49285,0.02210183651413986,357.0,358.0,357.0,357.0,0,0.0
2018-03-26,70.12000274658203,71.05000305175781,69.66999816894531,70.63999938964844,28882,-0.004695095803850353,357.0,357.0,355.0,357.0,0,0.0
2018-03-27,70.11000061035156,71.02999877929688,69.45999908447266,70.20999908447266,15583,-0.00014265329826704284,356.0,356.0,356.0,356.0,0,-0.0028050509276086096
2018-03-28,69.52999877929688,70.25,68.77999877929688,69.68000030517578,16988,-0.008307149370073041,357.0,358.0,355.0,357.0,0,0.0028050509276086816
2018-03-29,70.2699966430664,70.43000030517578,69.12999725341797,69.80999755859375,37805,0.010586620877743185,356.0,356.0,355.0,356.0,0,-0.0028050509276086096
2018-04-02,67.63999938964844,70.02999877929688,67.4800033569336,69.41999816894531,25064,-0.03814540242532462,355.0,355.0,355.0,355.0,0,0.0
2018-04-03,68.12000274658203,68.41999816894531,67.58999633789062,67.6500015258789,22815,0.007071381107396927,357.0,358.0,357.0,357.0,0,0.005617992304223274
2018-04-04,68.0199966430664,68.2699966430664,66.69999694824219,68.13999938964844,39674,-0.001469165887353392,358.0,358.0,355.0,358.0,0,0.002797204621061219
2018-04-05,68.33000183105469,68.91999816894531,67.7300033569336,68.3499984741211,28888,0.004547205363023069,355.0,359.0,355.0,355.0,0,-0.008415196925284472
2018-04-06,67.11000061035156,68.62000274658203,66.86000061035156,68.58999633789062,30749,-0.018015862324975044,355.0,359.0,355.0,355.0,0,0.0
2018-04-09,68.6500015258789,68.80000305175781,67.02999877929688,67.02999877929688,23967,0.022688081175971132,359.0,359.0,359.0,359.0,0,0.011204599012863062
2018-04-10,71.04000091552734,71.31999969482422,68.4800033569336,68.55999755859375,45123,0.03422195713049319,358.0,359.0,358.0,358.0,0,-0.0027894020875785254
2018-04-11,72.05999755859375,73.08000183105469,70.55999755859375,71.02999877929688,50064,0.014255959868354675,358.0,359.0,358.0,358.0,0,0.0
2018-04-12,72.0199966430664,72.45999908447266,71.08999633789062,71.93000030517578,38029,-0.0005552598301620498,358.0,359.0,358.0,358.0,0,0.0
2018-04-13,72.58000183105469,72.86000061035156,71.61000061035156,72.16999816894531,36895,0.007745615403414898,359.0,359.0,359.0,359.0,0,0.0027894020875785922
2018-04-16,71.41999816894531,72.87999725341797,71.12999725341797,72.62000274658203,33532,-0.01611151048455295,359.0,359.0,356.0,359.0,0,0.0
2018-04-17,71.58000183105469,71.87999725341797,70.83000183105469,71.5999984741211,36784,0.0022378143899543564,359.0,359.0,359.0,359.0,0,0.0
2018-04-18,73.4800033569336,73.91999816894531,71.6500015258789,71.7699966430664,34300,0.026197575113506785,358.0,359.0,358.0,358.0,0,-0.0027894020875785254
2018-04-19,73.77999877929688,74.73999786376953,73.45999908447266,73.76000213623047,37579,0.004074369591431853,358.0,358.0,358.0,358.0,0,0.0
2018-04-20,74.05999755859375,74.19999694824219,72.83000183105469,74.0,32478,0.0037878668968654946,359.0,359.0,358.0,359.0,0,0.0027894020875785922
2018-04-23,74.70999908447266,75.11000061035156,73.12999725341797,73.87999725341797,41835,0.008738397213076579,359.0,359.0,359.0,359.0,0,0.0
2018-04-24,73.86000061035156,75.45999908447266,73.69999694824219,74.9000015258789,46897,-0.011442522045249749,359.0,359.0,359.0,359.0,0,0.0
2018-04-25,74.0,74.18000030517578,73.18000030517578,73.94999694824219,38845,0.0018936755161246424,358.0,358.0,358.0,358.0,0,-0.0027894020875785254
2018-04-26,74.73999786376953,74.94999694824219,74.05999755859375,74.06999969482422,26826,0.00995030227100992,358.0,359.0,358.0,358.0,0,0.0
2018-04-27,74.63999938964844,75.01000213623047,74.37999725341797,74.70999908447266,15535,-0.0013388471133630318,358.0,358.0,358.0,358.0,0,0.0
2018-04-30,75.16999816894531,75.36000061035156,73.55000305175781,74.37999725341797,1630,0.0070756424687114265,359.0,359.0,358.0,359.0,0,0.0027894020875785922
2018-05-01,75.16999816894531,75.16999816894531,75.16999816894531,75.16999816894531,39208,0.0,359.0,359.0,358.0,359.0,0,0.0
2018-05-02,73.36000061035156,73.62000274658203,72.37000274658203,73.20999908447266,34769,-0.024373354562368353,359.0,358.0,358.0,358.0,0,0.0
2018-05-03,73.62000274658203,74.08000183105469,72.4800033569336,73.13999938964844,35839,0.0035379289902672437,359.0,359.0,358.0,359.0,0,0.0
2018-05-04,74.87000274658203,75.05000305175781,73.25,73.76000213623047,30457,0.01683654766884664,359.0,359.0,358.0,359.0,0,0.0
2018-05-07,76.16999816894531,76.33000183105469,74.8499984741211,74.9800033569336,21266,0.01721434741836949,358.0,359.0,358.0,358.0,0,-0.0027894020875785254
2018-05-08,74.8499984741211,76.18000030517578,73.0999984741211,75.66000366210938,50813,-0.01748156986582983,358.0,359.0,359.0,359.0,0,0.0
2018-05-09,77.20999908447266,77.41000366210938,75.86000061035156,75.86000061035156,34902,0.031042879983284342,359.0,359.0,359.0,359.0,0,0.0027894020875785922
2018-05-10,77.47000122070312,77.97000122070312,76.5,77.29000091552734,32445,0.0033618099378208057,359.0,360.0,359.0,359.0,0,0.0
2018-05-11,77.12000274658203,77.58999633789062,76.94999694824219,77.41000366210938,25651,-0.004528094484235574,360.0,359.0,359.0,359.0,0,0.0027816429618767705
2018-05-14,78.2300033569336,78.5199966430664,76.54000091552734,77.08999633789062,29917,0.014290562691382748,358.0,360.0,358.0,358.0,0,-0.00557104504945536
2018-05-15,78.43000030517578,79.44999694824219,77.9000015258789,78.52999877929688,41100,0.0025532625075684705,360.0,360.0,359.0,360.0,0,0.0055710450494554295
2018-05-16,79.27999877929688,79.33000183105469,77.62999725341797,78.12999725341797,31226,0.010779363508732633,360.0,360.0,358.0,360.0,0,0.0
2018-05-17,79.30000305175781,80.5,79.12000274658203,79.23999786376953,38385,0.0002522925001395829,360.0,360.0,358.0,360.0,0,0.0
2018-05-18,78.51000213623047,79.86000061035156,78.33000183105469,79.51000213623047,30828,-0.010012134704682069,360.0,360.0,358.0,360.0,0,0.0
2018-05-21,79.22000122070312,79.58999633789062,78.11000061035156,78.52999877929688,19520,0.009002775182973044,358.0,359.0,358.0,358.0,0,-0.00557104504945536
2018-05-22,79.56999969482422,80.48999786376953,79.16999816894531,79.48999786376953,29522,0.004408325951333852,360.0,360.0,360.0,360.0,0,0.0055710450494554295
2018-05-23,79.80000305175781,79.8499984741211,78.2300033569336,79.48999786376953,30786,0.0028864091442101646,360.0,360.0,359.0,360.0,0,0.0
2018-05-24,78.79000091552734,79.83999633789062,78.56999969482422,79.70999908447266,25431,-0.012737445820902924,360.0,360.0,359.0,360.0,0,0.0
2018-05-25,76.44000244140625,78.86000061035156,76.0,78.86000061035156,42387,-0.0302799455665095,359.0,359.0,359.0,359.0,0,-0.0027816429618768026
2018-05-29,75.38999938964844,76.18000030517578,74.51000213623047,75.5,19800,-0.013831519183240644,359.0,359.0,355.0,359.0,0,0.0
2018-05-30,77.5,77.72000122070312,74.87999725341797,75.4000015258789,9673,0.027603304231612953,356.0,356.0,356.0,356.0,0,-0.008391657636248401
2018-05-31,77.58999633789062,78.72000122070312,77.08000183105469,77.54000091552734,1039,0.0011605693483421066,359.0,359.0,359.0,359.0,0,0.00839165763624838
2018-06-01,77.58999633789062,77.58999633789062,77.58999633789062,77.58999633789062,35684,0.0,359.0,359.0,359.0,359.0,0,0.0
2018-06-04,75.29000091552734,76.93000030517578,75.19999694824219,76.61000061035156,31642,-0.030091169685600033,358.0,359.0,358.0,358.0,0,-0.0027894020875785254
2018-06-05,75.37999725341797,75.7300033569336,73.81999969482422,75.5199966430664,43436,0.00119461538046315,358.0,359.0,358.0,358.0,0,0.0
2018-06-06,75.36000061035156,76.26000213623047,74.47000122070312,75.08999633789062,37262,-0.0002653130352539455,358.0,359.0,358.0,358.0,0,0.0
2018-06-07,77.31999969482422,77.37000274658203,75.41999816894531,75.91000366210938,36710,0.025676012025958605,358.0,358.0,357.0,358.0,0,0.0
2018-06-08,76.45999908447266,77.58000183105469,76.13999938964844,77.26000213623047,21902,-0.011184934098882972,358.0,358.0,357.0,358.0,0,0.0
2018-06-11,76.45999908447266,76.81999969482422,75.52999877929688,76.38999938964844,22516,0.0,358.0,359.0,359.0,359.0,0,0.0
2018-06-12,75.87999725341797,77.06999969482422,75.44999694824219,76.44999694824219,26330,-0.0076146074239047574,358.0,359.0,359.0,359.0,0,0.0
2018-06-13,76.73999786376953,76.87000274658203,75.19999694824219,75.4800033569336,30468,0.01126994811113388,358.0,359.0,358.0,358.0,0,0.0
2018-06-14,75.94000244140625,76.91000366210938,75.7699966430664,76.55000305175781,24181,-0.010479470028754115,359.0,359.0,355.0,359.0,0,0.0027894020875785922
2018-06-15,73.44000244140625,76.91000366210938,73.06999969482422,76.55000305175781,30144,-0.033474807397019496,356.0,359.0,356.0,356.0,0,-0.008391657636248401
2018-06-18,75.33999633789062,75.54000091552734,72.44000244140625,73.05000305175781,31861,0.025542374100340357,358.0,358.0,358.0,358.0,0,0.0056022555486697516
2018-06-19,75.08000183105469,75.52999877929688,74.44999694824219,75.41999816894531,33282,-0.0034569175497676454,358.0,358.0,358.0,358.0,0,0.0
2018-06-20,74.73999786376953,75.8499984741211,74.11000061035156,75.0199966430664,47160,-0.004538840631176701,358.0,358.0,358.0,358.0,0,0.0
2018-06-21,73.05000305175781,74.68000030517578,72.94000244140625,74.36000061035156,49077,-0.022871215502184482,360.0,360.0,359.0,360.0,0,0.0055710450494554295
2018-06-22,75.55000305175781,75.80999755859375,73.18000030517578,73.37000274658203,59882,0.033650549139634896,358.0,358.0,358.0,358.0,0,-0.00557104504945536
2018-06-25,74.7300033569336,75.12999725341797,73.73999786376953,75.06999969482422,41565,-0.010913066249602782,358.0,358.0,358.0,358.0,0,0.0
2018-06-26,76.30999755859375,76.69999694824219,74.12999725341797,74.75,41470,0.020922296445246357,358.0,358.0,357.0,358.0,0,0.0
2018-06-27,77.62000274658203,78.16999816894531,76.27999877929688,76.4800033569336,24472,0.017021202017464463,357.0,358.0,357.0,357.0,0,-0.002797204621061254
2018-06-28,77.8499984741211,78.4000015258789,77.11000061035156,77.51000213623047,14662,0.0029587173540261613,357.0,357.0,357.0,357.0,0,0.0
2018-06-29,79.44000244140625,79.69999694824219,77.7699966430664,77.7699966430664,37117,0.020218171789859518,357.0,360.3800048828125,359.2799987792969,360.3800048828125,0,0.0
2018-07-02,77.30000305175781,78.93000030517578,77.18000030517578,78.9000015258789,30859,-0.027308055396845818,359.5,360.0,358.3599853515625,358.3599853515625,0,0.006978395381462278
2018-07-03,77.76000213623047,78.55999755859375,76.68000030517578,77.41999816894531,22785,0.005933192551504872,360.0,360.0,359.45001220703125,359.7799987792969,0,0.0013898542890542977
2018-07-05,77.38999938964844,78.48999786376953,77.30999755859375,78.11000061035156,27678,-0.004769622228613259,359.6099853515625,360.0,358.0,359.260009765625,0,-0.0010839612972712892
2018-07-06,77.11000061035156,77.69999694824219,76.37000274658203,77.58000183105469,25487,-0.0036245836354643884,360.0,360.0,359.29998779296875,359.29998779296875,0,0.0010839612972713443
2018-07-09,78.06999969482422,78.30999755859375,77.06999969482422,77.23999786376953,14925,0.012372874462992286,360.0,360.0,358.1300048828125,360.0,0,0.0
2018-07-10,78.86000061035156,79.5,78.20999908447266,78.25,19767,0.01006827996596847,358.0,360.04998779296875,359.5,360.04998779296875,0,-0.00557104504945536
2018-07-11,73.4000015258789,78.88999938964844,73.04000091552734,78.83000183105469,48913,-0.07175017978015552,360.5,360.5,359.5,360.5,0,0.0069589703243035225
2018-07-12,74.44999694824219,75.12999725341797,72.68000030517578,73.77999877929688,46443,0.014203761730303757,360.0,360.6400146484375,360.260009765625,360.3200073242188,0,-0.0013879252748480802
2018-07-13,75.33000183105469,75.91999816894531,73.2300033569336,74.33000183105469,27308,0.011750768005399823,360.5,360.5,359.0,360.5,0,0.0013879252748480759
2018-07-16,71.83999633789062,75.37000274658203,71.52999877929688,75.0,27134,-0.047437113126681335,360.0,361.0,358.0,360.0,0,-0.0013879252748480802
2018-07-17,72.16000366210938,72.77999877929688,71.36000061035156,71.9000015258789,28197,0.004444553486186912,360.5,360.5,360.5,360.5,0,0.0013879252748480759
2018-07-18,72.9000015258789,73.2699966430664,71.19999694824219,71.63999938964844,25625,0.010202733441516088,360.5,360.5,360.0,360.5,0,0.0
2018-07-19,72.58000183105469,73.80000305175781,71.83000183105469,72.9800033569336,31672,-0.004399232932722962,360.5,361.489990234375,359.0,360.5,0,0.0
2018-07-20,73.06999969482422,73.47000122070312,72.29000091552734,72.58999633789062,24861,0.006728454613628449,3.5899999141693115,360.7300109863281,359.42999267578125,359.42999267578125,0,-4.609339778133086
2018-07-23,73.05999755859375,74.48999786376953,72.52999877929688,72.91999816894531,29479,-0.000136893675960915,360.5,358.9700012207031,358.25,358.25,0,4.609339778133086
2018-07-24,73.44000244140625,74.01000213623047,72.68000030517578,73.0,21747,0.005187791605103308,358.9700012207031,361.0499877929688,359.2900085449219,359.2900085449219,0,-0.004253133787551091
2018-07-25,73.93000030517578,74.30000305175781,73.08000183105469,73.66000366210938,25329,0.0066499241411268626,361.0499877929688,361.8599853515625,360.9500122070313,361.4500122070313,0,0.005777596149929329
2018-07-26,74.54000091552734,74.81999969482422,73.77999877929688,74.3499984741211,26293,0.008217202636564766,360.9500122070313,361.5,359.6199951171875,360.2799987792969,0,-0.00027694068303734954
2018-07-27,74.29000091552734,74.8499984741211,73.83000183105469,74.47000122070312,15109,-0.0033595408460649974,361.5,363.6099853515625,361.0499877929688,362.55999755859375,0,0.0015225631944747189
2018-07-30,74.97000122070312,75.2699966430664,74.1500015258789,74.3499984741211,9053,0.009111684310114918,361.0499877929688,360.5,359.8099975585937,360.0199890136719,0,-0.0012456225114373688
2018-07-31,74.25,75.0999984741211,74.18000030517578,74.88999938964844,1463,-0.0096502721147163,360.5,361.3500061035156,359.17999267578125,359.17999267578125,0,-0.0015244623623782364
2018-08-01,74.25,74.25,74.25,74.25,23660,0.0,359.5,362.8200073242188,359.5,361.1600036621094,0,-0.002777779563902386
2018-08-02,73.44999694824219,73.73999786376953,71.83999633789062,72.5999984741211,21038,-0.010832916611702447,359.0,361.7200012207031,359.5,361.7200012207031,0,-0.001391788672822497
2018-08-03,73.20999908447266,73.7300033569336,72.4800033569336,73.44000244140625,15946,-0.003272849918051039,359.5,362.6600036621094,358.0,361.0799865722656,0,0.0013917886728224851
2018-08-06,73.75,74.45999908447266,73.13999938964844,73.29000091552734,20253,0.007348984066873682,360.0,360.5799865722656,359.9200134277344,360.0,0,0.0013898542890542977
2018-08-07,74.6500015258789,74.9000015258789,73.5999984741211,73.66000366210938,18289,0.012129549205710702,360.0,361.0499877929688,359.3399963378906,359.70001220703125,0,0.0
2018-08-08,72.27999877929688,74.86000061035156,71.66000366210938,74.52999877929688,23735,-0.032263095590144786,359.5,361.9500122070313,359.5,360.1600036621094,0,-0.0013898542890543016
2018-08-09,72.06999969482422,72.87999725341797,71.8499984741211,72.12999725341797,15939,-0.0029095841335811537,360.0,361.5299987792969,358.0,360.760009765625,0,0.0013898542890542977
2018-08-10,72.80999755859375,73.13999938964844,71.41000366210938,72.0,16195,0.010215410173510936,360.0,363.6900024414063,360.0,361.8399963378906,0,0.0
2018-08-13,72.61000061035156,73.08999633789062,71.04000091552734,72.98999786376953,17644,-0.0027506130773810645,360.0,361.2000122070313,360.0,361.2000122070313,0,0.0
2018-08-14,72.45999908447266,73.93000030517578,72.0999984741211,72.87999725341797,20737,-0.002067988966047131,360.0,362.1600036621094,360.0,360.1600036621094,0,0.0
2018-08-15,70.76000213623047,72.44000244140625,70.30000305175781,72.16999816894531,25245,-0.023740773350609572,360.0,361.0700073242188,359.5,360.0,0,0.0
2018-08-16,71.43000030517578,71.51000213623047,70.4000015258789,70.7699966430664,18403,0.009424053957869303,360.0,361.2999877929688,359.5,360.1099853515625,0,0.0
2018-08-17,71.83000183105469,72.4800033569336,71.2699966430664,71.3499984741211,15051,0.005584288138956603,360.0,362.05999755859375,360.0,360.6199951171875,0,0.0
2018-08-20,72.20999908447266,72.73999786376953,71.44999694824219,71.77999877929688,18514,0.005276286206198882,360.510009765625,362.1600036621094,359.5,360.55999755859375,0,0.0014156912295229939
2018-08-21,72.62999725341797,72.94999694824219,72.05999755859375,72.12999725341797,15578,0.005799494017581991,360.0,362.239990234375,359.5799865722656,359.7900085449219,0,-0.0014156912295229275
2018-08-22,74.77999877929688,74.98999786376953,72.68000030517578,72.75,19801,0.02917243142304816,361.5,362.0499877929688,360.0,361.0,0,0.004158010148663677
2018-08-23,74.7300033569336,74.88999938964844,74.20999908447266,74.88999938964844,14222,-0.0006687903620150069,361.0,362.3599853515625,361.6600036621094,361.6600036621094,0,-0.0013840832659384526
2018-08-24,75.81999969482422,76.4000015258789,74.69999694824219,74.73999786376953,19745,0.014480443200157673,362.0,363.4400024414063,361.3999938964844,362.7200012207031,0,0.00276625349289011
2018-08-27,76.20999908447266,76.3499984741211,75.4000015258789,75.61000061035156,9993,0.005130569601623007,360.0799865722656,360.8500061035156,359.5199890136719,359.5199890136719,0,-0.005318020132069723
2018-08-28,75.94999694824219,76.95999908447266,75.7300033569336,76.29000091552734,17281,-0.003417486804169961,360.8500061035156,361.55999755859375,358.7300109863281,359.7900085449219,0,0.00213618473885446
2018-08-29,77.13999938964844,77.41999816894531,75.69999694824219,75.91000366210938,8895,0.015546756007185997,361.55999755859375,361.6700134277344,361.25,361.6099853515625,0,0.0019656197452308883
2018-08-30,77.7699966430664,78.0,77.20999908447266,77.30999755859375,9125,0.008133764674135782,361.25,361.5499877929688,359.5899963378906,360.4200134277344,0,-0.0008577567511447202
2018-08-31,77.41999816894531,77.79000091552734,77.0999984741211,77.5,17690,-0.00451058804338391,361.5499877929688,362.5,361.6700134277344,362.0199890136719,0,0.0008300714312671119
2018-09-04,78.16999816894531,79.70999908447266,77.45999908447266,78.19000244140625,36059,0.009640797309655152,359.0199890136719,359.17999267578125,359.04998779296875,359.04998779296875,0,-0.007354164338829671
2018-09-05,77.2699966430664,78.05999755859375,76.91999816894531,77.88999938964844,27811,-0.011580180306942843,359.17999267578125,361.0199890136719,358.17999267578125,358.67999267578125,0,0.0004455685570476495
2018-09-06,76.5,77.75,75.63999938964844,77.13999938964844,31739,-0.010014997668798088,361.0199890136719,360.3800048828125,358.9599914550781,360.3800048828125,0,0.00510969282986814
2018-09-07,76.83000183105469,77.08000183105469,75.88999938964844,76.58000183105469,17798,0.004304471879601385,358.9599914550781,359.29998779296875,359.1000061035156,359.1000061035156,0,-0.005722390165894497
2018-09-10,77.37000274658203,77.91000366210938,76.8499984741211,76.8499984741211,23036,0.007003931348586209,359.29998779296875,362.9400024414063,359.29998779296875,359.29998779296875,0,0.0009467222819264427
2018-09-11,79.05999755859375,79.5199966430664,77.36000061035156,77.36000061035156,29921,0.02160788292743799,361.5,362.8500061035156,361.8599853515625,361.8599853515625,0,0.0061043814538285085
2018-09-12,79.73999786376953,80.11000061035156,78.75,79.47000122070312,29906,0.008564288175144456,362.7099914550781,362.9299926757813,357.0,362.5700073242188,0,0.0033415517467264193
2018-09-13,78.18000030517578,79.7699966430664,77.87000274658203,79.7699966430664,28501,-0.019757450894949784,360.5,363.1300048828125,361.0400085449219,361.0400085449219,0,-0.006111636620542134
2018-09-14,78.08999633789062,78.93000030517578,77.37999725341797,78.36000061035156,24296,-0.0011519034897375137,362.5,362.5,359.0199890136719,361.8800048828125,0,0.005532517569725698
2018-09-17,78.05000305175781,78.88999938964844,77.7300033569336,78.06999969482422,21749,-0.0005122747170968389,362.0,362.0,361.4100036621094,361.4100036621094,0,-0.001380262468958458
2018-09-18,79.02999877929688,79.72000122070312,77.5,77.88999938964844,22637,0.012477825709334747,361.0,362.0,358.8699951171875,361.1499938964844,0,-0.002766253492890185
2018-09-19,79.4000015258789,79.5,78.5199966430664,78.86000061035156,19118,0.0046708756998971816,362.0,362.0,361.5,362.0,0,0.00276625349289011
2018-09-20,78.69999694824219,79.81999969482422,78.5199966430664,79.33000183105469,22855,-0.008855270824452026,361.5,362.6400146484375,362.0,362.0,0,-0.0013821702269516474
2018-09-21,78.80000305175781,80.12000274658203,78.23999786376953,78.69999694824219,36594,0.0012699189454674546,360.0,362.4200134277344,360.8200073242188,360.8200073242188,0,-0.004158010148663677
2018-09-24,81.19999694824219,81.4800033569336,79.0999984741211,79.0999984741211,21939,0.03000217399268361,362.0,363.0,362.0,362.9100036621094,0,0.005540180375615351
2018-09-25,81.87000274658203,82.54000091552734,81.16999816894531,81.44999694824219,30081,0.008217447352037856,363.4400024414063,363.3900146484375,361.0199890136719,363.3900146484375,0,0.003970016342871621
2018-09-26,81.33999633789062,82.19000244140625,81.12000274658203,81.51000213623047,17271,-0.006494801479612178,362.5,363.5400085449219,360.9700012207031,361.739990234375,0,-0.0025897538739131838
2018-09-27,81.72000122070312,82.41999816894531,81.33999633789062,81.80999755859375,14317,0.004660929430218396,363.0,363.6099853515625,360.0,363.2999877929688,0,0.0013783599701213596
2018-09-28,82.72000122070312,82.8499984741211,81.54000091552734,81.54000091552734,38868,0.012162640630117013,360.0,364.2300109863281,362.3500061035156,362.3500061035156,0,-0.008298802814695066
2018-10-01,84.9800033569336,85.44000244140625,82.55999755859375,82.91999816894531,34024,0.026954548672127654,362.0,364.1000061035156,363.3500061035156,363.3500061035156,0,0.005540180375615351
2018-10-02,84.80000305175781,85.37000274658203,84.31999969482422,85.05999755859375,25338,-0.002120395403729022,362.5,365.1000061035156,363.7699890136719,363.7999877929688,0,0.0013802624689584903
2018-10-03,86.29000091552734,86.72000122070312,84.01000213623047,84.70999908447266,31424,0.017418148344538587,362.760009765625,362.989990234375,360.0,362.989990234375,0,0.000717011204984003
2018-10-04,84.58000183105469,86.41999816894531,84.1500015258789,86.12999725341797,35552,-0.020015873436972694,360.0,364.9200134277344,360.0,364.9200134277344,0,-0.0076374540495576775
2018-10-05,84.16000366210938,85.11000061035156,83.91999816894531,84.70999908447266,27778,-0.004978061190076832,363.0,363.2000122070313,361.9400024414063,362.4700012207031,0,0.008298802814695064
2018-10-08,83.91000366210938,84.30999755859375,82.66000366210938,84.11000061035156,31603,-0.0029749529777778143,363.0,362.55999755859375,362.4700012207031,362.4700012207031,0,0.0
2018-10-09,85.0,85.44000244140625,83.72000122070312,83.7699966430664,39232,0.012906416965038432,362.55999755859375,363.5499877929688,361.8299865722656,362.2000122070313,0,-0.0012128631590085444
2018-10-10,83.08999633789062,85.16000366210938,82.27999877929688,84.87999725341797,31715,-0.02272694288743602,362.5,362.6099853515625,361.7799987792969,362.1400146484375,0,-0.00016549681111274178
2018-10-11,80.26000213623047,82.61000061035156,79.80000305175781,82.58999633789062,48195,-0.034652922147732405,362.5,363.75,361.5799865722656,362.0400085449219,0,0.0
2018-10-12,80.43000030517578,81.47000122070312,79.22000122070312,80.27999877929688,37537,0.002115853255132542,362.5,363.6199951171875,362.5,362.8599853515625,0,0.0
2018-10-15,80.77999877929688,81.91000366210938,79.8499984741211,80.97000122070312,31577,0.004342150313533727,362.5,364.7200012207031,362.5,364.7200012207031,0,0.0
2018-10-16,81.41000366210938,81.73999786376953,79.80000305175781,80.69999694824219,33816,0.007768765545603589,363.5,363.5,361.0,363.25,0,0.0027548226788446837
2018-10-17,80.05000305175781,81.83999633789062,79.16999816894531,81.5999984741211,38202,-0.016846683003549145,363.0,363.5400085449219,362.5899963378906,363.2699890136719,0,-0.0013764627087232365
2018-10-18,79.29000091552734,80.33000183105469,78.69000244140625,80.33000183105469,41270,-0.009539448734993612,363.5,363.9800109863281,363.0,363.739990234375,0,0.0013764627087232354
2018-10-19,79.77999877929688,80.88999938964844,79.22000122070312,79.33999633789062,34401,0.006160802345518951,363.0,363.0,361.4200134277344,363.0,0,-0.0013764627087232365
2018-10-22,79.83000183105469,80.38999938964844,78.97000122070312,80.08000183105469,37080,0.0006265654182377513,363.0,363.1099853515625,359.9700012207031,359.9700012207031,0,0.0
2018-10-23,76.44000244140625,80.12000274658203,75.87999725341797,80.0199966430664,60226,-0.0433932452837027,363.0,364.3800048828125,362.5,363.6900024414063,0,0.0
2018-10-24,76.16999816894531,77.55999755859375,75.12999725341797,76.19000244140625,57413,-0.0035384909652858977,363.0,363.1199951171875,361.0,363.05999755859375,0,0.0
2018-10-25,76.88999938964844,77.05000305175781,75.37000274658203,75.69999694824219,33325,0.00940816076046246,362.5,363.2699890136719,361.4100036621094,361.9599914550781,0,-0.0013783599701212709
2018-10-26,77.62000274658203,77.91000366210938,75.7699966430664,76.62000274658203,33549,0.009449340219632363,362.5,364.1900024414063,362.5,363.3399963378906,0,0.0
2018-10-29,77.33999633789062,78.01000213623047,76.55000305175781,77.69000244140625,17057,-0.003613922497368868,361.6600036621094,363.0,360.489990234375,361.6600036621094,0,-0.0023199202120611963
2018-10-30,75.91000366210938,77.31999969482422,75.11000061035156,76.83999633789062,19196,-0.01866276255691427,363.0,363.0,362.30999755859375,363.0,0,0.0036982801821825676
2018-10-31,75.47000122070312,76.88999938964844,75.47000122070312,76.18000030517578,2451,-0.005813233799997675,363.0,363.0,362.5,363.0,0,0.0
2018-11-01,75.5,75.5,75.5,75.5,33938,0.0003974137835218123,363.0,363.0,362.4400024414063,363.0,0,0.0
2018-11-02,72.83000183105469,73.4800033569336,72.16999816894531,72.66000366210938,36090,-0.03600467288366601,363.0,363.0,362.3200073242188,363.0,0,0.0
2018-11-05,73.16999816894531,74.12000274658203,72.2300033569336,72.75,28438,0.004657492499960838,362.5,363.1600036621094,251.0,362.5,0,-0.0013783599701212709
2018-11-06,72.12999725341797,73.2699966430664,71.18000030517578,72.72000122070312,32871,-0.014315467433913733,362.5,363.0,361.739990234375,362.5,0,0.0
2018-11-07,72.06999969482422,73.52999877929688,71.3499984741211,71.75,36648,-0.0008321437354462252,362.5,363.25,362.5,362.5,0,0.0
2018-11-08,70.6500015258789,73.05999755859375,70.51000213623047,72.13999938964844,39896,-0.01989973397365796,362.5,364.7999877929688,362.489990234375,362.5,0,0.0
2018-11-09,70.18000030517578,70.9800033569336,69.16000366210938,70.94999694824219,32611,-0.00667475622471482,363.0,364.0,359.0599975585937,363.0,0,0.0013783599701213596
2018-11-12,70.12000274658203,71.86000061035156,68.88999938964844,70.54000091552734,39814,-0.0008552752807702894,364.0,364.0,362.8500061035156,364.0,0,0.0027510333718897976
2018-11-13,65.47000122070312,69.66999816894531,64.63999938964844,69.13999938964844,56981,-0.06861605812454244,362.8500061035156,363.5,360.0,362.8500061035156,0,-0.003164325091551363
2018-11-14,66.12000274658203,67.62000274658203,65.01000213623047,65.27999877929688,47372,0.009879273393947102,362.5,364.5,360.0,362.5,0,-0.0009650682504598517
2018-11-15,66.62000274658203,67.4000015258789,65.75,65.91999816894531,35140,0.007533559500946718,364.0,364.0,361.0,364.0,0,0.0041293933420111124
2018-11-16,66.76000213623047,68.37999725341797,66.0999984741211,66.75,37139,0.0020992567991701353,363.0,363.0,362.55999755859375,363.0,0,-0.002751033371889871
2018-11-19,66.79000091552734,67.62000274658203,65.2699966430664,67.01000213623047,29353,0.00044925165280286153,364.0,364.0,358.0,364.0,0,0.0027510333718897976
2018-11-20,62.52999877929688,66.95999908447266,61.7599983215332,66.91000366210938,44030,-0.06590696038776869,362.0,363.0499877929688,362.0,362.0,0,-0.0055096558109695845
2018-11-21,63.47999954223633,64.45999908447266,62.40999984741211,62.40999984741211,41292,0.015078466389733286,363.5,363.5,361.0,363.5,0,0.004135085147803017
2018-11-23,58.79999923706055,62.810001373291016,58.43000030517578,62.619998931884766,56080,-0.07658304651764002,359.1099853515625,359.4700012207031,358.8599853515625,359.1099853515625,0,-0.012150589523949295
2018-11-26,60.47999954223633,61.09000015258789,58.59999847412109,59.150001525878906,35607,0.028170882373013392,363.5,363.7099914550781,358.57000732421875,363.5,0,0.012150589523949198
2018-11-27,60.209999084472656,61.400001525878906,58.95000076293945,60.40999984741211,47106,-0.004474288031646933,362.75,363.0,362.4500122070313,362.75,0,-0.0020654052092768794
2018-11-28,58.7599983215332,61.2599983215332,58.560001373291016,60.83000183105469,18435,-0.024377113529896154,361.0,364.0,363.0,363.5,0,-0.0048359334314162635
2018-11-29,59.5099983215332,60.369998931884766,57.52000045776367,58.77000045776367,8794,0.012683014711083997,364.010009765625,364.010009765625,362.3500061035156,364.010009765625,0,0.008303408281871942
2018-11-30,58.709999084472656,59.88999938964844,58.25,59.22999954223633,39344,-0.013534282969941558,363.5,363.510009765625,363.5,363.5,0,-0.0014020696411789137
2018-12-03,61.68999862670898,62.59000015258789,59.5,59.88999938964844,33207,0.04951176647835293,363.5,364.5899963378906,362.6000061035156,363.5,0,0.0
2018-12-04,62.08000183105469,63.560001373291016,61.2400016784668,61.86000061035156,35475,0.006302084409658754,363.5,363.5,360.0,363.5,0,0.0
2018-12-06,60.060001373291016,61.959999084472656,58.38999938964844,61.70000076293945,60772,-0.03307981994954258,363.0,363.4200134277344,362.7200012207031,363.0,0,0.005524875931969807
2018-12-07,61.66999816894531,63.709999084472656,59.09999847412109,60.310001373291016,59861,0.026453473891725005,363.5,364.0,362.3800048828125,363.5,0,0.0013764627087232354
2018-12-10,59.970001220703125,62.310001373291016,59.560001373291016,61.45000076293945,34114,-0.027953101776579333,364.0,364.0,363.5,364.0,0,0.0013745706631665632
2018-12-11,60.20000076293945,61.09000015258789,59.619998931884766,59.88999938964844,31823,0.003827907452540263,363.5,364.1900024414063,361.0,363.5,0,-0.0013745706631665985
2018-12-12,60.150001525878906,61.41999816894531,59.9900016784668,60.5099983215332,31651,-0.0008308971996052058,364.5,364.5299987792969,364.0,364.5,0,0.002747254475138702
2018-12-13,61.45000076293945,62.02000045776367,59.34000015258789,60.310001373291016,29600,0.021382380639074272,362.0,364.0,362.9200134277344,364.0,0,-0.006882339622941789
2018-12-14,60.27999877929688,61.75,59.91999816894531,61.65999984741211,24871,-0.019223494919912213,363.5,364.5799865722656,362.3800048828125,363.5,0,0.004135085147803017
2018-12-17,59.61000061035156,61.18999862670898,58.630001068115234,60.369998931884766,32165,-0.011176998036829922,362.5,364.0,361.80999755859375,362.5,0,-0.00275482267884462
2018-12-18,56.2599983215332,59.220001220703125,55.66999816894531,58.810001373291016,41690,-0.057839582243310705,364.0,364.5,362.0,364.0,0,0.0041293933420111124
2018-12-19,57.2400016784668,58.09999847412109,56.02999877929688,56.209999084472656,47399,0.017269210783964626,364.5,364.5,362.5700073242188,364.5,0,0.0013726838119721742
2018-12-20,54.34999847412109,56.7400016784668,54.27999877929688,56.54999923706055,40553,-0.05180839851939999,363.5,364.0,363.1700134277344,363.5,0,-0.002747254475138807
2018-12-21,53.81999969482422,55.29999923706055,52.810001373291016,54.81999969482422,40930,-0.009799445863713632,363.25,364.2799987792969,363.25,363.25,0,-0.0006879945231817514
2018-12-24,50.470001220703125,54.63999938964844,50.380001068115234,53.58000183105469,19160,-0.06426601508957717,363.5,363.9100036621094,363.0,363.5,0,0.0006879945231818285
2018-12-26,54.470001220703125,55.27999877929688,49.959999084472656,51.130001068115234,16444,0.0762709892672633,363.2699890136719,363.5199890136719,363.2699890136719,363.2699890136719,0,0.0007434949266613031
2018-12-27,52.15999984741211,54.91999816894531,51.9900016784668,54.91999816894531,8946,-0.043334199113125194,364.0,364.6400146484375,362.8299865722656,364.0,0,0.002007538445228541
2018-12-28,52.20000076293945,53.5099983215332,51.630001068115234,53.02999877929688,31833,0.0007665948112751663,364.0,364.0,363.0799865722656,364.0,0,0.0
2018-12-31,53.79999923706055,54.790000915527344,52.65999984741211,53.060001373291016,21966,0.030190943482416716,363.5,364.5,363.1499938964844,363.5,0,-0.0013745706631665985
2019-01-02,54.90999984741211,56.560001373291016,52.5,54.25,43517,0.020422025525200796,362.1099853515625,364.0,359.1600036621094,362.1099853515625,0,-0.005205875019009121
2019-01-03,55.95000076293945,56.290000915527344,53.93000030517578,54.77000045776367,36535,0.01876296988211938,364.0,364.0,361.989990234375,364.0,0,0.005205875019009097
2019-01-04,57.060001373291016,58.29999923706055,55.36000061035156,55.58000183105469,42426,0.0196449214588163,363.5,364.0,363.0,363.5,0,-0.0013745706631665985
2019-01-07,57.33000183105469,58.91999816894531,57.27999877929688,57.369998931884766,41677,0.004720709006303803,364.0,364.7300109863281,362.760009765625,364.0,0,0.0013745706631665632
2019-01-08,58.720001220703125,58.86000061035156,57.11000061035156,57.630001068115234,34135,0.02395632623565265,364.0,365.2900085449219,362.0,364.0,0,0.0
2019-01-09,61.43999862670898,61.68000030517578,58.619998931884766,58.650001525878906,38989,0.045280661392873726,363.0,365.55999755859375,363.0,363.0,0,-0.002751033371889871
2019-01-10,61.68000030517578,61.900001525878906,60.45000076293945,61.33000183105469,31333,0.0038986677151262262,364.8800048828125,364.8800048828125,364.0,364.8800048828125,0,0.005165711520562091
2019-01-11,60.47999954223633,62.470001220703125,60.08000183105469,61.25,31369,-0.019647009900367003,364.5,364.8200073242188,363.7200012207031,364.5,0,-0.0010419943367000963
2019-01-14,58.9900016784668,61.02000045776367,58.90999984741211,60.540000915527344,31241,-0.024944757834037812,364.5,365.489990234375,363.2300109863281,364.5,0,0.0
2019-01-15,60.63999938964844,60.84999847412109,59.11000061035156,59.2599983215332,29948,0.027586764800556062,363.5,363.5,361.0,363.5,0,-0.002747254475138807
2019-01-16,61.31999969482422,61.43000030517578,60.040000915527344,60.63999938964844,32025,0.011151317757887446,363.5,363.5,362.4299926757813,363.5,0,0.0
2019-01-17,61.18000030517578,61.540000915527344,60.040000915527344,61.18000030517578,30131,-0.002285705315919485,363.5,363.5,361.8699951171875,363.5,0,0.0
2019-01-18,62.70000076293945,62.9900016784668,61.060001373291016,61.18999862670898,39637,0.024541116096048442,362.0,363.0,362.0,362.0,0,-0.0041350851478029905
2019-01-22,61.5,63.119998931884766,60.58000183105469,62.7400016784668,53602,-0.019324284994496097,361.9299926757813,363.0,361.760009765625,361.9299926757813,0,-0.0015736715696869688
2019-01-23,61.13999938964844,62.29999923706055,60.220001220703125,61.56999969482422,35364,-0.0058708683326356235,363.0,363.0,361.5899963378906,363.0,0,0.0029520315398081794
2019-01-24,61.09000015258789,61.5,60.40999984741211,61.02000045776367,35861,-0.0008181173204053084,362.0,362.5,360.9500122070313,362.0,0,-0.0027586224390797514
2019-01-25,61.63999938964844,61.90999984741211,60.709999084472656,61.13999938964844,30262,0.008962811390609006,362.0,362.1300048828125,361.55999755859375,362.0,0,0.0
2019-01-28,59.93000030517578,61.66999816894531,59.47999954223633,61.33000183105469,34315,-0.028133780987742323,361.25,362.0,361.0,361.25,0,-0.0020739723991291485
2019-01-29,61.31999969482422,61.790000915527344,59.7599983215332,59.97999954223633,18715,0.022928829464541608,361.5,362.0,360.8699951171875,361.5,0,0.0006918021721774718
2019-01-30,61.650001525878906,62.63999938964844,61.06999969482422,61.25,12039,0.005367205334185172,361.0,362.2000122070313,361.0,361.0,0,-0.0013840832659384526
2019-01-31,61.88999938964844,62.31999969482422,61.63999938964844,61.68999862670898,1288,0.0038853515283686166,361.5,361.5,360.0,361.5,0,0.0013840832659385552
2019-02-01,61.869998931884766,61.869998931884766,61.869998931884766,61.869998931884766,30044,-0.00032321361035935023,362.4200134277344,362.8500061035156,361.5,362.4200134277344,0,0.0025417557353940405
2019-02-04,62.5099983215332,63.630001068115234,61.27999877929688,62.70000076293945,36025,0.010291124813514302,360.5,361.25,360.5,360.5,0,-0.0053118406092096705
2019-02-05,61.97999954223633,63.02000045776367,61.720001220703125,62.77999877929688,27285,-0.00851477211861337,360.5,361.5,358.0,360.5,0,0.0
2019-02-06,62.68999862670898,62.79999923706055,61.04999923706055,62.040000915527344,26542,0.011390178405880266,361.0,362.9800109863281,361.0,361.0,0,0.001386001607877153
2019-02-07,61.630001068115234,62.900001525878906,60.61000061035156,62.65999984741211,33982,-0.01705314107457084,360.5,362.6499938964844,360.5,360.5,0,-0.0013860016078771403
2019-02-08,62.09999847412109,62.34999847412109,61.04999923706055,61.59999847412109,36111,0.007597182062869473,360.5,361.0,358.0,360.5,0,0.0
2019-02-11,61.5099983215332,62.34000015258789,60.900001525878906,62.0,35285,-0.009546228435543203,360.5,361.0299987792969,360.5,360.5,0,0.0
2019-02-12,62.41999816894531,63.31999969482422,61.540000915527344,61.59999847412109,36801,0.01468597157563929,358.0,361.1900024414063,360.5,360.5,0,-0.0069589703243034574
2019-02-13,63.61000061035156,63.959999084472656,62.650001525878906,62.650001525878906,33859,0.01888499277771698,361.0,362.6799926757813,360.5,361.0,0,0.008344971932180688
2019-02-14,64.56999969482422,64.80999755859375,63.27999877929688,63.630001068115234,39526,0.014979201626170592,361.0,361.0,360.75,361.0,0,0.0
2019-02-15,66.25,66.4000015258789,64.43000030517578,64.61000061035156,36154,0.02568556295423412,359.0,361.0,360.0199890136719,361.0,0,-0.005555569844601994
2019-02-19,66.44999694824219,66.83000183105469,65.58000183105469,66.30999755859375,46238,0.003014274367296156,361.2900085449219,362.6400146484375,360.5,361.2900085449219,0,0.0008030252587612763
2019-02-20,67.08000183105469,67.37000274658203,65.62999725341797,66.36000061035156,29155,0.009436225017961517,361.0,361.5700073242188,359.0,361.0,0,-0.0008030252587611981
2019-02-21,67.06999969482422,67.31999969482422,66.69999694824219,67.1500015258789,27113,-0.0001491186900519486,361.5,361.5,361.0,361.5,0,0.0013840832659385552
2019-02-22,67.12000274658203,67.7300033569336,66.83000183105469,66.88999938964844,23973,0.0007452575178838218,361.5,362.5400085449219,3.0,361.5,0,0.0
2019-02-25,64.76000213623047,67.47000122070312,64.55999755859375,66.80000305175781,31914,-0.03579394128310552,361.0,361.5499877929688,361.0,361.0,0,-0.0013840832659384526
2019-02-26,65.20999908447266,65.72000122070312,64.33999633789062,64.72000122070312,18661,0.006924655569117942,361.5,361.6099853515625,360.7900085449219,361.5,0,0.0013840832659385552
2019-02-27,66.38999938964844,66.69999694824219,65.30000305175781,65.54000091552734,10200,0.017933616172208,359.0,361.6400146484375,359.9100036621094,361.0,0,-0.00693965311054048
2019-02-28,66.02999877929688,66.36000061035156,65.75,66.31999969482422,28959,-0.0054372678182606675,361.0,362.2000122070313,358.0,361.0,0,0.005555569844601964
2019-03-01,65.06999969482422,67.13999938964844,64.58999633789062,66.41000366210938,38355,-0.014645556902449782,361.0,361.739990234375,360.5,361.0,0,0.0
2019-03-04,65.66999816894531,66.33999633789062,65.01000213623047,65.01000213623047,28931,0.009178563503283327,361.0,361.989990234375,360.0,361.0,0,0.0
2019-03-05,65.86000061035156,66.22000122070312,65.04000091552734,65.72000122070312,28346,0.00288911389541259,360.0,361.4800109863281,358.0,360.0,0,-0.002773926882725208
2019-03-06,65.98999786376953,66.16999816894531,65.2300033569336,65.62999725341797,41210,0.0019718968076693232,360.0,361.4200134277344,359.5,360.0,0,0.0
2019-03-07,66.30000305175781,66.98999786376953,65.76000213623047,65.93000030517578,35738,0.00468676019804871,359.0,361.1799926757813,359.0,359.0,0,-0.0027816429618768026
2019-03-08,65.73999786376953,66.08000183105469,64.01000213623047,66.06999969482422,49867,-0.008482407480412051,359.5,361.2300109863281,356.0,359.5,0,0.0013917886728224851
2019-03-11,66.58000183105469,66.77999877929688,65.6500015258789,65.7300033569336,37538,0.012696723907517499,358.5,361.5499877929688,358.5,358.5,0,-0.002785517121426312
2019-03-12,66.66999816894531,67.38999938964844,66.3499984741211,66.68000030517578,37897,0.0013507895170703145,358.5,360.989990234375,358.5,358.5,0,0.0
2019-03-13,67.55000305175781,67.75,66.70999908447266,66.87999725341797,36739,0.013113060418447517,358.5,361.4400024414063,357.0,358.5,0,0.0
2019-03-14,67.2300033569336,68.12999725341797,67.02999877929688,67.58999633789062,32817,-0.00474848317094676,359.0,361.3800048828125,359.0,359.0,0,0.001393728448603883
2019-03-15,67.16000366210938,67.70999908447266,66.13999938964844,67.12999725341797,34969,-0.0010417396755509206,357.0,361.1700134277344,359.0,359.0,0,-0.005586606708639823
2019-03-18,67.54000091552734,67.69000244140625,66.69999694824219,67.05000305175781,31752,0.005642141775285756,358.5,361.2900085449219,358.5,358.5,0,0.004192878260035958
2019-03-19,67.61000061035156,68.22000122070312,67.13999938964844,67.44999694824219,30329,0.0010358816173634152,360.739990234375,361.9800109863281,360.4599914550781,361.9800109863281,0,0.006228790131287663
2019-03-20,68.5,68.56999969482422,67.19000244140625,67.5199966430664,35132,0.013077835138059308,359.5,360.760009765625,359.5,359.5,0,-0.0034432730098614816
2019-03-21,67.86000061035156,68.69999694824219,67.61000061035156,68.31999969482422,35417,-0.00938697691781971,360.0,360.5700073242188,357.42999267578125,360.0,0,0.0013898542890542977
2019-03-22,67.02999877929688,67.97000122070312,66.20999908447266,67.70999908447266,45565,-0.012306506191789095,359.0,361.3399963378906,359.0,359.0,0,-0.0027816429618768026
2019-03-25,67.20999908447266,67.63999938964844,66.37000274658203,66.93000030517578,36691,0.0026817702014118273,358.5,361.1600036621094,358.5,358.5,0,-0.001393728448603803
2019-03-26,67.97000122070312,68.22000122070312,67.25,67.25,38187,0.011244416958003902,359.0,361.5299987792969,356.0,359.0,0,0.001393728448603883
2019-03-27,67.83000183105469,68.3499984741211,67.19999694824219,67.87000274658203,26692,-0.0020618473652370107,359.5,361.0299987792969,359.5,359.5,0,0.0013917886728224851
2019-03-28,67.81999969482422,68.0,66.55000305175781,67.87000274658203,11876,-0.00014746975504730705,359.5,360.2699890136719,359.5,359.5,0,0.0
2019-03-29,68.38999938964844,68.87999725341797,67.81999969482422,68.0,43566,0.008369473987729133,360.2699890136719,360.489990234375,360.04998779296875,360.2699890136719,0,0.0021395426848927184
2019-04-01,69.01000213623047,69.19000244140625,67.54000091552734,67.54000091552734,49439,0.009024846402454082,359.5,360.7200012207031,357.0,359.5,0,-0.002139542684892645
2019-04-02,69.37000274658203,69.5199966430664,68.69000244140625,69.20999908447266,46166,0.00520308440254869,359.5,361.1300048828125,357.0,360.30999755859375,0,0.0
2019-04-03,69.30999755859375,69.95999908447266,68.80000305175781,69.79000091552734,46550,-0.0008653762849861895,359.0,359.7699890136719,358.8999938964844,358.95001220703125,0,-0.001391788672822497
2019-04-04,69.4000015258789,70.01000213623047,68.87999725341797,69.48999786376953,37531,0.0012977287940380946,359.5,359.7099914550781,357.0,359.6099853515625,0,0.0013917886728224851
2019-04-05,70.33999633789062,70.47000122070312,68.93000030517578,69.26000213623047,36491,0.013453685483377718,357.0,359.5,358.9700012207031,359.17999267578125,0,-0.006978395381462258
2019-04-08,71.0999984741211,71.19000244140625,70.44000244140625,70.5,40966,0.010746740365305407,360.0,360.0,358.0,359.3099975585937,0,0.00836824967051658
2019-04-09,70.61000061035156,71.33999633789062,70.30000305175781,71.08000183105469,37189,-0.006915529175932217,359.5,359.5,358.6000061035156,359.04998779296875,0,-0.0013898542890543016
2019-04-10,71.7300033569336,71.79000091552734,70.58000183105469,70.83000183105469,46506,0.015737330765680815,357.0,359.760009765625,357.0,359.3900146484375,0,-0.006978395381462258
2019-04-11,70.83000183105469,71.68000030517578,70.58000183105469,71.66000366210938,39968,-0.012626451320986847,359.5,359.739990234375,359.0,359.6199951171875,0,0.006978395381462278
2019-04-12,71.55000305175781,71.86000061035156,70.9000015258789,70.91999816894531,32729,0.010113883037628627,359.8699951171875,359.82000732421875,357.0,359.82000732421875,0,0.0010286643933574869
2019-04-15,71.18000030517578,71.6500015258789,70.77999877929688,71.62000274658203,28582,-0.005184664285132205,359.5,360.0799865722656,357.0,359.5,0,-0.001028664393357422
2019-04-16,71.72000122070312,71.94000244140625,70.75,71.2699966430664,43907,0.007557781387904967,357.0,359.94000244140625,359.5,359.94000244140625,0,-0.006978395381462258
2019-04-17,71.62000274658203,72.26000213623047,71.45999908447266,71.83999633789062,40910,-0.0013952628376744374,359.5,360.2699890136719,357.0,359.8900146484375,0,0.006978395381462278
2019-04-18,71.97000122070312,72.02999877929688,71.20999908447266,71.55000305175781,38122,0.004874979561332032,357.0,360.1700134277344,359.0,360.1700134277344,0,-0.006978395381462258
2019-04-22,74.04000091552734,74.51000213623047,71.9000015258789,72.05000305175781,48893,0.028356117589613764,359.5,359.5,357.0,359.32000732421875,0,0.0
2019-04-23,74.51000213623047,74.7300033569336,73.98999786376953,74.19999694824219,50165,0.006327873165418013,357.0,359.5,357.0,358.8599853515625,0,-0.006978395381462258
2019-04-24,74.56999969482422,74.72000122070312,74.0,74.31999969482422,46326,0.0008049042272076805,360.0,360.0,359.5,359.9599914550781,0,0.00836824967051658
2019-04-25,74.3499984741211,75.58999633789062,74.0,74.52999877929688,62237,-0.0029546250799829714,359.5,361.55999755859375,358.0,360.5299987792969,0,-0.0013898542890543016
2019-04-26,72.1500015258789,74.41000366210938,71.29000091552734,74.30000305175781,32803,-0.0300363460146641,360.0,360.0,359.0799865722656,359.8299865722656,0,0.0013898542890542977
2019-04-29,72.04000091552734,72.5,71.11000061035156,71.69999694824219,16694,-0.0015257733522299752,360.0,360.0,358.6099853515625,360.0,0,0.0
2019-04-30,72.80000305175781,73.19999694824219,71.7300033569336,72.0999984741211,43783,0.010494464106037212,356.0,359.0299987792969,357.989990234375,357.989990234375,0,-0.011173300598125189
2019-05-01,72.18000030517578,72.36000061035156,71.29000091552734,71.5199966430664,32617,-0.008552993679764464,359.0299987792969,358.95001220703125,358.8800048828125,358.95001220703125,0,0.008475216204456716
2019-05-02,70.75,72.22000122070312,69.68000030517578,72.1500015258789,51722,-0.020010466919278016,358.8800048828125,361.1700134277344,359.2699890136719,359.2699890136719,0,-0.000417862678892306
2019-05-03,70.8499984741211,71.54000091552734,69.95999908447266,70.31999969482422,39000,0.0014124080765898453,361.1700134277344,362.2300109863281,359.510009765625,362.2300109863281,0,0.006360714415881344
2019-05-06,71.23999786376953,71.79000091552734,68.76000213623047,70.5999984741211,36208,0.0054894838351330225,359.5,361.2799987792969,357.0,359.2200012207031,0,-0.004634621632374926
2019-05-07,69.87999725341797,71.30999755859375,69.38999938964844,71.16000366210938,48729,-0.019274982473479717,359.5,361.1900024414063,358.9700012207031,361.1900024414063,0,0.0
2019-05-08,70.37000274658203,70.80000305175781,69.31999969482422,69.81999969482422,45312,0.0069876290474481986,359.5,360.7799987792969,359.0,359.2900085449219,0,0.0
2019-05-09,70.38999938964844,70.63999938964844,69.4000015258789,70.2300033569336,46554,0.00028412394000363244,355.0,360.9599914550781,355.0,360.9599914550781,0,-0.012596387685685615
2019-05-10,70.62000274658203,71.2300033569336,70.16999816894531,70.30000305175781,50395,0.003262230443608004,356.0,359.5,358.6300048828125,358.6300048828125,0,0.0028129413766146577
2019-05-13,70.2300033569336,72.56999969482422,69.7300033569336,70.9000015258789,62747,-0.005537811422582254,359.5,360.510009765625,358.5,359.4800109863281,0,0.009783446309071029
2019-05-14,71.23999786376953,71.63999938964844,69.93000030517578,69.98999786376953,57905,0.014278810465002028,359.5,360.5700073242188,355.0,360.5700073242188,0,0.0
2019-05-15,71.7699966430664,72.25,70.41999816894531,70.9800033569336,48596,0.007412086233416617,359.5,361.0799865722656,356.0,361.0799865722656,0,0.0
2019-05-16,72.62000274658203,73.3499984741211,71.81999969482422,71.94999694824219,56835,0.011773889138991876,356.0,360.0,357.0,359.3900146484375,0,-0.009783446309070971
2019-05-17,72.20999908447266,73.2300033569336,71.77999877929688,72.86000061035156,43365,-0.005661876023066196,356.0,360.80999755859375,357.0,360.80999755859375,0,0.0
2019-05-20,71.97000122070312,73.38999938964844,71.58999633789062,73.0999984741211,48963,-0.0033291453034220955,360.0,360.1000061035156,359.5,360.0,0,0.011173300598125255
2019-05-21,72.18000030517578,72.5199966430664,71.61000061035156,72.02999877929688,55652,0.0029136209616350346,355.0,360.0199890136719,359.3299865722656,359.3299865722656,0,-0.01398624197473984
2019-05-23,67.76000213623047,70.7300033569336,67.0,70.69999694824219,80487,-0.04656691008908053,360.510009765625,360.4800109863281,356.0,360.4800109863281,0,0.01540193320426294
2019-05-24,68.69000244140625,69.30000305175781,67.31999969482422,68.01000213623047,66452,0.013631581897949916,355.0,359.7300109863281,355.0,358.2099914550781,0,-0.015401933204262799
2019-05-28,70.11000061035156,70.58000183105469,68.55000305175781,69.0999984741211,65297,0.020461782156331963,359.739990234375,359.7099914550781,358.9800109863281,359.7099914550781,0,0.0006673439923810932
2019-05-29,69.44999694824219,70.08999633789062,68.06999969482422,70.05000305175781,32769,-0.0094584206659494,359.7900085449219,359.67999267578125,359.2200012207031,359.67999267578125,0,0.00013903050800478025
2019-05-30,66.87000274658203,69.94999694824219,66.30000305175781,69.7300033569336,19076,-0.03785654811921186,356.0,360.19000244140625,355.0,359.6000061035156,0,-0.010589820809456798
2019-05-31,64.48999786376953,66.7300033569336,64.41999816894531,66.70999908447266,67969,-0.036240337242045215,356.0,360.489990234375,360.3699951171875,360.489990234375,0,0.0
2019-06-03,61.27999877929688,62.83000183105469,60.459999084472656,61.59999847412109,60640,-0.05105663438505195,359.5,359.5,305.95001220703125,359.5,0,0.009783446309071029
2019-06-04,61.970001220703125,62.09999847412109,60.220001220703125,60.84000015258789,58666,0.011196911160061893,355.0,358.0299987792969,305.95001220703125,358.0299987792969,0,-0.012596387685685615
2019-06-05,60.630001068115234,62.2599983215332,59.45000076293945,61.47999954223633,67012,-0.021860578971725605,306.20001220703125,306.20001220703125,305.9599914550781,306.20001220703125,0,-0.14787926638563054
2019-06-06,61.66999816894531,62.41999816894531,60.13999938964844,60.58000183105469,51701,0.017007721611645286,305.95001220703125,306.70001220703125,305.95001220703125,305.95001220703125,0,-0.0008167932824581317
2019-06-07,63.290000915527344,63.58000183105469,61.77999877929688,62.220001220703125,44888,0.025929793940579073,306.20001220703125,306.70001220703125,305.8999938964844,306.20001220703125,0,0.000816793282458085
2019-06-10,62.290000915527344,64.12999725341797,62.04999923706055,63.68999862670898,34096,-0.01592643928893012,306.20001220703125,356.0,305.95001220703125,305.9700012207031,0,0.0
2019-06-11,62.290000915527344,62.869998931884766,62.0099983215332,62.36000061035156,41448,0.0,305.9100036621094,359.8599853515625,305.9100036621094,305.9100036621094,0,-0.0009475700743425958
2019-06-12,59.970001220703125,62.11000061035156,59.56999969482422,62.11000061035156,47691,-0.03795645642822838,356.0,356.0,355.0,356.0,0,0.15163977783658789
2019-06-13,61.310001373291016,62.63999938964844,59.7599983215332,59.81999969482422,72728,0.022098526638084214,356.0,359.5,355.0,359.5,0,0.0
2019-06-14,62.0099983215332,62.56999969482422,60.7400016784668,61.380001068115234,38166,0.011352651120374797,356.0,359.5,355.0,359.5,0,0.0
2019-06-17,60.93999862670898,62.34999847412109,60.720001220703125,61.970001220703125,46699,-0.017405884271677444,359.5,361.8500061035156,359.5,361.5299987792969,0,0.009783446309071029
2019-06-18,62.13999938964844,62.83000183105469,60.25,61.02000045776367,46430,0.01950014312027087,360.5,360.260009765625,356.0,359.8500061035156,0,0.0027777795639023694
2019-06-19,61.81999969482422,62.52000045776367,61.38999938964844,62.25,51499,-0.0051629623752520405,356.0,360.1600036621094,360.04998779296875,360.1600036621094,0,-0.012561225872973304
2019-06-20,64.44999694824219,64.80999755859375,62.16999816894531,62.209999084472656,64896,0.041662750266966274,355.0,359.9599914550781,356.0,359.0799865722656,0,-0.0028129413766146126
2019-06-21,65.19999694824219,65.75,63.9900016784668,64.73999786376953,51282,0.011569740092090141,355.0,360.2900085449219,360.0299987792969,360.2900085449219,0,0.0
2019-06-24,64.86000061035156,65.80000305175781,64.0999984741211,65.54000091552734,39427,-0.005228311837040552,359.489990234375,359.8699951171875,357.5299987792969,359.489990234375,0,0.012568543721898686
2019-06-25,65.05000305175781,65.95999908447266,64.18000030517578,64.72000122070312,37722,0.002925141583081484,359.5,360.1700134277344,359.510009765625,359.75,0,2.7843963786901494e-05
2019-06-26,66.48999786376953,66.86000061035156,65.61000061035156,65.7699966430664,26217,0.02189527641321962,356.0,360.5299987792969,355.0,360.5299987792969,0,-0.009783446309070971
2019-06-27,66.55000305175781,66.79000091552734,65.6500015258789,66.08999633789062,13127,0.0009020624119706115,356.0,360.1099853515625,355.0,359.7099914550781,0,0.0
2019-06-28,66.55000305175781,66.77999877929688,66.05999755859375,66.6500015258789,32575,0.0,355.0,360.25,355.0,360.25,0,-0.0028129413766146126
2019-07-01,65.05999755859375,66.73999786376953,64.22000122070312,65.27999877929688,46308,-0.022643707177988474,359.5,361.2799987792969,356.0,360.20001220703125,0,0.012596387685685566
2019-07-02,62.400001525878906,65.5,62.22999954223633,65.19000244140625,47774,-0.04174458369117816,361.739990234375,361.8599853515625,355.0,361.8599853515625,0,0.006211517572013136
2019-07-03,63.81999969482422,64.0,62.06999969482422,62.75,35881,0.02250131623970765,360.2699890136719,360.2799987792969,360.239990234375,360.2799987792969,0,-0.004071974887120515
2019-07-05,64.2300033569336,64.5199966430664,62.90999984741211,63.880001068115234,34614,0.006403827465685416,359.7900085449219,360.0,355.0,359.7699890136719,0,0.010589820809456842
2019-07-08,64.11000061035156,65.12999725341797,63.79999923706055,64.37000274658203,29582,-0.001870076014416507,359.5,361.1199951171875,356.0,361.1199951171875,0,-0.0008063745003858221
2019-07-09,64.16000366210938,65.0199966430664,63.7400016784668,63.91999816894531,28731,0.0007796531164759836,356.0,360.0,355.0,360.0,0,-0.009783446309070971
2019-07-10,67.01000213623047,67.12999725341797,64.48999786376953,64.48999786376953,40838,0.043461873228335626,355.0,359.67999267578125,355.0,359.67999267578125,0,-0.0028129413766146126
2019-07-11,66.5199966430664,67.63999938964844,66.44000244140625,66.72000122070312,37676,-0.007339290004658953,356.0,359.5,358.1700134277344,358.1700134277344,0,0.0028129413766146577
2019-07-12,66.72000122070312,67.2699966430664,66.51000213623047,66.77999877929688,31996,0.003002172486702639,355.0,360.2200012207031,359.510009765625,360.20001220703125,0,-0.0028129413766146126
2019-07-15,66.4800033569336,67.45999908447266,66.06999969482422,66.6500015258789,35583,-0.0036035753038188615,359.5,359.7200012207031,359.5,359.7200012207031,0,0.012596387685685566
2019-07-16,64.3499984741211,67.08000183105469,63.84999847412109,66.12999725341797,41087,-0.03256429071262901,355.0,361.30999755859375,360.07000732421875,360.07000732421875,0,-0.012596387685685615
2019-07-17,63.65999984741211,65.27999877929688,63.22999954223633,64.33000183105469,34392,-0.01078049087292614,361.30999755859375,361.6099853515625,360.010009765625,361.6099853515625,0,0.017618519368116987
2019-07-18,61.93000030517578,64.45999908447266,61.290000915527344,63.630001068115234,48628,-0.02755169957930414,356.0,359.67999267578125,355.0,359.67999267578125,0,-0.014805577991502391
2019-07-19,62.470001220703125,63.34000015258789,61.84000015258789,62.58000183105469,36709,0.008681741168384636,356.0,361.260009765625,359.2699890136719,359.2699890136719,0,0.0
2019-07-22,63.2599983215332,64.0199966430664,62.77000045776367,62.90999984741211,33851,0.012566730298565093,361.4100036621094,361.9100036621094,355.0,361.9100036621094,0,0.015082327227679536
2019-07-23,63.83000183105469,64.44999694824219,62.65999984741211,63.290000915527344,31220,0.008970136609720562,355.0,360.55999755859375,360.0,360.55999755859375,0,-0.01789526860429425
2019-07-24,63.18000030517578,64.66000366210938,62.59000015258789,64.23999786376953,42616,-0.010235527750194904,355.0,361.3399963378906,360.9599914550781,360.9700012207031,0,0.0
2019-07-25,63.38999938964844,64.2300033569336,63.02999877929688,63.150001525878906,27929,0.0033183104633617263,355.0,361.6600036621094,359.5,361.6600036621094,0,0.0
2019-07-26,63.459999084472656,63.959999084472656,63.02000045776367,63.2400016784668,26232,0.0011036610606482526,355.0,361.6099853515625,360.7300109863281,361.6099853515625,0,0.0
2019-07-29,63.709999084472656,63.90999984741211,62.90999984741211,63.119998931884766,14517,0.003931750029958579,359.510009765625,359.510009765625,356.0,359.510009765625,0,0.012624230874207934
2019-07-30,64.72000122070312,65.04000091552734,63.84999847412109,63.84999847412109,11005,0.015728769853365857,359.5,361.7200012207031,355.0,361.4100036621094,0,-2.784318852226351e-05
2019-07-31,65.16999816894531,65.36000061035156,64.54000091552734,64.61000061035156,34287,0.006928920636167162,359.5,361.7900085449219,355.0,359.5,0,0.0
2019-08-01,60.5,64.5199966430664,60.02999877929688,64.29000091552734,63060,-0.0743558472109041,355.0,364.1499938964844,356.0,364.1499938964844,0,-0.012596387685685615
2019-08-02,61.88999938964844,62.93000030517578,60.88999938964844,61.09999847412109,47421,0.02271524085259737,355.0,361.4500122070313,356.0,360.5299987792969,0,0.0
2019-08-05,59.810001373291016,61.54999923706055,59.66999816894531,61.54999923706055,47722,-0.03418571187203467,360.989990234375,361.6700134277344,357.0,360.989990234375,0,0.01673244059042264
2019-08-06,58.93999862670898,60.540000915527344,58.56999969482422,60.0,34335,-0.014652940007623821,362.0,362.25,361.989990234375,362.0,0,0.002793981759932682
2019-08-07,56.22999954223633,59.18999862670898,55.880001068115234,58.560001373291016,52628,-0.04706953984653971,363.0,362.5,358.0,362.0,0,0.0027586224390796607
2019-08-08,57.380001068115234,58.0099983215332,56.77000045776367,57.369998931884766,36965,0.020245415004789057,361.5,362.2699890136719,357.0,361.6700134277344,0,-0.004140792666031388
2019-08-09,58.52999877929688,59.09999847412109,57.119998931884766,57.650001525878906,34015,0.019843593279120816,361.5,363.3800048828125,362.7200012207031,362.7200012207031,0,0.0
2019-08-12,58.56999969482422,58.869998931884766,57.880001068115234,58.36000061035156,30960,0.0006831924441408093,362.0,363.3399963378906,363.1199951171875,363.1199951171875,0,0.0013821702269516739
2019-08-13,61.29999923706055,61.5,57.97999954223633,58.400001525878906,45522,0.045557215604925726,363.3299865722656,363.260009765625,362.6400146484375,362.6400146484375,0,0.003667263417890954
2019-08-14,59.47999954223633,61.08000183105469,58.22999954223633,60.97999954223633,45545,-0.030139716600311017,363.260009765625,364.5499877929688,362.6700134277344,364.5499877929688,0,-0.00019261703907205114
2019-08-15,58.22999954223633,59.41999816894531,57.68999862670898,59.04999923706055,45864,-0.02123943590813465,362.6700134277344,363.9400024414063,363.1600036621094,363.9400024414063,0,-0.0016254912979178245
2019-08-16,58.63999938964844,59.5,58.290000915527344,58.41999816894531,25244,0.007016369182219496,363.1600036621094,364.6600036621094,363.2000122070313,364.6600036621094,0,0.0013501516808950543
2019-08-19,59.7400016784668,59.91999816894531,58.59000015258789,58.630001068115234,30652,0.01858479371421518,363.2000122070313,363.2699890136719,362.7699890136719,362.7699890136719,0,0.00011016174923804296
2019-08-20,60.02999877929688,60.31999969482422,58.959999084472656,59.7400016784668,30782,0.004842576044706953,363.2699890136719,363.2699890136719,362.0299987792969,363.2699890136719,0,0.00019264885470676935
2019-08-21,60.29999923706055,61.40999984741211,60.04999923706055,60.060001373291016,33717,0.004487674151877028,362.0299987792969,362.010009765625,361.5,361.510009765625,0,-0.0034192512431642807
2019-08-22,59.91999816894531,60.88999938964844,59.470001220703125,60.41999816894531,33800,-0.006321782430103127,362.0199890136719,362.4800109863281,361.8599853515625,362.4599914550781,0,-2.7649377237472836e-05
2019-08-23,59.34000015258789,60.27999877929688,58.31999969482422,60.040000915527344,41613,-0.009726691216548197,361.8599853515625,361.7300109863281,361.2000122070313,361.2000122070313,0,-0.0004420723611133396
2019-08-26,58.70000076293945,60.16999816894531,58.27000045776367,58.400001525878906,26628,-0.010843877602777193,361.7300109863281,361.2550048828125,357.0,361.24700927734375,0,-0.0003592486554264985
2019-08-27,59.5099983215332,60.13999938964844,58.5099983215332,58.709999084472656,30198,0.01370459762065899,361.2099914550781,359.6000061035156,356.0,359.6000061035156,0,-0.001438624558557146
2019-08-28,60.4900016784668,61.04999923706055,59.81999969482422,60.13999938964844,17141,0.016333752414687208,356.0,357.0,356.0,356.0,0,-0.01452875214398285
2019-08-29,61.08000183105469,61.18000030517578,60.0099983215332,60.4900016784668,10658,0.00970642046174417,358.0,358.0,357.0,358.0,0,0.0056022555486697516
2019-08-30,60.43000030517578,61.13999938964844,60.29999923706055,61.02999877929688,41940,-0.010698834904867777,358.0,358.0,358.0,358.0,0,0.0
2019-09-03,58.2599983215332,59.25,57.220001220703125,59.06999969482422,51149,-0.036569952702184626,358.0,358.0,357.0,358.0,0,0.0
2019-09-04,60.70000076293945,60.959999084472656,58.09000015258789,58.2400016784668,36192,0.04102798791311799,357.0,357.0,357.0,357.0,0,-0.002797204621061254
2019-09-05,60.95000076293945,62.38999938964844,60.25,60.5099983215332,37813,0.004110157810273293,357.0,357.0,357.0,357.0,0,0.0
2019-09-06,61.540000915527344,61.880001068115234,59.40999984741211,60.810001373291016,37585,0.00963351632609823,357.0,357.0,357.0,357.0,0,0.0
2019-09-09,62.59000015258789,62.9900016784668,61.540000915527344,61.540000915527344,31505,0.016918138603662796,358.0,358.0,358.0,358.0,0,0.002797204621061219
2019-09-10,62.380001068115234,63.77000045776367,62.16999816894531,62.7400016784668,32170,-0.0033607950721293435,357.0,357.0,357.0,357.0,0,-0.002797204621061254
2019-09-11,60.810001373291016,63.25,60.52000045776367,62.68000030517578,37485,-0.025490456587049366,357.0,358.0,357.0,357.0,0,0.0
2019-09-12,60.380001068115234,61.38999938964844,58.90999984741211,61.02999877929688,44952,-0.007096329746749773,357.0,358.0,357.0,357.0,0,0.0
2019-09-13,60.220001220703125,60.79999923706055,59.59999847412109,60.40999984741211,26153,-0.0026533986442635956,357.0,361.0,357.0,357.0,0,0.0
2019-09-16,69.0199966430664,71.0,64.77999877929688,67.0,69899,0.13639172570842875,361.0,361.0,358.0,361.0,0,0.011142176553241803
2019-09-17,64.55000305175781,69.25,63.560001373291016,68.16999816894531,87185,-0.06695610446266652,359.0,359.0,358.0,359.0,0,-0.005555569844601994
2019-09-18,63.59999847412109,64.98999786376953,63.06999969482422,64.25,37459,-0.014826718215806497,358.0,358.0,358.0,358.0,0,-0.0027894020875785254
2019-09-19,64.4000015258789,65.56999969482422,63.470001220703125,63.650001525878906,36971,0.012500210449810064,359.0,358.0,358.0,358.0,0,0.0027894020875785922
2019-09-20,64.27999877929688,65.2699966430664,64.05000305175781,64.9800033569336,23355,-0.0018651349251711422,358.0,358.0,357.0,357.0,0,-0.0027894020875785254
2019-09-23,64.7699966430664,65.31999969482422,63.540000915527344,65.31999969482422,25895,0.007593959487390615,358.0,359.0,358.0,358.0,0,0.0
2019-09-24,63.09999847412109,64.52999877929688,62.34999847412109,64.4800033569336,30503,-0.02612173600104788,359.0,359.0,358.0,359.0,0,0.0027894020875785922
2019-09-25,62.38999938964844,62.810001373291016,61.220001220703125,62.43000030517578,25272,-0.011315749025398789,358.0,359.0,358.0,358.0,0,-0.0027894020875785254
2019-09-26,62.7400016784668,62.91999816894531,61.459999084472656,62.58000183105469,11043,0.005594233175417871,358.0,358.0,358.0,358.0,0,0.0
2019-09-27,61.90999984741211,62.720001220703125,60.77000045776367,62.52999877929688,9063,-0.013317514448802022,359.0,359.0,358.0,359.0,0,0.0027894020875785922
2019-09-30,60.77999877929688,62.08000183105469,60.77000045776367,61.880001068115234,34510,-0.018420947661781713,358.0,358.0,358.0,358.0,0,-0.0027894020875785254
2019-10-01,58.88999938964844,60.09000015258789,58.40999984741211,59.52999877929688,41174,-0.031589480812471905,358.0,358.0,358.0,358.0,0,0.0
2019-10-02,57.68999862670898,59.4900016784668,57.22999954223633,59.220001220703125,40386,-0.020587462128079825,359.0,359.0,358.0,359.0,0,0.0027894020875785922
2019-10-03,57.709999084472656,57.9900016784668,56.150001525878906,57.5,49093,0.00034662839446484656,358.0,359.0,358.0,358.0,0,-0.0027894020875785254
2019-10-04,58.369998931884766,58.95000076293945,57.59999847412109,57.59999847412109,41717,0.011371588058055477,358.0,359.0,358.0,358.0,0,0.0
2019-10-07,58.34999847412109,59.66999816894531,57.70000076293945,57.70000076293945,28765,-0.0003427083345428561,358.0,359.0,358.0,358.0,0,0.0
2019-10-08,58.2400016784668,58.93000030517578,57.369998931884766,58.470001220703125,38868,-0.0018868998738536579,359.0,359.0,358.0,359.0,0,0.0027894020875785922
2019-10-09,58.31999969482422,59.34000015258789,57.95000076293945,58.09999847412109,36036,0.0013726497593633939,357.0,358.0,357.0,357.0,0,-0.005586606708639823
2019-10-10,59.09999847412109,59.52999877929688,57.11000061035156,58.38999938964844,36561,0.013285816125836241,357.0,359.0,357.0,357.0,0,0.0
2019-10-11,60.5099983215332,60.68999862670898,59.209999084472656,59.58000183105469,51613,0.023577714302103633,359.0,359.0,359.0,359.0,0,0.005586606708639776
2019-10-14,59.34999847412109,60.75,58.5099983215332,60.560001373291016,39154,-0.019356517549723548,359.0,359.0,358.0,359.0,0,0.0
2019-10-15,58.7400016784668,59.68000030517578,58.0,59.290000915527344,49695,-0.010331141000853321,358.0,360.0,358.0,358.0,0,-0.0027894020875785254
2019-10-16,59.41999816894531,59.72999954223633,58.34999847412109,58.7599983215332,43443,0.011509884874015318,359.0,360.0,359.0,359.0,0,0.0027894020875785922
2019-10-17,59.90999984741211,60.02999877929688,58.63999938964844,59.09999847412109,44951,0.008212594329881433,359.0,360.0,359.0,359.0,0,0.0
2019-10-18,59.41999816894531,60.27000045776367,59.0,59.880001068115234,33528,-0.008212594329881372,360.0,360.0,360.0,360.0,0,0.0027816429618767705
2019-10-21,58.959999084472656,59.540000915527344,58.2599983215332,59.36000061035156,35588,-0.007771606865859227,359.0,360.0,359.0,359.0,0,-0.0027816429618768026
2019-10-22,59.70000076293945,60.2599983215332,58.77000045776367,59.04999923706055,37803,0.012472800824970588,359.0,360.0,359.0,359.0,0,0.0
2019-10-23,61.16999816894531,61.29999923706055,58.84999847412109,59.630001068115234,37010,0.024324810142493658,360.0,360.0,360.0,360.0,0,0.0027816429618767705
2019-10-24,61.66999816894531,61.90999984741211,60.65999984741211,61.09000015258789,35367,0.008140715991621921,359.0,359.0,359.0,359.0,0,-0.0027816429618768026
2019-10-25,62.02000045776367,62.11000061035156,60.93999862670898,61.52000045776367,31392,0.005659361740979828,360.0,360.0,359.0,360.0,0,0.0027816429618767705
2019-10-28,61.56999969482422,62.34000015258789,61.20000076293945,61.9900016784668,24870,-0.0072821870866544005,358.0,359.0,358.0,358.0,0,-0.00557104504945536
2019-10-29,61.59000015258789,61.97999954223633,60.66999816894531,61.650001525878906,16903,0.0003247882098775938,359.0,359.0,358.0,358.0,0,0.0027894020875785922
2019-10-30,60.61000061035156,61.90999984741211,60.470001220703125,61.310001373291016,13275,-0.016039616143090435,358.0,359.0,358.0,358.0,0,-0.0027894020875785254
2019-10-31,60.22999954223633,61.02999877929688,60.06999969482422,60.68999862670898,36213,-0.006289346577970372,360.0,361.0,360.0,360.0,0,0.0055710450494554295
2019-11-01,61.68999862670898,61.810001373291016,59.400001525878906,59.54999923706055,28361,0.02395126150501653,360.0,361.0,360.0,360.0,0,0.0
2019-11-04,62.130001068115234,62.77999877929688,61.290000915527344,62.0,28961,0.007107160306834359,360.0,361.0,360.0,360.0,0,0.0
2019-11-05,62.959999084472656,63.16999816894531,61.900001525878906,62.060001373291016,27103,0.01327060830051453,357.0,357.0,357.0,357.0,0,-0.00836824967051658
2019-11-06,61.7400016784668,63.31999969482422,61.59000015258789,62.93999862670898,34901,-0.019567543307670975,359.0,358.0,358.0,358.0,0,0.005586606708639776
2019-11-07,62.290000915527344,62.900001525878906,61.63999938964844,61.77999877929688,33158,0.008868867703812141,358.0,361.0,358.0,358.0,0,-0.0027894020875785254
2019-11-08,62.5099983215332,62.68999862670898,60.65999984741211,62.34000015258789,34325,0.0035256031286718392,360.0,360.0,359.0,360.0,0,0.0055710450494554295
2019-11-11,62.18000030517578,62.75,61.58000183105469,62.5099983215332,23316,-0.005293107553999163,360.0,360.0,360.0,360.0,0,0.0
2019-11-12,62.060001373291016,62.84999847412109,61.79999923706055,62.16999816894531,30687,-0.0019317283898745428,359.0,359.0,358.0,359.0,0,-0.0027816429618768026
2019-11-13,62.369998931884766,62.72999954223633,61.22999954223633,61.970001220703125,33278,0.004982692263892031,358.0,358.0,358.0,358.0,0,-0.0027894020875785254
2019-11-14,62.27999877929688,63.20000076293945,62.13999938964844,62.54999923706055,27803,-0.0014440460470117084,358.0,359.0,358.0,358.0,0,0.0
2019-11-15,63.29999923706055,63.63999938964844,61.70000076293945,62.33000183105469,32240,0.01624498973181971,358.0,359.0,358.0,358.0,0,0.0
2019-11-18,62.43999862670898,63.58000183105469,61.93999862670898,63.29999923706055,29294,-0.013679243443913764,358.0,359.0,358.0,358.0,0,0.0
2019-11-19,60.90999984741211,62.54999923706055,60.630001068115234,62.33000183105469,32258,-0.02480871131020442,359.0,360.0,360.0,360.0,0,0.0027894020875785922
2019-11-20,62.400001525878906,62.79999923706055,60.29999923706055,60.7400016784668,39331,0.02416793748531304,359.0,359.0,359.0,359.0,0,0.0
2019-11-21,63.970001220703125,64.02999877929688,61.93000030517578,62.43999862670898,36374,0.02484894271590792,360.0,360.0,360.0,360.0,0,0.0027816429618767705
2019-11-22,63.38999938964844,64.30000305175781,62.9900016784668,63.66999816894531,33785,-0.009108131876917286,360.0,360.0,359.0,360.0,0,0.0
2019-11-25,63.650001525878906,63.790000915527344,62.959999084472656,63.459999084472656,25178,0.0040932383088152545,360.0,360.0,360.0,360.0,0,0.0
2019-11-26,64.2699966430664,64.30999755859375,63.45000076293945,63.5099983215332,23433,0.009693558175083323,360.0,360.0,360.0,360.0,0,0.0
2019-11-27,64.05999755859375,64.5999984741211,63.52999877929688,64.13999938964844,15263,-0.00327280108169071,360.0,360.0,360.0,360.0,0,0.0
2019-11-29,62.43000030517578,64.04000091552734,62.400001525878906,64.04000091552734,47386,-0.02577417210782786,360.0,360.0,360.0,360.0,0,0.0
2019-12-02,60.91999816894531,62.08000183105469,60.5,60.79999923706055,39023,-0.024484435991688067,360.0,360.0,360.0,360.0,0,0.0
2019-12-03,60.81999969482422,61.59000015258789,60.29999923706055,60.90999984741211,32863,-0.0016428207387213956,360.0,360.0,360.0,360.0,0,0.0
2019-12-04,63.0,63.52999877929688,60.9900016784668,61.15999984741211,41730,0.03521604916000201,360.0,360.0,360.0,360.0,0,0.0
2019-12-05,63.38999938964844,63.900001525878906,62.75,63.04999923706055,38903,0.006171384276027408,359.0,359.0,359.0,359.0,0,-0.0027816429618768026
2019-12-06,64.38999938964844,64.86000061035156,62.83000183105469,63.290000915527344,43303,0.01565222140355153,360.0,360.0,359.0,360.0,0,0.0027816429618767705
2019-12-09,64.25,64.5,63.61000061035156,64.4000015258789,32410,-0.002176608295782254,360.0,360.0,360.0,360.0,0,0.0
2019-12-10,64.33999633789062,64.68000030517578,63.77000045776367,64.0,31170,0.0013997411174678665,359.0,359.0,359.0,359.0,0,-0.0027816429618768026
2019-12-11,63.720001220703125,64.25,63.0099983215332,64.16000366210938,31647,-0.009682960693649902,360.0,360.0,359.0,360.0,0,0.0027816429618767705
2019-12-12,64.19999694824219,64.83999633789062,63.869998931884766,63.88999938964844,32866,0.007504658961598909,359.0,360.0,359.0,359.0,0,-0.0027816429618768026
2019-12-13,65.22000122070312,65.77999877929688,64.38999938964844,64.41000366210938,34575,0.015763025917126205,359.0,360.0,360.0,360.0,0,0.0
2019-12-16,65.33999633789062,65.6500015258789,64.87999725341797,64.9800033569336,31476,0.0018381610480748504,360.0,360.0,360.0,360.0,0,0.0027816429618767705
2019-12-17,66.0999984741211,66.2300033569336,65.12000274658203,65.37000274658203,35092,0.011564373647292243,360.0,360.0,360.0,360.0,0,0.0
2019-12-18,66.16999816894531,66.41999816894531,65.56999969482422,65.83000183105469,31943,0.0010584365787517699,360.0,360.0,360.0,360.0,0,0.0
2019-12-19,66.54000091552734,66.77999877929688,66.04000091552734,66.12000274658203,29280,0.005576123997391666,359.0,360.0,359.0,359.0,0,-0.0027816429618768026
2019-12-20,66.13999938964844,66.70999908447266,65.7300033569336,66.5199966430664,33986,-0.0060295860239122576,359.0,360.0,359.0,359.0,0,0.0
2019-12-23,66.38999938964844,66.5999984741211,65.80999755859375,66.20999908447266,21599,0.0037727352121710925,360.0,360.0,360.0,360.0,0,0.0027816429618767705
2019-12-24,67.19999694824219,67.25,66.37000274658203,66.51000213623047,18562,0.012126768578398346,359.0,359.0,359.0,359.0,0,-0.0027816429618768026
2019-12-26,67.91999816894531,67.94999694824219,67.19000244140625,67.37000274658203,10745,0.010657312928060159,360.0,360.0,359.0,360.0,0,0.0027816429618767705
2019-12-27,68.16000366210938,68.29000091552734,67.58000183105469,67.91999816894531,8223,0.003527421205089033,359.0,359.0,359.0,359.0,0,-0.0027816429618768026
2019-12-30,68.44000244140625,68.91000366210938,68.18000030517578,68.20999908447266,34100,0.004099548447015521,360.0,360.0,360.0,360.0,0,0.0027816429618767705
2019-12-31,66.0,66.91999816894531,65.63999938964844,66.68000030517578,30892,-0.03630274266977947,359.0,360.0,359.0,359.0,0,-0.0027816429618768026
2020-01-02,66.25,66.56999969482422,65.7300033569336,66.47000122070312,25810,0.0037807228399061523,360.0,360.0,360.0,360.0,0,0.0027816429618767705
2020-01-03,68.5999984741211,69.4800033569336,66.22000122070312,66.29000091552734,78848,0.03485704762237492,359.0,360.0,360.0,360.0,0,-0.0027816429618768026
2020-01-06,68.91000366210938,70.72000122070312,68.19000244140625,69.06999969482422,51933,0.004508846023775064,359.0,360.0,359.0,359.0,0,0.0
2020-01-07,68.2699966430664,68.73999786376953,67.6500015258789,68.58000183105469,41178,-0.009330976253724733,360.0,360.0,360.0,360.0,0,0.0027816429618767705
2020-01-08,65.44000244140625,71.98999786376953,64.94000244140625,68.47000122070312,85232,-0.042336652656713075,360.0,360.0,359.0,360.0,0,0.0
2020-01-09,65.37000274658203,66.08999633789062,64.55000305175781,65.79000091552734,50520,-0.0010702499614657563,359.0,360.0,359.0,360.0,0,-0.0027816429618768026
2020-01-10,64.9800033569336,65.66000366210938,64.86000061035156,65.41000366210938,46595,-0.005983897738596964,360.0,360.0,360.0,360.0,0,0.0027816429618767705
2020-01-13,64.19999694824219,65.25,63.91999816894531,65.18000030517578,35430,-0.012076418741234857,359.0,360.0,359.0,359.0,0,-0.0027816429618768026
2020-01-14,64.48999786376953,65.04000091552734,63.90999984741211,64.22000122070312,34682,0.0045069767365515856,360.0,360.0,360.0,360.0,0,0.0027816429618767705
2020-01-15,64.0,64.61000061035156,63.54999923706055,64.45999908447266,34164,-0.007627056537625708,360.0,360.0,359.0,360.0,0,0.0
2020-01-16,64.62000274658203,64.95999908447266,63.91999816894531,64.30999755859375,38391,0.00964091954027014,360.0,360.0,359.0,360.0,0,0.0
2020-01-17,64.8499984741211,65.13999938964844,64.48999786376953,64.75,35541,0.0035528843331520867,360.0,360.0,359.0,360.0,0,0.0
2020-01-21,64.58999633789062,66.0,64.05999755859375,65.4000015258789,50484,-0.004017343886490598,360.0,360.0,360.0,360.0,0,0.0027816429618767705
2020-01-22,63.209999084472656,64.58999633789062,62.52999877929688,64.54000091552734,35127,-0.021597041346296558,360.0,360.0,360.0,360.0,0,0.0
2020-01-23,62.040000915527344,62.77999877929688,61.25,62.630001068115234,43330,-0.01868314893491948,360.0,360.0,359.0,360.0,0,0.0
2020-01-24,60.68999862670898,62.459999084472656,60.220001220703125,62.119998931884766,43263,-0.022000435845586,359.0,360.0,360.0,360.0,0,-0.0027816429618768026
2020-01-27,59.31999969482422,60.4900016784668,58.5,60.27999877929688,39367,-0.022832405094638193,360.0,360.0,360.0,360.0,0,0.0027816429618767705
2020-01-28,59.5099983215332,60.11000061035156,58.5,58.95000076293945,41537,0.0031978253268112916,360.0,360.0,359.0,360.0,0,0.0
2020-01-29,59.810001373291016,60.61000061035156,59.25,59.66999816894531,21453,0.005028556565383941,360.0,360.0,359.0,360.0,0,0.0
2020-01-30,58.290000915527344,59.61000061035156,57.72999954223633,59.61000061035156,17435,-0.02574232625347812,360.0,360.0,360.0,360.0,0,0.0
2020-01-31,58.15999984741211,59.52999877929688,57.97999954223633,59.06999969482422,68547,-0.0022327371622046545,359.0,360.0,359.0,359.0,0,-0.0027816429618768026
2020-02-03,54.45000076293945,56.7599983215332,54.06999969482422,55.84999847412109,66338,-0.06591496721096247,359.0,360.0,359.0,359.0,0,0.0
2020-02-04,53.959999084472656,55.63999938964844,53.68999862670898,54.150001525878906,52393,-0.00903984901793625,359.0,361.0,359.0,359.0,0,0.0
2020-02-05,55.27999877929688,56.470001220703125,53.880001068115234,53.880001068115234,56117,0.02416814300445346,361.0,361.0,360.0,360.0,0,0.005555569844601964
2020-02-06,54.93000030517578,56.560001373291016,54.2400016784668,55.56999969482422,50605,-0.0063515044669799296,361.0,360.0,360.0,360.0,0,0.0
2020-02-07,54.470001220703125,55.470001220703125,54.209999084472656,55.36000061035156,43796,-0.008409539104109088,360.0,360.0,360.0,360.0,0,-0.002773926882725208
2020-02-10,53.27000045776367,54.70000076293945,53.11000061035156,54.2400016784668,35920,-0.022276784283960287,360.0,361.0,360.0,360.0,0,0.0
2020-02-11,54.0099983215332,54.65999984741211,53.34999847412109,53.34999847412109,36294,0.013795854005654683,361.0,361.0,360.0,360.0,0,0.0027739268827252244
2020-02-12,55.790000915527344,56.29999923706055,54.18000030517578,54.18000030517578,43350,0.03242547473984197,361.0,360.0,360.0,360.0,0,0.0
2020-02-13,56.34000015258789,56.83000183105469,54.970001220703125,56.34000015258789,48775,0.009810106888889,360.0,360.0,360.0,360.0,0,-0.002773926882725208
2020-02-14,57.31999969482422,57.52999877929688,56.15999984741211,56.400001525878906,41913,0.017244832479332707,361.0,361.0,360.0,361.0,0,0.0027739268827252244
2020-02-18,57.75,57.81999969482422,56.290000915527344,57.34000015258789,47337,0.007473751766003469,360.0,360.0,360.0,360.0,0,-0.002773926882725208
2020-02-19,59.119998931884766,59.40999984741211,57.540000915527344,57.70000076293945,36217,0.023445909171141414,361.0,362.0,361.0,361.0,0,0.0027739268827252244
2020-02-20,59.310001373291016,60.02000045776367,58.900001525878906,59.34000015258789,34207,0.0032086904320504698,362.0,362.0,362.0,362.0,0,0.00276625349289011
2020-02-21,58.5,59.27000045776367,57.7400016784668,59.15999984741211,39006,-0.013751194767284064,362.0,362.0,362.0,362.0,0,0.0
2020-02-24,56.29999923706055,58.119998931884766,55.13999938964844,58.02000045776367,28258,-0.03833223264348862,362.0,362.0,362.0,362.0,0,0.0
2020-02-25,54.95000076293945,56.970001220703125,54.61000061035156,56.220001220703125,27751,-0.024270826860443455,361.0,364.0,361.0,361.0,0,-0.002766253492890185
2020-02-26,53.43000030517578,55.43999862670898,53.040000915527344,55.08000183105469,26216,-0.028051303052505274,363.0,364.0,363.0,363.0,0,0.005524875931969807
2020-02-27,52.18000030517578,53.43999862670898,51.04999923706055,53.43999862670898,9616,-0.023673106124270874,364.0,364.0,364.0,364.0,0,0.0027510333718897976
2020-02-28,50.52000045776367,51.4900016784668,50.119998931884766,51.369998931884766,53362,-0.0323299790137735,364.0,364.0,364.0,364.0,0,0.0
2020-03-02,51.900001525878906,52.77999877929688,48.380001068115234,49.040000915527344,47286,0.026949513028877783,364.0,364.0,364.0,364.0,0,0.0
2020-03-03,51.86000061035156,53.869998931884766,51.2400016784668,52.97999954223633,42862,-0.000771027692472155,363.0,363.0,363.0,363.0,0,-0.002751033371889871
2020-03-04,51.130001068115234,53.02999877929688,51.040000915527344,51.72999954223633,39712,-0.01417636189764057,364.0,364.0,364.0,364.0,0,0.0027510333718897976
2020-03-05,49.9900016784668,52.0099983215332,49.70000076293945,51.650001525878906,39679,-0.02254841098056453,363.0,364.0,363.0,363.0,0,-0.002751033371889871
2020-03-06,45.27000045776367,50.43000030517578,45.15999984741211,50.119998931884766,69464,-0.09917844744180751,364.0,364.0,363.0,364.0,0,0.0027510333718897976
2020-03-09,34.36000061035156,39.2400016784668,31.25,39.2400016784668,76517,-0.27575145668023454,364.0,365.0,364.0,364.0,0,0.0
2020-03-10,37.220001220703125,38.209999084472656,33.439998626708984,33.459999084472656,67054,0.07995316913158396,364.0,365.0,364.0,364.0,0,0.0
2020-03-11,35.790000915527344,39.619998931884766,35.36000061035156,37.79999923706055,60513,-0.039177733652602534,364.0,365.0,364.0,364.0,0,0.0
2020-03-12,33.220001220703125,36.52999877929688,32.47999954223633,36.130001068115234,67484,-0.0745164094272906,364.0,364.0,364.0,364.0,0,0.0
2020-03-13,33.849998474121094,35.9900016784668,32.16999816894531,32.86000061035156,50707,0.018786813349441232,364.0,365.0,363.0,364.0,0,0.0
2020-03-16,30.049999237060547,34.54999923706055,29.34000015258789,34.459999084472656,43527,-0.11907631868840345,364.0,364.0,364.0,364.0,0,0.0
2020-03-17,28.729999542236328,31.21999931335449,28.459999084472656,29.700000762939453,32969,-0.044920778534316815,365.0,365.0,365.0,365.0,0,0.002743485945750834
2020-03-18,24.8799991607666,29.190000534057617,24.51000022888184,28.65999984741211,47500,-0.14387762291816714,364.0,364.0,364.0,364.0,0,-0.0027434859457508326
2020-03-19,28.46999931335449,29.3799991607666,24.979999542236328,26.440000534057617,41724,0.13478664303200108,364.0,365.0,364.0,364.0,0,0.0
2020-03-20,26.979999542236328,30.93000030517578,26.790000915527344,28.0,51866,-0.053755043358901695,364.0,365.0,364.0,364.0,0,0.0
2020-03-23,27.030000686645508,27.520000457763672,24.68000030517578,26.5,31642,0.0018515518786137634,364.0,365.0,364.0,364.0,0,0.0
2020-03-24,27.149999618530277,28.63999938964844,26.690000534057617,27.63999938964844,30946,0.004429646638048709,364.0,365.0,364.0,364.0,0,0.0
2020-03-25,27.38999938964844,28.280000686645508,25.729999542236328,27.600000381469727,27352,0.008800928661755294,364.0,365.0,364.0,364.0,0,0.0
2020-03-26,26.34000015258789,27.670000076293945,26.040000915527344,27.59000015258789,26819,-0.03908925888310423,364.0,369.8089294433594,369.7755432128906,369.7858581542969,0,0.0
2020-03-27,24.93000030517578,27.0,24.170000076293945,26.709999084472656,23547,-0.05501679233137187,364.0,369.8089294433594,369.7755432128906,369.7858581542969,0,0.0
2020-03-30,22.76000022888184,24.25,21.690000534057617,24.0,9112,-0.09106729046232341,364.0,369.8089294433594,369.7755432128906,369.7858581542969,0,0.0
2020-03-31,22.739999771118164,23.86000061035156,22.57999992370605,22.959999084472656,40694,-0.000879141057224288,364.0,369.8089294433594,369.7755432128906,369.7858581542969,0,0.0
2020-04-01,24.739999771118164,26.270000457763672,24.540000915527344,25.93000030517578,43466,0.08429587945562718,364.0,369.8089294433594,369.7755432128906,369.7858581542969,0,0.0
2020-04-02,29.940000534057617,32.599998474121094,25.43000030517578,25.6299991607666,65518,0.19077403911622495,364.0,369.8089294433594,369.7755432128906,369.7858581542969,0,0.0
2020-04-03,34.11000061035156,35.0,28.280000686645508,29.959999084472656,55373,0.1303952174951018,364.0,369.8089294433594,369.7755432128906,369.7858581542969,0,0.0
2020-04-06,33.04999923706055,34.22999954223633,30.549999237060547,31.25,36779,-0.031569071110885624,364.0,369.8089294433594,369.7755432128906,369.7858581542969,0,0.0
2020-04-07,31.8700008392334,34.18000030517578,31.729999542236328,33.310001373291016,36246,-0.03635638845102778,364.0,369.8089294433594,369.7755432128906,369.7858581542969,0,0.0
2020-04-08,32.84000015258789,33.869998931884766,31.549999237060547,32.40999984741211,39293,0.02998213446836474,364.0,369.8089294433594,369.7755432128906,369.7858581542969,0,0.0
2020-04-09,31.479999542236328,36.43000030517578,31.239999771118164,33.65999984741211,48214,-0.04229488022284128,364.0,369.8089294433594,369.7755432128906,369.7858581542969,0,0.0
2020-04-13,31.739999771118164,33.22999954223633,30.63999938964844,33.0,28098,0.008225298879325292,364.0,369.8089294433594,369.7755432128906,369.7858581542969,0,0.0
2020-04-14,29.600000381469727,32.380001068115234,29.399999618530277,32.09000015258789,32146,-0.06980333366960965,387.0,386.0,385.0,385.0,0,0.06127082539304114
2020-04-15,27.690000534057617,30.420000076293945,27.170000076293945,30.01000022888184,32129,-0.06670301774761381,385.0,386.0,383.0,385.0,0,-0.005181358741997629
2020-04-16,27.81999969482422,29.01000022888184,27.200000762939453,28.059999465942383,30922,0.004683819055751004,385.5,386.5,385.5,385.5,0,0.0012978587156000124
2020-04-17,28.07999992370605,29.0,27.600000381469727,28.46999931335449,44417,0.009302400914946843,386.0,386.0700073242188,385.9100036621094,386.0,0,0.0012961764614466762
2020-04-20,25.56999969482422,28.239999771118164,25.3799991607666,28.049999237060547,46467,-0.09363779907240945,384.6099853515625,386.0,381.8200073242188,384.6099853515625,0,-0.003607573694602521
2020-04-21,19.32999992370605,27.229999542236328,17.520000457763672,25.959999084472656,83111,-0.2797614880948596,389.0,389.0,385.8500061035156,389.0,0,0.011349547848218003
2020-04-22,20.3700008392334,22.459999084472656,16.0,19.559999465942383,51051,0.05240498216487295,360.0,389.510986328125,387.0,389.487548828125,0,-0.07747531216829057
2020-04-23,21.32999992370605,23.18000030517578,20.059999465942383,21.299999237060547,44993,0.04605125746822826,389.5,390.6300048828125,389.0,389.5,0,0.07875983386064721
2020-04-24,21.440000534057617,22.670000076293945,20.51000022888184,21.790000915527344,36158,0.005143832205583224,389.5,390.3434143066406,360.0,389.98583984375,0,0.0
2020-04-27,19.989999771118164,21.90999984741211,19.11000061035156,21.299999237060547,25906,-0.07002622404951277,360.0,389.6400146484375,360.0,360.0,0,-0.07875983386064726
2020-04-28,20.459999084472656,21.270000457763672,18.729999542236328,20.170000076293945,21996,0.023239578713805414,389.5,390.0000915527344,387.3111267089844,389.9692993164063,0,0.07875983386064721
2020-04-29,22.540000915527344,23.82999992370605,20.350000381469727,20.75,14425,0.0968198334532265,389.0,390.9700012207031,389.0,389.0,0,-0.0012845216923566276
2020-04-30,25.270000457763672,25.809999465942383,23.11000061035156,23.11000061035156,42900,0.11432639028548452,389.0,389.5,386.7654418945313,389.0,0,0.0
2020-05-01,26.440000534057617,27.950000762939453,25.75,26.71999931335449,28681,0.04526009566732763,389.489990234375,389.5,388.0,389.489990234375,0,0.001258822348973376
2020-05-04,27.200000762939453,28.07999992370605,25.479999542236328,26.209999084472656,30309,0.028338966168859676,389.010009765625,389.3999938964844,389.0,389.010009765625,0,-0.0012330906347283374
2020-05-05,30.96999931335449,31.690000534057617,27.799999237060547,27.940000534057617,38518,0.12980197046260408,388.0,390.1799926757813,389.3900146484375,389.489990234375,0,-0.0025997357094179286
2020-05-06,29.71999931335449,32.4900016784668,28.670000076293945,31.8799991607666,37505,-0.04119877506806109,389.5,389.510009765625,389.5,389.5,0,0.0038585256875294997
2020-05-07,29.459999084472656,31.84000015258789,29.06999969482422,30.1200008392334,36701,-0.008786816788218533,389.5,389.5,366.3500061035156,389.5,0,0.0
2020-05-08,30.96999931335449,31.1299991607666,29.399999618530277,29.43000030517578,20277,0.0499855918562795,389.0,389.0299987792969,389.0,389.0,0,-0.0012845216923566276
2020-05-11,29.6299991607666,31.450000762939453,29.36000061035156,30.68000030517578,33638,-0.044231638552099606,389.0,389.55999755859375,388.55999755859375,389.1000061035156,0,0.0
2020-05-12,29.979999542236328,30.68000030517578,29.450000762939453,30.06999969482422,25820,0.011743144143782788,389.010009765625,389.5,389.0,389.010009765625,0,2.5731714245136635e-05
2020-05-13,29.190000534057617,30.540000915527344,28.8700008392334,29.46999931335449,25072,-0.02670427424354974,389.96673583984375,390.4800109863281,388.0,390.4800109863281,0,0.0024563674350205323
2020-05-14,31.1299991607666,31.489999771118164,28.899999618530277,29.38999938964844,25953,0.06434575433259176,389.5,389.7799987792969,387.0,389.5,0,-0.001197577456909082
2020-05-15,32.5,32.900001525878906,30.959999084472656,31.350000381469727,29410,0.04306813184116668,387.0,389.5,385.7200012207031,389.5,0,-0.006439172281021201
2020-05-18,34.810001373291016,35.720001220703125,32.709999084472656,32.709999084472656,28869,0.06866465193870404,386.510009765625,386.510009765625,385.5899963378906,386.510009765625,0,-0.0012669268496315596
2020-05-19,34.650001525878906,35.86000061035156,34.20000076293945,35.439998626708984,24952,-0.0046069716015752216,389.5,390.0,389.5,389.5,0,0.007706099130652635
2020-05-20,35.75,36.400001525878906,34.369998931884766,34.43000030517578,25571,0.03125249946719612,389.510009765625,390.5700073242188,387.0,389.510009765625,0,2.5698682943983646e-05
2020-05-21,36.060001373291016,36.97999954223633,35.709999084472656,35.79999923706055,29933,0.008633986718653938,388.0,389.5,387.2300109863281,388.0,0,-0.0038842243704734106
2020-05-22,35.130001068115234,36.22999954223633,33.54999923706055,35.939998626708984,31482,-0.026128759176288832,389.5,389.5199890136719,387.0,389.5,0,0.0038585256875294997
2020-05-26,36.16999816894531,36.68000030517578,34.459999084472656,35.130001068115234,29328,0.029174498658048966,390.0700073242188,390.0700073242188,389.510009765625,390.0700073242188,0,0.0001794898502683319
2020-05-27,34.7400016784668,36.18000030517578,34.0,36.09999847412109,16676,-0.0403381862123667,390.0,390.0,382.0899963378906,390.0,0,-0.0001794898502683851
2020-05-28,35.290000915527344,35.88999938964844,33.38999938964844,34.34000015258789,9367,0.015707854502082244,389.5,390.0,380.1340637207031,389.5,0,-0.0012828738128891524
2020-05-29,35.33000183105469,35.36000061035156,34.18000030517578,35.029998779296875,32101,0.0011328495680979934,387.0,387.0,386.0700073242188,387.0,0,-0.006439172281021201
2020-06-01,38.31999969482422,38.68000030517578,37.16999816894531,37.540000915527344,26475,0.08123943194053808,360.0,387.4790344238281,386.1099853515625,387.4735107421875,0,-0.07232066157962613
2020-06-02,39.56999969482422,39.790000915527344,38.34000015258789,38.47999954223633,27662,0.032099302546248765,384.0,387.0,360.75,387.0,0,0.06453852113757116
2020-06-03,39.790000915527344,40.52999877929688,38.75,39.52000045776367,34099,0.005544399762786702,387.0,387.6300048828125,385.0,387.5,0,0.007782140442054949
2020-06-04,39.9900016784668,40.09999847412109,39.060001373291016,39.380001068115234,22661,0.005013817383071267,387.0,387.5,384.0,387.0,0,0.0
2020-06-05,42.29999923706055,42.47999954223633,39.720001220703125,39.93000030517578,28827,0.05615760318494942,384.0,387.7200012207031,387.0,387.0,0,-0.007782140442054963
2020-06-08,40.79999923706055,43.43000030517578,40.68000030517578,42.40999984741211,28718,-0.036105005305218985,387.0,387.3999938964844,387.0,387.0,0,0.007782140442054949
2020-06-09,41.18000030517578,41.43000030517578,39.84999847412109,40.95000076293945,26258,0.009270646299800497,387.0,387.5,386.3399963378906,387.0,0,0.0
2020-06-10,41.72999954223633,41.9900016784668,40.130001068115234,40.869998931884766,23565,0.013267574623386852,384.0,387.5,384.2900085449219,387.0,0,-0.007782140442054963
2020-06-11,38.54999923706055,41.310001373291016,37.83000183105469,41.310001373291016,36881,-0.07926420341537527,387.0,387.5299987792969,385.393310546875,387.0,0,0.007782140442054949
2020-06-12,38.72999954223633,39.43999862670898,37.0,38.380001068115234,29653,0.004658401488872677,385.0,387.5,387.0499877929688,387.5,0,-0.005181358741997629
2020-06-15,39.720001220703125,39.880001068115234,37.2400016784668,38.68999862670898,30674,0.025240388202374158,387.0,387.6300048828125,384.0,387.0,0,0.0051813587419975845
2020-06-16,40.959999084472656,41.65999984741211,38.970001220703125,39.77000045776367,35087,0.03074108846983184,387.0,387.5,382.3603515625,387.0,0,0.0
2020-06-17,40.709999084472656,41.45000076293945,40.02999877929688,40.709999084472656,29078,-0.006122218353626866,384.0,387.5,386.1099853515625,387.0,0,-0.007782140442054963
2020-06-18,41.5099983215332,41.63999938964844,40.04999923706055,40.58000183105469,31042,0.019460581603823416,387.0,387.4813537597656,384.0,387.460205078125,0,0.007782140442054949
2020-06-19,42.18999862670898,42.93000030517578,41.0099983215332,41.41999816894531,34079,0.016248871956385247,384.0,387.5,384.0,387.0,0,-0.007782140442054963
2020-06-22,43.08000183105469,43.16999816894531,41.5099983215332,41.54999923706055,24433,0.020875701205685413,387.0,387.0,384.0,387.0,0,0.007782140442054949
2020-06-23,42.630001068115234,43.93000030517578,42.209999084472656,43.16999816894531,27036,-0.010500638959176096,387.5,387.5,385.989990234375,387.5,0,0.0012911557636198078
2020-06-24,40.310001373291016,42.88999938964844,39.619998931884766,42.33000183105469,28537,-0.05595864463528123,387.5,387.5,384.989990234375,387.5,0,0.0
2020-06-25,41.04999923706055,41.63999938964844,39.470001220703125,40.43000030517578,32530,0.018191206115502866,387.5,388.2699890136719,387.0499877929688,387.5,0,0.0
2020-06-26,41.02000045776367,41.77999877929688,40.290000915527344,41.470001220703125,13481,-0.0007310535090646587,384.0,387.0,386.8299865722656,387.0,0,-0.00907329620567483
2020-06-29,41.709999084472656,41.93999862670898,40.060001373291016,40.310001373291016,9783,0.016681122455266886,387.0,387.0,384.0,387.0,0,0.007782140442054949
2020-06-30,41.150001525878906,41.619998931884766,40.93999862670898,41.54999923706055,29381,-0.013516922055050208,387.0,387.5,385.8599853515625,387.0,0,0.0
2020-07-01,42.02999877929688,42.619998931884766,41.02999877929688,41.720001220703125,26731,0.02115965576943543,387.5,387.7900085449219,384.7900085449219,387.5,0,0.0012911557636198078
2020-07-02,43.13999938964844,43.220001220703125,41.75,42.02000045776367,21825,0.026067006839441225,387.0,387.5,385.0,387.0,0,-0.0012911557636199273
2020-07-06,43.09999847412109,43.709999084472656,42.75,42.75,28969,-0.0009276651063731945,387.5,387.5,384.2804565429688,387.5,0,0.0
2020-07-07,43.08000183105469,43.45000076293945,42.459999084472656,43.150001525878906,18827,-0.0004640669147008547,387.0,387.1499938964844,384.75,387.0,0,-0.0012911557636199273
2020-07-08,43.290000915527344,43.459999084472656,42.77999877929688,42.959999084472656,19171,0.004862787810814128,387.0,387.5499877929688,384.0,387.0,0,0.0
2020-07-09,42.34999847412109,43.5,41.93000030517578,43.380001068115234,23249,-0.021953297534727634,384.0,387.5,384.0,387.0,0,-0.007782140442054963
2020-07-10,43.2400016784668,43.40999984741211,41.31999969482422,42.400001525878906,24083,0.02079764652059863,387.5,387.5899963378906,386.80999755859375,387.5,0,0.009073296205674755
2020-07-13,42.720001220703125,43.33000183105469,42.18999862670898,43.11000061035156,22911,-0.012098808362012454,386.9599914550781,387.0199890136719,386.5,386.9599914550781,0,-0.001394542360858059
2020-07-14,42.900001525878906,43.20000076293945,41.79999923706055,42.31999969482422,21724,0.004204638275793083,387.0,387.010009765625,384.0,387.0,0,0.00010338659723809332
2020-07-15,43.790000915527344,43.84000015258789,42.70000076293945,43.150001525878906,23596,0.02053364021828735,386.5,387.6400146484375,385.55999755859375,386.5,0,-0.0012928250023051934
2020-07-16,43.369998931884766,43.810001373291016,43.13999938964844,43.63999938964844,20484,-0.009637568501230345,387.0,387.5,385.0,387.0,0,0.0012928250023051713
2020-07-17,43.13999938964844,43.459999084472656,42.630001068115234,43.34000015258789,21774,-0.005317306406448919,387.5,388.2999877929688,386.1799926757813,387.5,0,0.0012911557636198078
2020-07-20,43.27999877929688,43.43000030517578,42.369998931884766,43.09000015258789,18019,0.003239979520588547,387.0,388.010009765625,387.0,387.0,0,-0.0012911557636199273
2020-07-21,44.31999969482422,44.880001068115234,43.119998931884766,43.18000030517578,24167,0.023745429219853145,385.0,388.2699890136719,383.6810302734375,387.5,0,-0.005181358741997629
2020-07-22,44.290000915527344,44.400001525878906,43.619998931884766,43.900001525878906,19676,-0.0006770969469888953,387.0,387.0,382.739990234375,387.0,0,0.0051813587419975845
2020-07-23,43.310001373291016,44.77000045776367,43.130001068115234,44.34999847412109,25759,-0.022375351671364563,387.5,387.6900024414063,385.8599853515625,387.5,0,0.0012911557636198078
2020-07-24,43.34000015258789,43.900001525878906,42.79999923706055,43.36000061035156,21918,0.0006924126939906257,387.5,387.5,385.6900024414063,387.5,0,0.0
2020-07-27,43.40999984741211,43.77000045776367,42.380001068115234,43.400001525878906,22507,0.0016138261675317847,387.0,389.5799865722656,384.0,387.0,0,-0.0012911557636199273
2020-07-28,43.220001220703125,43.81999969482422,43.0099983215332,43.619998931884766,17828,-0.004386446473781735,387.5,388.2099914550781,387.0,387.5,0,0.0012911557636198078
2020-07-29,43.75,43.93999862670898,43.20000076293945,43.29999923706055,10911,0.01218823348094314,387.5,388.7900085449219,384.21875,387.5,0,0.0
2020-07-30,42.93999862670898,43.81999969482422,41.380001068115234,43.79999923706055,8373,-0.018687852334615035,387.0,387.5,371.0,387.0,0,-0.0012911557636199273
2020-07-31,43.29999923706055,43.52000045776367,43.06999969482422,43.31999969482422,23641,0.008348856919586712,373.0,387.6799926757813,374.0,381.5,0,-0.03684627338596626
2020-08-03,44.150001525878906,44.45000076293945,42.88999938964844,43.54999923706055,26883,0.01944034422261683,383.5,387.9700012207031,377.5,383.5,0,0.027761201163495248
2020-08-04,44.43000030517578,44.81999969482422,43.2400016784668,43.90999984741211,27305,0.0063219622052924996,379.0,386.0899963378906,379.0,379.0,0,-0.011803415724884489
2020-08-05,45.16999816894531,46.2400016784668,44.25,44.400001525878906,29337,0.01651818531304302,379.0,385.8900146484375,379.0,379.0,0,0.0
2020-08-06,45.09000015258789,45.709999084472656,44.84999847412109,45.2400016784668,23131,-0.0017726133124807252,385.8900146484375,388.0299987792969,373.0,385.8900146484375,0,0.018016187636444237
2020-08-07,44.400001525878906,45.25,44.2599983215332,45.119998931884766,20363,-0.015420992012246164,378.5,385.3200073242188,376.0,378.5,0,-0.01933631984136716
2020-08-10,44.9900016784668,45.2599983215332,44.400001525878906,44.61000061035156,13672,0.013200776355812464,386.3599853515625,386.3599853515625,378.0,386.3599853515625,0,0.020553466519631084
2020-08-11,44.5,45.77999877929688,44.40999984741211,44.9900016784668,19786,-0.01095109098843846,380.7999877929688,386.1700134277344,373.0,378.0,0,-0.014495268536204368
2020-08-12,45.43000030517578,45.619998931884766,44.5099983215332,44.58000183105469,16995,0.020683497316612006,372.0,385.1199951171875,372.0,380.0,0,-0.023380416587783743
2020-08-13,44.959999084472656,45.58000183105469,44.81999969482422,45.43000030517578,13877,-0.010399501266523828,374.0,385.7200012207031,374.0,381.0,0,0.005361943141385373
2020-08-14,44.79999923706055,45.41999816894531,44.47999954223633,45.04999923706055,16681,-0.0035650628312419866,380.0,385.7300109863281,380.0,380.0,0,0.015915455305899582
2020-08-17,45.369998931884766,45.41999816894531,44.5,44.959999084472656,19441,0.012642947742507515,385.7300109863281,385.7300109863281,380.0,385.7300109863281,0,0.014966418609447186
2020-08-18,45.459999084472656,45.540000915527344,44.77000045776367,45.380001068115234,18063,0.0019817281516637426,378.0,383.7200012207031,380.5,380.5,0,-0.020243475710290913
2020-08-19,45.369998931884766,45.4900016784668,44.810001373291016,45.040000915527344,18063,-0.001981728151663667,382.0,384.8900146484375,381.510009765625,382.0,0,0.010526412986987603
2020-08-20,44.900001525878906,45.27000045776367,44.0099983215332,45.27000045776367,24042,-0.010413241401400354,384.8900146484375,387.9700012207031,384.8900146484375,384.8900146484375,0,0.007537008630154907
2020-08-21,44.34999847412109,45.119998931884766,43.59999847412109,44.90999984741211,25495,-0.012325154381947145,386.0899963378906,386.0899963378906,384.6700134277344,386.0899963378906,0,0.0031128761870306797
2020-08-24,45.130001068115234,45.16999816894531,44.27999877929688,44.41999816894531,21033,0.01743456315622997,386.0199890136719,386.0899963378906,385.3399963378906,386.0199890136719,0,-0.00018134029021448837
2020-08-25,45.86000061035156,46.040000915527344,44.9900016784668,44.9900016784668,23808,0.016046053232345373,385.3399963378906,386.3299865722656,385.3399963378906,385.3399963378906,0,-0.00176310118451174
2020-08-26,45.63999938964844,46.09000015258789,45.54999923706055,45.97999954223633,16657,-0.004808779118073258,385.55999755859375,385.55999755859375,385.5199890136719,385.55999755859375,0,0.0005707646346283195
2020-08-27,45.09000015258789,45.81999969482422,44.560001373291016,45.619998931884766,10776,-0.012124015803636272,385.5199890136719,386.5499877929688,384.5064697265625,385.5199890136719,0,-0.00010377274901302254
2020-08-28,45.04999923706055,45.290000915527344,44.81999969482422,45.04999923706055,21040,-0.0008875286981128289,386.2200012207031,386.9599914550781,385.760009765625,386.2200012207031,0,0.0018141146185715995
2020-08-31,45.27999877929688,46.5099983215332,45.220001220703125,45.709999084472656,18967,0.0050924398169822525,386.9599914550781,386.9599914550781,384.6799926757813,386.9599914550781,0,0.0019141479793222183
2020-09-01,45.58000183105469,46.220001220703125,45.470001220703125,45.56999969482422,19914,0.006603657053928792,384.6799926757813,385.8900146484375,384.2900085449219,384.6799926757813,0,-0.005909505628032654
2020-09-02,44.43000030517578,46.040000915527344,44.20000076293945,45.84999847412109,31416,-0.025554140173360444,385.8900146484375,388.6099853515625,385.7799987792969,385.8900146484375,0,0.0031405919143597124
2020-09-03,44.06999969482422,44.61000061035156,43.15999984741211,44.369998931884766,30615,-0.008135651887405384,385.7799987792969,386.7900085449219,373.0,385.7799987792969,0,-0.00028513708702334635
2020-09-04,42.65999984741211,44.540000915527344,42.29999923706055,43.869998931884766,32210,-0.03251756246273213,373.0,385.0799865722656,380.5,380.5,0,-0.033688835988031816
2020-09-08,39.77999877929688,42.45000076293945,39.29999923706055,42.220001220703125,52172,-0.06989746672689412,386.1900024414063,386.6199951171875,374.0,386.1900024414063,0,0.013530107534726828
2020-09-09,40.790000915527344,41.20000076293945,39.27999877929688,39.79999923706055,30286,0.025072733034890927,378.0,383.8399963378906,381.0,383.0,0,-0.02143528704184007
2020-09-10,40.060001373291016,40.95000076293945,39.720001220703125,40.63999938964844,24171,-0.018058611255837968,380.0,383.0199890136719,380.0,380.0,0,0.005277057100843819
2020-09-11,39.83000183105469,40.34999847412109,39.380001068115234,39.95000076293945,24576,-0.005757921353226758,380.5,383.1000061035156,380.5,380.5,0,0.001314924581309022
2020-09-14,39.61000061035156,40.09000015258789,39.310001373291016,39.77000045776367,22118,-0.005538816122446678,380.5,385.0400085449219,377.0,380.5,0,0.0
2020-09-15,40.52999877929688,40.81999969482422,39.38999938964844,39.65999984741211,25333,0.02296078347885669,376.0,385.1700134277344,375.0,383.0,0,-0.011897033911846055
2020-09-16,42.220001220703125,42.43999862670898,40.58000183105469,40.75,29327,0.04085166081137666,376.0,387.0799865722656,374.0,383.0,0,0.0
2020-09-17,43.29999923706055,43.5099983215332,41.52000045776367,42.2599983215332,27245,0.02525854605550947,384.0,387.9800109863281,383.20751953125,384.0,0,0.021053409197832263
2020-09-18,43.150001525878906,43.810001373291016,42.52999877929688,43.2599983215332,26032,-0.0034701644969594696,384.0,384.9299926757813,382.8935852050781,384.0,0,0.0
2020-09-21,41.43999862670898,43.27999877929688,40.97999954223633,43.02000045776367,24298,-0.040435888079670815,382.5,385.1900024414063,375.0,382.5,0,-0.003913899321136329
2020-09-22,41.720001220703125,42.18999862670898,41.209999084472656,41.790000915527344,19914,0.006734094580029273,381.0,385.2200012207031,381.0,381.0,0,-0.00392927813988955
2020-09-23,41.77000045776367,42.63999938964844,41.25,41.7400016784668,23779,0.0011977300762390673,381.0,386.989990234375,381.0,381.0,0,0.0
2020-09-24,41.93999862670898,42.02000045776367,41.119998931884766,41.5,21940,0.004061603261357402,386.989990234375,388.1600036621094,377.0,386.989990234375,0,0.015599452541120395
2020-09-25,41.91999816894531,42.33000183105469,41.52999877929688,41.93000030517578,17141,-0.0004769963965445891,376.0,386.55999755859375,376.0,380.5,0,-0.028809684277926944
2020-09-28,42.43000030517578,42.619998931884766,41.47999954223633,41.84999847412109,11999,0.012092670073640416,380.0,384.9400024414063,376.0,380.0,0,0.010582109330537008
2020-09-29,41.02999877929688,42.52000045776367,40.43999862670898,42.43000030517578,8209,-0.033552189704069604,382.5,384.7799987792969,377.0,382.5,0,0.0065574005461590396
2020-09-30,40.95000076293945,40.970001220703125,40.41999816894531,40.75,35524,-0.0019516477725385172,382.5,385.1499938964844,378.0,382.5,0,0.0
2020-10-01,40.93000030517578,42.560001373291016,39.91999816894531,42.02000045776367,36595,-0.000488530969725148,380.5,381.0,378.16107177734375,380.5,0,-0.005242475964849983
2020-10-02,39.27000045776367,40.81999969482422,38.790000915527344,40.790000915527344,37290,-0.04140241771360606,378.0,383.55999755859375,377.0,382.0,0,-0.006591981682152837
2020-10-05,41.290000915527344,41.77999877929688,39.209999084472656,39.220001220703125,30456,0.05015948182435251,382.0,386.4100036621094,377.0,382.0,0,0.010526412986987603
2020-10-06,42.650001525878906,42.84000015258789,41.220001220703125,41.52000045776367,37426,0.03240694764334992,377.0,384.4700012207031,377.0,382.5,0,-0.013175421158564404
2020-10-07,41.9900016784668,42.41999816894531,41.36000061035156,41.93999862670898,30170,-0.015595775045335965,382.5,385.9400024414063,382.5,382.5,0,0.014483465818579752
2020-10-08,43.34000015258789,43.470001220703125,41.86000061035156,42.060001373291016,33351,0.03164446495981678,384.1799926757813,385.4100036621094,384.1799926757813,384.1799926757813,0,0.0043825204276253995
2020-10-09,42.84999847412109,43.560001373291016,42.61000061035156,43.40999984741211,26041,-0.011370390194918466,377.0,383.0400085449219,382.5,382.5,0,-0.018865986246205165
2020-10-12,41.720001220703125,42.810001373291016,41.34999847412109,42.68999862670898,24754,-0.02672495004201771,382.5,383.0400085449219,382.5,382.5,0,0.014483465818579752
2020-10-13,42.45000076293945,42.66999816894531,41.650001525878906,41.83000183105469,22528,0.017346271338022776,383.0400085449219,383.0400085449219,382.8999938964844,383.0400085449219,0,0.0014107914111887606
2020-10-14,43.31999969482422,43.43000030517578,42.130001068115234,42.41999816894531,28837,0.02028748435808724,380.5,380.5,378.0,380.5,0,-0.00665326737603875
2020-10-15,43.15999984741211,43.59999847412109,41.560001373291016,43.40999984741211,40144,-0.0037002782335708996,380.5,383.0799865722656,379.5199890136719,380.5,0,0.0
2020-10-16,42.93000030517578,43.20000076293945,42.27000045776367,43.040000915527344,24159,-0.0053432475093805635,376.0,383.2000122070313,377.3478698730469,379.5,0,-0.011897033911846055
2020-10-19,42.619998931884766,43.220001220703125,42.369998931884766,42.7400016784668,26265,-0.007247287736043632,380.5,383.0,378.0,380.5,0,0.011897033911846064
2020-10-20,43.15999984741211,43.310001373291016,42.18999862670898,42.43000030517578,31677,0.012590535245424164,380.0,383.0,380.0,380.0,0,-0.0013149245813090288
2020-10-21,41.72999954223633,43.040000915527344,41.459999084472656,42.81999969482422,31681,-0.03369385322072633,380.0,382.3500061035156,377.0,380.0,0,0.0
2020-10-22,42.459999084472656,42.790000915527344,41.470001220703125,41.720001220703125,30590,0.0173421510791892,378.0,381.1000061035156,380.5,381.0,0,-0.005277057100843781
2020-10-23,41.77000045776367,42.79999923706055,41.5,42.43999862670898,26207,-0.016384045244762887,377.0,382.0400085449219,380.5,380.5,0,-0.002649008171576953
2020-10-26,40.459999084472656,41.630001068115234,40.220001220703125,41.630001068115234,28463,-0.03186458035659627,377.0,381.4700012207031,380.5,380.5,0,0.0
2020-10-27,41.20000076293945,41.470001220703125,40.400001525878906,40.52000045776367,26720,0.018124465761791213,377.0,381.5799865722656,379.5,380.5,0,0.0
2020-10-28,39.119998931884766,40.709999084472656,38.7400016784668,40.709999084472656,21228,-0.05180445701037138,380.510009765625,381.4200134277344,380.05999755859375,380.510009765625,0,0.009267296381888793
2020-10-29,37.650001525878906,39.5,36.68000030517578,39.31999969482422,14205,-0.038300823089163036,380.0,385.7999877929688,379.3200073242188,380.0,0,-0.0013412311094680236
2020-10-30,37.459999084472656,38.02000045776367,37.0,37.619998931884766,43651,-0.00505932219808382,386.9599914550781,386.9599914550781,379.9400024414063,386.9599914550781,0,0.018150053712112216
2020-11-02,38.970001220703125,39.34000015258789,35.72999954223633,37.41999816894531,40454,0.03951847809898279,380.0,385.2900085449219,376.0,380.0,0,-0.01815005371211219
2020-11-03,39.709999084472656,40.43999862670898,38.650001525878906,39.220001220703125,39534,0.01881087141303213,377.0,385.260009765625,379.0,381.0,0,-0.007926065272420716
2020-11-04,41.22999954223633,41.34000015258789,39.40999984741211,40.150001525878906,39329,0.03756311352829917,382.5,384.9700012207031,377.0,382.5,0,0.014483465818579752
2020-11-05,40.93000030517578,41.52000045776367,40.34000015258789,41.16999816894531,30961,-0.0073028376557711565,382.5,384.7000122070313,381.5084228515625,382.5,0,0.0
2020-11-06,39.45000076293945,40.77999877929688,39.33000183105469,40.77000045776367,33078,-0.03682923132906704,378.0,383.489990234375,377.0,382.5,0,-0.011834457647002796
2020-11-09,42.400001525878906,43.4900016784668,39.61000061035156,39.70000076293945,55156,0.07211433159433533,377.0,385.2799987792969,378.0,381.5,0,-0.002649008171576953
2020-11-10,43.61000061035156,44.06999969482422,41.54999923706055,42.130001068115234,41973,0.028138097624732464,379.5,380.7000122070313,378.0,379.5,0,0.006609409387673807
2020-11-11,43.79999923706055,45.310001373291016,43.61000061035156,43.959999084472656,43047,0.004347304113337351,379.5,386.0899963378906,379.5,379.5,0,0.0
2020-11-12,43.52999877929688,44.47999954223633,43.27999877929688,43.77999877929688,36578,-0.006183472442286306,380.7000122070313,380.75,378.0,380.7000122070313,0,0.003157098617466621
2020-11-13,42.77999877929688,43.34000015258789,42.630001068115234,43.33000183105469,34737,-0.017379652401580625,379.0,385.1900024414063,377.0,379.0,0,-0.004475490370724888
2020-11-16,43.81999969482422,44.68000030517578,42.63999938964844,42.72999954223633,37770,0.024019652083192504,378.0,382.7015686035156,378.0,380.7000122070313,0,-0.0026420094628386965
2020-11-17,43.75,44.22999954223633,43.08000183105469,43.900001525878906,27858,-0.001598714399393454,377.0,382.22076416015625,378.0,380.7000122070313,0,-0.002649008171576953
2020-11-18,44.34000015258789,44.880001068115234,43.4900016784668,43.77999877929688,28668,0.013395594825856639,379.0,383.1533508300781,379.0,380.7000122070313,0,0.00529101763441568
2020-11-19,44.20000076293945,44.58000183105469,43.790000915527344,44.15999984741211,25836,-0.003162401284754138,378.0,382.9729614257813,379.0,380.7000122070313,0,-0.0026420094628386965
2020-11-20,44.959999084472656,45.18999862670898,44.0,44.220001220703125,24489,0.01704837887755679,379.0,383.9412536621094,378.0,380.7000122070313,0,0.002642009462838576
2020-11-23,46.060001373291016,46.119998931884766,44.900001525878906,45.130001068115234,35378,0.024171738985519026,378.0,383.3710021972656,377.0,380.7000122070313,0,-0.0026420094628386965
2020-11-24,47.86000061035156,48.02999877929688,45.84000015258789,45.84000015258789,31692,0.03833517102527878,377.0,380.7000122070313,377.0,380.7000122070313,0,-0.002649008171576953
2020-11-25,48.61000061035156,49.04999923706055,47.59999847412109,47.86000061035156,24897,0.015549188380373995,378.0,380.7000122070313,377.0,380.7000122070313,0,0.0026490081715768625
2020-11-27,48.18000030517578,49.06999969482422,47.36000061035156,48.900001525878906,12454,-0.008885280092653337,380.7000122070313,380.7000122070313,378.0,380.7000122070313,0,0.009766508005140449
2020-11-30,47.59000015258789,47.95000076293945,46.84999847412109,47.75,37651,-0.012321345181480616,377.0,383.3215026855469,376.8728332519531,380.7000122070313,0,-0.009766508005140421
2020-12-01,47.41999816894531,48.29999923706055,46.88999938964844,47.70000076293945,31987,-0.0035786163156150677,376.0,380.7000122070313,377.0,380.7000122070313,0,-0.0026560440581162963
2020-12-02,48.25,48.75,46.77000045776367,47.13999938964844,35514,0.017351785761289356,378.0,380.7000122070313,374.7236022949219,380.7000122070313,0,0.005305052229693098
2020-12-03,48.709999084472656,48.93000030517578,47.68000030517578,48.08000183105469,36526,0.009488501237986221,378.0,380.7000122070313,376.1140441894531,380.7000122070313,0,0.0
2020-12-04,49.25,49.86000061035156,48.77000045776367,48.81999969482422,31658,0.01102503859511686,378.0,380.7000122070313,378.0,380.7000122070313,0,0.0
2020-12-07,48.790000915527344,49.43000030517578,48.38999938964844,49.22999954223633,23896,-0.00938397502570075,377.0,381.1726379394531,377.0,380.7000122070313,0,-0.002649008171576953
2020-12-08,48.84000015258789,49.0,48.11000061035156,48.68000030517578,27102,0.0010242597743471097,378.0,381.1600341796875,377.0,380.7000122070313,0,0.0026490081715768625
2020-12-09,48.86000061035156,49.540000915527344,48.380001068115234,48.83000183105469,36534,0.00040942595469555134,378.0,380.9055786132813,377.0,380.7000122070313,0,0.0
2020-12-10,50.25,51.06999969482422,48.86000061035156,48.97999954223633,30919,0.0280514686177455,377.0,380.7000122070313,377.67279052734375,380.7000122070313,0,-0.002649008171576953
2020-12-11,49.970001220703125,50.7400016784668,49.75,50.34000015258789,25222,-0.005587697154352032,377.0,386.1209716796875,375.4653015136719,375.4653015136719,0,0.0
2020-12-14,50.290000915527344,50.79999923706055,49.18000030517578,50.060001373291016,28782,0.00638341860399824,376.0,386.1180725097656,375.0,380.7000122070313,0,-0.0026560440581162963
2020-12-15,50.7599983215332,50.880001068115234,49.790000915527344,50.33000183105469,24071,0.009302341390633285,374.0,390.3907470703125,375.0,380.7000122070313,0,-0.005333345975362617
2020-12-16,51.08000183105469,51.20000076293945,50.36000061035156,50.720001220703125,25996,0.006284457231676039,376.0,386.1067810058594,375.0,380.7000122070313,0,0.005333345975362603
2020-12-17,51.5,51.880001068115234,51.0099983215332,51.08000183105469,24947,0.00818874065854965,376.0,386.087646484375,379.75,380.7000122070313,0,0.0
2020-12-18,52.2599983215332,52.470001220703125,51.13999938964844,51.45000076293945,24749,0.014649420305155892,375.0,380.75,375.0,380.7000122070313,0,-0.002663117419483662
2020-12-21,50.90999984741211,52.34000015258789,49.209999084472656,52.310001373291016,33507,-0.026171863057810392,376.0,394.2422790527344,380.7000122070313,380.7000122070313,0,0.0026631174194836284
2020-12-22,50.08000183105469,50.93000030517578,49.560001373291016,50.900001525878906,22381,-0.016437601562599994,376.0,392.3766174316406,375.0,380.7000122070313,0,0.0
2020-12-23,51.20000076293945,51.59000015258789,49.18000030517578,49.79999923706055,18879,0.02211778359218723,376.0,392.3025817871094,376.0,380.7000122070313,0,0.0
2020-12-24,51.290000915527344,51.7599983215332,50.63999938964844,51.09999847412109,11666,0.0017562723045701886,375.0,392.3662414550781,375.0,380.7000122070313,0,-0.002663117419483662
2020-12-28,50.86000061035156,52.02000045776367,50.52000045776367,51.20000076293945,9704,-0.00841904725659924,380.7000122070313,392.2998046875,374.0,380.7000122070313,0,0.01242255206325679
2020-12-29,51.09000015258789,51.630001068115234,50.869998931884766,51.060001373291016,5788,0.00451201433476139,376.0,392.2256774902344,375.0,391.2410583496094,0,-0.012422552063256645
2020-12-30,51.34000015258789,51.52000045776367,51.04999923706055,51.04999923706055,23958,0.004881392085744301,378.0,392.3257446289063,375.0,380.7000122070313,0,0.005305052229693098
2020-12-31,51.79999923706055,51.90999984741211,50.900001525878906,51.5099983215332,18326,0.008919956121776582,375.0,392.2215576171875,378.0,391.2259216308594,0,-0.007968169649176845
2021-01-04,51.09000015258789,53.31999969482422,50.58000183105469,51.65999984741211,50232,-0.013801348207520905,380.7000122070313,392.70452880859375,380.7000122070313,380.7000122070313,0,0.0
2021-01-05,53.59999847412109,53.880001068115234,50.619998931884766,50.7400016784668,62791,0.047960253279510354,374.0,392.7750549316406,374.0,380.7000122070313,0,-0.017755898038619287
2021-01-06,54.29999923706055,54.720001220703125,53.150001525878906,53.59000015258789,49186,0.012975173280573628,374.0,392.7897338867188,379.75,380.7000122070313,0,0.0
2021-01-07,54.380001068115234,54.900001525878906,53.93999862670898,54.13999938964844,30800,0.0014722459565775809,374.0,392.39752197265625,380.7000122070313,380.7000122070313,0,0.0
2021-01-08,55.9900016784668,56.29999923706055,54.36000061035156,54.459999084472656,37597,0.029176674492759236,380.7000122070313,380.75,375.0,380.7000122070313,0,0.017755898038619225
2021-01-11,55.65999984741211,56.27999877929688,54.97999954223633,56.209999084472656,33199,-0.005911379982459529,393.8813781738281,395.4324035644531,374.0,380.7000122070313,0,0.03403809788912167
2021-01-12,56.58000183105469,56.77999877929688,55.52999877929688,55.560001373291016,27874,0.016393844879329024,374.0,394.8971862792969,379.75,380.7000122070313,0,-0.05179399592774085
2021-01-13,56.060001373291016,57.41999816894531,55.77999877929688,56.72999954223633,32953,-0.0092330280021964,375.0,380.7000122070313,379.75,380.7000122070313,0,0.002670228555878892
2021-01-14,56.41999816894531,56.540000915527344,55.2400016784668,55.93999862670898,33446,0.006401102886400397,375.0,392.3195190429688,380.7000122070313,380.7000122070313,0,0.0
2021-01-15,55.09999847412109,56.63999938964844,54.650001525878906,56.43000030517578,30604,-0.023673984653883443,375.0,392.3733215332031,380.7000122070313,380.7000122070313,0,0.0
2021-01-19,55.900001525878906,56.08000183105469,54.5,54.7400016784668,36910,0.014414718991668345,380.7000122070313,380.75,375.0,380.7000122070313,0,-0.03359869481924971
2021-01-20,56.08000183105469,56.619998931884766,55.650001525878906,55.900001525878906,33793,0.0032148679194607074,375.0,392.2706604003906,380.7000122070313,380.7000122070313,0,-0.01508566948274043
2021-01-21,56.09999847412109,56.2400016784668,55.5099983215332,55.77999877929688,22792,0.00035650995228727066,374.0,392.1497497558594,380.7000122070313,380.7000122070313,0,-0.0026702285558789208
2021-01-22,55.40999984741211,56.16999816894531,54.4900016784668,56.150001525878906,33071,-0.012375705203921292,375.0,392.48388671875,380.7000122070313,380.7000122070313,0,0.002670228555878892
2021-01-25,55.880001068115234,56.02000045776367,55.09000015258789,55.20000076293945,24457,0.008446473377745437,378.0,380.75,378.0,380.7000122070313,0,0.007968169649176881
2021-01-26,55.90999984741211,56.34000015258789,55.400001525878906,55.97999954223633,19102,0.0005366988061771741,378.0,392.1089172363281,376.0,380.7000122070313,0,0.0
2021-01-27,55.810001373291016,56.47999954223633,55.20000076293945,56.08000183105469,20094,-0.0017901629025017802,376.0,380.75,375.0,380.6799926757813,0,-0.005305052229693229
2021-01-28,55.52999877929688,56.59000015258789,55.220001220703125,55.66999816894531,6141,-0.0050296961361348405,376.0,394.690185546875,375.0,380.6799926757813,0,0.0
2021-01-29,55.880001068115234,56.34999847412109,55.43000030517578,55.52000045776367,37454,0.0062831602324592605,375.0,380.7000122070313,374.0,380.7000122070313,0,-0.002663117419483662
2021-02-01,56.34999847412109,56.52999877929688,54.619998931884766,54.900001525878906,34234,0.008375659903981713,380.7000122070313,380.7000122070313,380.7000122070313,380.7000122070313,0,0.015085669482740472
2021-02-02,57.459999084472656,58.04999923706055,56.220001220703125,56.290000915527344,34815,0.019506824210656127,375.0,380.75,380.25,380.7000122070313,0,-0.01508566948274043
2021-02-03,58.459999084472656,58.93999862670898,57.52999877929688,57.790000915527344,34146,0.017253706404506845,375.0,380.75,374.0,380.7000122070313,0,0.0
2021-02-04,58.84000015258789,59.04999923706055,58.060001373291016,58.66999816894531,24732,0.0064791543041532035,376.0,380.75,374.0,380.7000122070313,0,0.0026631174194836284
2021-02-05,59.34000015258789,59.790000915527344,59.08000183105469,59.09999847412109,23510,0.008461719107588115,375.0,380.75,375.0,380.7000122070313,0,-0.002663117419483662
2021-02-08,60.560001373291016,60.70000076293945,59.54999923706055,59.560001373291016,21098,0.0203510143716361,376.0,380.75,375.0,380.7000122070313,0,0.0026631174194836284
2021-02-09,61.09000015258789,61.27000045776367,60.040000915527344,60.63999938964844,31230,0.008713557353702227,376.0,380.75,375.0,380.7000122070313,0,0.0
2021-02-10,61.470001220703125,61.68000030517578,60.88999938964844,61.22999954223633,28344,0.0062010816180050905,376.0,380.75,375.0,380.7000122070313,0,0.0
2021-02-11,61.13999938964844,61.5,60.72999954223633,61.209999084472656,26169,-0.005382964297599755,376.0,380.75,375.0,380.7000122070313,0,0.0
2021-02-12,62.43000030517578,62.83000183105469,60.34000015258789,60.86000061035156,36933,0.02087962748210367,375.0,380.7000122070313,375.0,380.7000122070313,0,-0.002663117419483662
2021-02-16,63.34999847412109,63.810001373291016,62.68999862670898,62.77000045776367,65492,0.014628948718721209,380.6499938964844,380.75,380.6499938964844,380.6499938964844,0,0.0
2021-02-17,64.33999633789062,64.94999694824219,62.75,63.54999923706055,47339,0.015506582212135545,376.0,380.75,375.0,380.6499938964844,0,-0.01229115832787105
2021-02-18,63.93000030517578,65.48999786376953,63.22999954223633,64.87000274658203,43309,-0.0063927253405688935,376.0,380.6499938964844,375.0,380.6499938964844,0,0.0
2021-02-19,62.90999984741211,63.93000030517578,62.11000061035156,63.650001525878906,54254,-0.016083608395784883,375.0,380.75,376.0,380.6000061035156,0,-0.002663117419483662
2021-02-22,65.23999786376953,65.83999633789062,62.59000015258789,62.72999954223633,32173,0.0363676138521867,376.0,380.75,376.0,380.6000061035156,0,0.0026631174194836284
2021-02-23,65.37000274658203,66.79000091552734,64.4800033569336,65.66000366210938,34643,0.0019907346319477173,376.0,380.75,375.0,380.6000061035156,0,0.0
2021-02-24,67.04000091552734,67.29000091552734,64.80000305175781,65.2300033569336,27000,0.025225990189683894,375.0,380.75,375.0,380.6000061035156,0,-0.002663117419483662
2021-02-25,66.87999725341797,67.69999694824219,66.48999786376953,67.33999633789062,11746,-0.0023895421211313534,375.0,380.75,376.0,380.6000061035156,0,0.0
2021-02-26,66.12999725341797,66.87999725341797,65.69999694824219,66.70999908447266,42394,-0.011277467555631823,380.5799865722656,380.75,380.5799865722656,380.5799865722656,0,0.014770343621158252
2021-03-01,63.68999862670898,65.91000366210938,63.18000030517578,64.70999908447266,33869,-0.03759491733233798,380.5799865722656,380.75,380.5499877929688,380.5799865722656,0,0.0
2021-03-02,62.70000076293945,64.12999725341797,62.369998931884766,63.38999938964844,37996,-0.015666083014192145,376.0,380.5499877929688,380.5,380.5,0,-0.012107226201674409
2021-03-03,64.06999969482422,64.69999694824219,62.34000015258789,62.470001220703125,35401,0.021614771080799934,380.5,380.75,375.0,380.5,0,0.011897033911846064
2021-03-04,66.73999786376953,67.7300033569336,63.36000061035156,63.93999862670898,67790,0.04082821042721123,380.5,411.1099853515625,380.5,380.5,0,0.0
2021-03-05,69.36000061035156,69.69000244140625,66.66000366210938,67.26000213623047,40754,0.03850589995706988,379.5,380.6300048828125,379.5,379.5,0,-0.002631580466055932
2021-03-08,68.23999786376953,71.36000061035156,67.80999755859375,69.9000015258789,37511,-0.016279469393293035,376.0,381.0820007324219,380.25,380.5,0,-0.009265453445790123
2021-03-09,67.5199966430664,69.31999969482422,67.13999938964844,68.0999984741211,30989,-0.01060707130867429,380.0,380.0,380.0,380.0,0,0.010582109330537008
2021-03-10,67.9000015258789,68.43000030517578,66.5199966430664,67.33000183105469,37089,0.0056122564670115565,379.5,380.3399963378906,379.5,379.5,0,-0.001316655884746785
2021-03-11,69.62999725341797,69.83000183105469,68.0,68.26000213623047,30629,0.025159412471977827,380.0,411.3500061035156,377.0,380.0,0,0.0013166558847469028
2021-03-12,69.22000122070312,69.9000015258789,69.02999877929688,69.58999633789062,27364,-0.005905613666751599,380.5,380.75,378.0,380.5,0,0.001314924581309022
2021-03-15,68.87999725341797,70.0199966430664,67.83000183105469,69.12000274658203,30212,-0.00492403559772953,380.5,381.0580139160156,380.5,381.0580139160156,0,0.0
2021-03-16,68.38999938964844,68.95999908447266,67.36000061035156,68.86000061035156,27321,-0.007139214059158822,380.5,380.5499877929688,377.0,380.5,0,0.0
2021-03-17,68.0,68.87999725341797,66.95999908447266,68.38999938964844,37607,-0.005718901009324729,376.0,379.5,379.5,379.5,0,-0.011897033911846055
2021-03-18,63.27999877929688,68.1500015258789,61.41999816894531,67.93000030517578,61688,-0.07193840100721283,380.58599853515625,381.0,378.0,380.5499877929688,0,0.01212302292146596
2021-03-19,64.52999877929688,64.9000015258789,62.08000183105469,62.83000183105469,54241,0.019560908862023073,380.0,409.8699951171875,380.0,380.0,0,-0.0015409135909289686
2021-03-22,64.62000274658203,65.06999969482422,63.45000076293945,64.66000366210938,29644,0.0013937898690251484,380.0,380.75,379.5,380.75,0,0.0
2021-03-23,60.790000915527344,64.33999633789062,60.2599983215332,64.30999755859375,43200,-0.0610986860788184,378.0,411.1300048828125,379.5,379.5,0,-0.005277057100843781
2021-03-24,64.41000366210938,64.55999755859375,60.34000015258789,60.34999847412109,36451,0.05784364059389785,379.0,380.5499877929688,379.0,380.0,0,0.002642009462838576
2021-03-25,61.95000076293945,64.1500015258789,60.97999954223633,64.1500015258789,27894,-0.03894133702446334,380.0,380.5499877929688,379.0,380.0,0,0.002635047638005032
2021-03-26,64.56999969482422,64.87999725341797,61.7400016784668,61.7400016784668,23364,0.04142228152153926,380.5,409.1600036621094,380.5,380.5,0,0.001314924581309022
2021-03-29,64.9800033569336,65.44999694824219,63.13999938964844,64.04000091552734,18231,0.0063296799898833415,380.5499877929688,390.1700134277344,379.0,380.5499877929688,0,0.00013136533432097985
2021-03-30,64.13999938964844,65.6500015258789,63.63999938964844,65.30999755859375,4695,-0.013011397152899031,379.5,380.5499877929688,378.0,379.5,0,-0.002762945800376884
2021-03-31,63.540000915527344,64.69000244140625,63.540000915527344,64.4800033569336,38444,-0.009398541499034614,380.0,381.0,379.5,380.0,0,0.0013166558847469028
2021-04-01,64.86000061035156,65.16000366210938,62.369998931884766,62.9900016784668,66715,0.020561467039417178,381.0,381.0,379.0,381.0,0,0.0026281224062694084
2021-04-05,62.150001525878906,64.80999755859375,61.2400016784668,64.80999755859375,37285,-0.04268026778119327,380.5,408.8599853515625,380.5,380.5,0,0.0
2021-04-06,62.7400016784668,64.2699966430664,62.08000183105469,62.29999923706055,44319,0.009448387006998987,408.8599853515625,409.5,380.75,380.75,0,0.07188658602760634
2021-04-07,63.15999984741211,63.52000045776367,61.59999847412109,62.68000030517578,42225,0.006671957456276928,380.75,380.5499877929688,380.5499877929688,380.5499877929688,0,-0.07122977155407569
2021-04-08,63.20000076293945,63.41999816894531,62.380001068115234,62.97999954223633,32283,0.0006331262530915522,380.5499877929688,380.8739929199219,380.5499877929688,380.5499877929688,0,-0.0005254491392097572
2021-04-09,62.95000076293945,63.459999084472656,62.56999969482422,63.290000915527344,29073,-0.003963540614513474,380.5499877929688,380.8800048828125,380.8800048828125,380.8800048828125,0,0.0
2021-04-12,63.27999877929688,64.30999755859375,62.40999984741211,63.02000045776367,36366,0.005228531558768911,380.5499877929688,380.75,378.0,380.5499877929688,0,0.0
2021-04-13,63.66999816894531,64.18000030517578,63.22999954223633,63.2400016784668,26957,0.006144161101524169,380.0,381.0,380.0,380.0,0,-0.0014462899156300636
2021-04-14,66.58000183105469,66.9000015258789,63.88999938964844,64.01000213623047,35988,0.04469079437803289,381.5,381.5,380.25,381.5,0,0.00393959800408031
2021-04-15,66.94000244140625,67.02999877929688,65.95999908447266,66.3499984741211,23442,0.005392472606289403,380.0,381.0,380.0,380.0,0,-0.003939598004080203
2021-04-16,66.7699966430664,67.37999725341797,66.44999694824219,66.86000061035156,24035,-0.002542904661040013,380.5,380.6000061035156,380.25,380.5,0,0.001314924581309022
2021-04-19,67.05000305175781,67.2300033569336,66.19000244140625,66.69000244140625,19740,0.0041848276486442905,410.5299987792969,380.7699890136719,376.0,380.760009765625,0,0.07596282755472614
2021-04-20,66.56999969482422,68.08000183105469,65.5,67.12000274658203,40194,-0.007184634214016132,379.5,380.75,379.5,379.5,0,-0.07859440802078216
2021-04-21,65.31999969482422,66.5199966430664,64.95999908447266,66.36000061035156,32764,-0.018955757598075343,380.5,408.2699890136719,380.0,380.5,0,0.0026315804660558212
2021-04-22,65.4000015258789,65.83999633789062,64.58000183105469,65.11000061035156,26722,0.0012240183643813882,380.0,380.5299987792969,377.0,380.0,0,-0.0013149245813090288
2021-04-23,66.11000061035156,66.30999755859375,65.16999816894531,65.62000274658203,22397,0.010797748783215913,378.0,380.75,378.0,380.5,0,-0.005277057100843781
2021-04-26,65.6500015258789,66.25,64.56999969482422,66.0199966430664,27250,-0.006982406586411758,380.5499877929688,381.0,380.25,380.5499877929688,0,0.006723347016473846
2021-04-27,66.41999816894531,66.80000305175781,65.69999694824219,65.7699966430664,33604,0.01166056438934014,380.5,380.75,380.0,380.5,0,-0.0001313653343210067
2021-04-28,67.2699966430664,67.86000061035156,66.16000366210938,66.66000366210938,24119,0.0127161337543469,379.0,379.0,376.0,379.0,0,-0.003949972219314156
2021-04-29,68.55999755859375,68.94999694824219,67.04000091552734,67.04000091552734,10592,0.01899491654462169,376.0,408.1600036621094,379.5,379.5,0,-0.007947061692531834
2021-04-30,67.25,68.31999969482422,67.1500015258789,68.31999969482422,31012,-0.01929222019779917,380.5,380.5,380.0,380.5,0,0.011897033911846064
2021-05-03,67.55999755859375,67.83000183105469,66.08000183105469,66.7699966430664,17852,0.004599037320790426,410.2900085449219,379.5,379.5,379.5,0,0.07537807026549806
2021-05-04,68.87999725341797,69.43000030517578,67.37999725341797,67.6500015258789,27613,0.01934976444185151,380.0,380.5700073242188,379.5,380.0,0,-0.07669299484680725
2021-05-05,68.95999908447266,69.95999908447266,68.33999633789062,69.5,32004,0.0011607928346388217,380.0,380.0,376.0,380.0,0,0.0
2021-05-06,68.08999633789062,69.37000274658203,67.93000030517578,68.56999969482422,25171,-0.01269630736772097,380.0,408.2699890136719,376.0,380.0,0,0.0
2021-05-07,68.27999877929688,68.61000061035156,67.37999725341797,68.29000091552734,29163,0.002786574336830026,380.5,381.5,380.0,380.5,0,0.001314924581309022
2021-05-10,68.31999969482422,70.26000213623047,67.41000366210938,68.62000274658203,31833,0.0005856649651178476,380.0,410.1300048828125,380.0,380.0,0,-0.0013149245813090288
2021-05-11,68.55000305175781,68.75,67.12999725341797,68.23999786376953,40504,0.003360905513580224,380.0,408.2099914550781,380.0,380.0,0,0.0
2021-05-12,69.31999969482422,69.9000015258789,68.19000244140625,68.72000122070312,31702,0.011170009917948951,380.0,408.1600036621094,381.0899963378906,381.0899963378906,0,0.0
2021-05-13,67.05000305175781,69.0199966430664,66.47000122070312,69.0199966430664,38726,-0.03329480520264059,408.1600036621094,409.7300109863281,408.1400146484375,408.1600036621094,0,0.0714880106453095
2021-05-14,68.70999908447266,68.86000061035156,66.5,67.01000213623047,31042,0.024456080476126345,376.0,408.0,379.5,379.5,0,-0.08207011997584643
2021-05-17,69.45999908447266,69.62999725341797,68.19999694824219,68.86000061035156,26662,0.010856298416815794,412.5,412.8999938964844,408.25,412.5,0,0.09264706238484112
2021-05-18,68.70999908447266,70.23999786376953,67.27999877929688,69.52999877929688,43138,-0.010856298416815884,410.0,412.6000061035156,406.989990234375,412.0,0,-0.006079046076382226
2021-05-19,66.66000366210938,68.5999984741211,65.29000091552734,68.58000183105469,42607,-0.030289607901744217,410.0,412.2999877929688,410.0,412.0,0,0.0
2021-05-20,65.11000061035156,67.1500015258789,64.79000091552734,66.7300033569336,35448,-0.023526971193795685,412.0,412.2999877929688,408.8200073242188,412.0,0,0.004866189651172906
2021-05-21,66.44000244140625,66.94000244140625,64.55999755859375,65.04000091552734,33829,0.020221164868192993,412.0,412.1600036621094,412.0,412.0,0,0.0
2021-05-24,68.45999908447266,68.63999938964844,66.47000122070312,66.63999938964844,29400,0.029950298237743568,412.2000122070313,413.2900085449219,409.75,412.2000122070313,0,0.0004853487211727702
2021-05-25,68.6500015258789,68.88999938964844,67.83999633789062,68.38999938964844,20377,0.0027715347120448085,410.0,412.1000061035156,409.739990234375,412.0,0,-0.005351538372345637
2021-05-26,68.87000274658203,69.16000366210938,68.02999877929688,68.62999725341797,21097,0.0031995549963681194,409.0,412.1000061035156,408.25,412.0,0,-0.0024420036555517443
2021-05-27,69.45999908447266,69.51000213623047,68.11000061035156,68.87999725341797,6546,0.008530324698006304,409.0,412.1900024414063,412.0,412.0,0,0.0
2021-05-28,69.62999725341797,69.83000183105469,69.41999816894531,69.62000274658203,31275,0.0024444353737848564,410.0,412.7099914550781,407.0,412.0,0,0.002442003655551809
2021-06-01,70.25,71.3499984741211,68.7699966430664,69.02999877929688,39925,0.008864838704783724,412.5,412.5,409.4100036621094,412.5,0,0.0
2021-06-02,71.3499984741211,71.48999786376953,70.37000274658203,70.55999755859375,22202,0.01553701432316103,412.0,412.0499877929688,410.0,412.0,0,-0.0012128564252092936
2021-06-03,71.30999755859375,71.9800033569336,70.66000366210938,71.2699966430664,25178,-0.0005607867333246127,412.5,412.5,409.75,412.5,0,0.0012128564252092296
2021-06-04,71.88999938964844,72.16999816894531,70.76000213623047,71.3499984741211,24006,0.008100628702012601,412.0,412.0499877929688,409.9200134277344,412.0,0,-0.0012128564252092936
2021-06-07,71.48999786376953,72.26000213623047,71.0999984741211,71.69999694824219,21019,-0.005579614608472627,412.0499877929688,412.0499877929688,408.0,412.0499877929688,0,0.00012132223474459551
2021-06-08,72.22000122070312,72.41000366210938,70.72000122070312,71.38999938964844,29742,0.010159482854643425,412.0400085449219,412.0400085449219,408.0,412.0400085449219,0,-2.421883069025493e-05
2021-06-09,72.22000122070312,72.87999725341797,71.81999969482422,72.13999938964844,31013,0.0,411.5,412.5,409.75,411.5,0,-0.0013114326364562147
2021-06-10,72.5199966430664,72.91999816894531,70.94999694824219,72.08999633789062,37080,0.004145306845011569,412.0400085449219,412.5,408.0,412.0400085449219,0,0.0013114326364560864
2021-06-11,72.69000244140625,73.08000183105469,71.87999725341797,72.38999938964844,36538,0.0023415174862060485,411.5,412.2300109863281,409.8500061035156,411.5,0,-0.0013114326364562147
2021-06-14,72.86000061035156,73.63999938964844,72.48999786376953,72.48999786376953,25816,0.002335942874371047,411.5,412.5,411.5,411.5,0,0.0
2021-06-15,73.98999786376953,74.33000183105469,72.77999877929688,73.0999984741211,32191,0.015390120108114717,412.0,412.6499938964844,409.3299865722656,412.0400085449219,0,0.0012143292324019804
2021-06-16,74.38999938964844,74.95999908447266,73.88999938964844,74.30000305175781,42294,0.005391595932918977,412.0,412.0,408.0,412.0,0,0.0
2021-06-17,73.08000183105469,74.48999786376953,72.0,73.9800033569336,42085,-0.017766759433208656,410.0,412.0,407.9700012207031,410.0,0,-0.004866189651172899
2021-06-18,73.51000213623047,73.75,72.18000030517578,73.06999969482422,26417,0.005866723881113683,409.5,410.5,409.0,409.5,0,-0.0012202564052293744
2021-06-21,74.9000015258789,74.94999694824219,72.9800033569336,73.33000183105469,38734,0.018732430448986422,410.0,411.2300109863281,410.0,410.0,0,0.001220256405229369
2021-06-22,74.80999755859375,75.29000091552734,74.33999633789062,74.80999755859375,39381,-0.0012023776458336068,410.5,411.0,408.0,410.5,0,0.0012187691941294254
2021-06-23,75.19000244140625,76.0,74.7300033569336,74.76000213623047,32883,0.0050667426102065545,410.0,411.0,409.1600036621094,410.8800048828125,0,-0.0012187691941294547
2021-06-24,75.55999755859375,75.7699966430664,74.5199966430664,75.37000274658203,26664,0.004908734462717795,411.0,411.7200012207031,409.4400024414063,411.0,0,0.002436054797881121
2021-06-25,76.18000030517578,76.20999908447266,74.94999694824219,75.61000061035156,31417,0.008171954733961775,410.0,411.0,409.5400085449219,410.0,0,-0.0024360547978811158
2021-06-28,74.68000030517578,76.58999633789062,74.5199966430664,76.16000366210938,27711,-0.019886642296473134,409.6799926757813,411.4599914550781,409.5799865722656,409.5799865722656,0,-0.000780810421960256
2021-06-29,74.76000213623047,75.51000213623047,73.91000366210938,74.5999984741211,4089,0.0010706884019053417,410.0,411.0,409.6199951171875,410.0,0,0.0007808104219602119
2021-06-30,75.12999725341797,75.5999984741211,74.54000091552734,75.13999938964844,33596,0.004936898661468477,411.0,411.0,409.6600036621094,411.0,0,0.002436054797881121
2021-07-01,75.83999633789062,76.75,74.55000305175781,74.69999694824219,52210,0.009405899836116562,411.0,411.0,410.5,410.5199890136719,0,0.0
2021-07-02,76.16999816894531,76.43000030517578,75.2300033569336,75.58999633789062,31167,0.004341850686185245,409.0,411.1400146484375,410.5,410.5,0,-0.004878058453432855
2021-07-06,74.52999877929688,77.83000183105469,74.12000274658203,76.08999633789062,58679,-0.021765947830722297,410.9599914550781,411.510009765625,410.9599914550781,410.9599914550781,0,-9.734912981019339e-05
2021-07-07,73.43000030517578,75.98999786376953,72.58999633789062,74.95999908447266,51166,-0.014869136895392224,411.0,411.6300048828125,410.75,411.0,0,9.734912981008014e-05
2021-07-08,74.12000274658203,74.38999938964844,72.0999984741211,73.47000122070312,42366,0.009352862853512382,411.0,412.2900085449219,410.5,411.0,0,0.0
2021-07-09,75.55000305175781,75.79000091552734,73.81999969482422,74.36000061035156,31967,0.019109290639589112,410.0,410.989990234375,410.0,410.0,0,-0.0024360547978811158
2021-07-12,75.16000366210938,75.83999633789062,74.23999786376953,75.63999938964844,32255,-0.005175505843186665,411.0,411.1300048828125,409.5,411.0,0,0.002436054797881121
2021-07-13,76.48999786376953,76.61000061035156,74.95999908447266,75.2300033569336,32219,0.017540762136098776,410.0,411.4200134277344,410.0,410.0,0,-0.0024360547978811158
2021-07-14,74.76000213623047,76.70999908447266,73.76000213623047,76.4000015258789,49772,-0.022876974243669163,410.5,410.5,409.80999755859375,410.5,0,0.0012187691941294254
2021-07-15,73.47000122070312,74.63999938964844,73.16000366210938,74.55000305175781,41748,-0.017405834914699665,410.5,410.9500122070313,408.760009765625,410.5,0,0.0
2021-07-16,73.58999633789062,74.06999969482422,72.33999633789062,73.26000213623047,33536,0.0016319209276507332,410.5,411.2900085449219,410.5,410.5,0,0.0
2021-07-19,68.62000274658203,73.29000091552734,67.8499984741211,73.0,58659,-0.06992501971855172,411.0,411.25,410.75,411.0,0,0.0012172856037517249
2021-07-20,69.3499984741211,69.7300033569336,67.41999816894531,68.76000213623047,43067,0.010582047301988126,410.2799987792969,411.0400085449219,409.0,410.2799987792969,0,-0.001753364032317184
2021-07-21,72.2300033569336,72.36000061035156,68.63999938964844,68.73999786376953,43341,0.040689393780107636,410.5,411.0799865722656,410.5,410.5,0,0.000536078428565564
2021-07-22,73.79000091552734,73.9000015258789,71.75,72.0999984741211,34425,0.021367714939107708,410.5,411.1499938964844,410.0,410.5,0,0.0
2021-07-23,74.0999984741211,74.20999908447266,73.33000183105469,73.70999908447266,23724,0.004192278232407083,410.5,411.4599914550781,410.5,410.5,0,0.0
2021-07-26,74.5,74.83000183105469,72.75,74.16999816894531,31628,0.0053836136756307785,410.7300109863281,411.2900085449219,410.7300109863281,410.7300109863281,0,0.0005601621695882203
2021-07-27,74.4800033569336,75.05000305175781,74.0199966430664,74.79000091552734,26028,-0.0002684473450921285,411.0,411.0,409.0,411.0,0,0.000657123434163402
2021-07-28,74.73999786376953,75.30999755859375,74.44000244140625,74.66000366210938,20863,0.0034847174347579775,411.0,411.010009765625,411.0,411.0,0,0.0
2021-07-29,76.05000305175781,76.13999938964844,74.62999725341797,74.80999755859375,9158,0.01737566335842925,411.0,411.0700073242188,409.6099853515625,411.0,0,0.0
2021-07-30,76.33000183105469,76.38999938964844,75.51000213623047,75.80000305175781,27919,0.0036750109654332366,411.0700073242188,411.0700073242188,410.739990234375,411.0700073242188,0,0.00017031961697735123
2021-08-02,72.88999938964844,75.33000183105469,72.30999755859375,75.18000030517578,38106,-0.04611462277851875,410.9700012207031,412.1099853515625,410.75,410.9700012207031,0,-0.00024331201150678977
2021-08-03,72.41000366210938,73.52999877929688,71.04000091552734,73.2300033569336,41458,-0.006606985045159602,411.0,411.8999938964844,411.0,411.0,0,7.299239452932494e-05
2021-08-04,70.37999725341797,72.81999969482422,70.12000274658203,72.33000183105469,44616,-0.02843536910696152,411.0,411.8999938964844,410.5,411.0,0,0.0
2021-08-05,71.29000091552734,71.5,69.75,70.25,32444,0.012846985103431453,410.5,411.8299865722656,410.0,410.5,0,-0.0012172856037517487
2021-08-06,70.69999694824219,72.43000030517578,70.27999877929688,71.26000213623047,35762,-0.008310548234198974,411.0,411.7099914550781,410.9800109863281,411.0,0,0.0012172856037517249
2021-08-09,69.04000091552734,70.05999755859375,67.61000061035156,70.05999755859375,42738,-0.0237594697016377,411.0,411.0,410.9200134277344,411.0,0,0.0
2021-08-10,70.62999725341797,71.2300033569336,68.97000122070312,69.29000091552734,30525,0.022768884497928955,410.9200134277344,411.5400085449219,410.9200134277344,410.9200134277344,0,-0.00019463347092516065
2021-08-11,71.44000244140625,71.62999725341797,69.06999969482422,70.91000366210938,34214,0.011403026208536598,411.0899963378906,411.4500122070313,411.0799865722656,411.0899963378906,0,0.00041357869261867937
2021-08-12,71.30999755859375,71.88999938964844,70.68000030517578,71.58000183105469,22952,-0.0018214349387710993,411.0799865722656,411.0799865722656,409.0,411.0799865722656,0,-2.4349625584925073e-05
2021-08-13,70.58999633789062,71.38999938964844,70.0,71.12000274658203,26874,-0.010148096274897912,411.0,411.0,410.0,411.0,0,-0.0001945955961087094
2021-08-16,69.51000213623047,70.4000015258789,68.13999938964844,70.22000122070312,33537,-0.015417781683692445,411.0,411.25,409.3800048828125,411.0,0,0.0
2021-08-17,69.02999877929688,70.01000213623047,68.81999969482422,69.6500015258789,29163,-0.006929482813378128,411.25,411.8900146484375,411.2000122070313,411.25,0,0.000608087583347068
2021-08-18,68.2300033569336,70.04000091552734,67.22000122070312,69.01000213623047,34264,-0.011656775004134097,411.2000122070313,411.5,411.2000122070313,411.2000122070313,0,-0.00012155825226659852
2021-08-19,66.44999694824219,67.6500015258789,65.55999755859375,67.41999816894531,35816,-0.026434660793961094,411.3999938964844,411.3999938964844,410.8599853515625,411.3999938964844,0,0.0004862185555774357
2021-08-20,65.18000030517578,66.91999816894531,64.80000305175781,66.5999984741211,27104,-0.019297061142166023,411.2999877929688,411.2999877929688,410.0,411.2999877929688,0,-0.00024311682565687523
2021-08-23,68.75,68.91000366210938,64.83000183105469,65.18000030517578,29582,0.0533240584552189,411.2000122070313,411.2999877929688,411.0,411.2000122070313,0,-0.00024310172992070031
2021-08-24,71.05000305175781,71.30000305175781,68.5199966430664,68.68000030517578,38685,0.03290716094868432,411.0499877929688,411.0899963378906,409.0,411.0499877929688,0,-0.000364911926366165
2021-08-25,72.25,72.41000366210938,70.51000213623047,71.12999725341797,32345,0.016748429497176472,411.0899963378906,411.3399963378906,411.0400085449219,411.0899963378906,0,9.732781697934328e-05
2021-08-26,71.06999969482422,72.12999725341797,70.68000030517578,71.83999633789062,24373,-0.016467024447754646,411.0499877929688,411.0499877929688,410.510009765625,411.0499877929688,0,-9.732781697924311e-05
2021-08-27,72.69999694824219,72.73999786376953,71.16000366210938,71.41999816894531,13316,0.02267604001727452,411.0,412.0299987792969,410.0,411.0,0,-0.00012161740471429407
2021-08-30,73.41000366210938,73.69999694824219,71.98999786376953,73.58999633789062,3291,0.00971887344632933,411.0,411.510009765625,409.6400146484375,411.0,0,0.0
2021-08-31,72.98999786376953,73.48999786376953,72.91000366210938,73.02999877929688,28933,-0.0057377998122904224,411.0,411.5,409.0,411.0,0,0.0
2021-09-01,71.58999633789062,72.37000274658203,70.41000366210938,71.69999694824219,32339,-0.01936706794193126,411.0,411.5299987792969,410.0700073242188,411.0,0,0.0
2021-09-02,73.02999877929688,73.45999908447266,70.91999816894531,71.23999786376953,30185,0.019914950662757985,411.0,411.6000061035156,410.6600036621094,411.0,0,0.0
2021-09-03,72.61000061035156,73.69999694824219,72.4000015258789,72.80999755859375,27095,-0.005767637118883045,411.0,411.3900146484375,410.5499877929688,411.0,0,0.0
2021-09-07,71.69000244140625,72.7699966430664,71.0999984741211,72.69000244140625,35294,-0.012751359878217464,411.0199890136719,411.2900085449219,410.75,411.0199890136719,0,0.0
2021-09-08,72.5999984741211,72.94999694824219,71.55999755859375,71.58000183105469,31671,0.012613598893308136,411.0,411.0,410.5,411.0,0,-4.863388711459579e-05
2021-09-09,71.44999694824219,73.19000244140625,70.88999938964844,72.62000274658203,35106,-0.015967039149054684,410.7999877929688,411.3500061035156,410.75,410.7999877929688,0,-0.00048676615709765847
2021-09-10,72.91999816894531,73.13999938964844,70.95999908447266,71.30999755859375,26654,0.02036506303592312,410.8999938964844,411.1900024414063,410.75,410.8999938964844,0,0.00024341269620988126
2021-09-13,73.51000213623047,73.93000030517578,72.69999694824219,73.05000305175781,26510,0.008058555746399493,410.9299926757813,412.1600036621094,410.9299926757813,410.9299926757813,0,7.30048301970525e-05
2021-09-14,73.5999984741211,74.2699966430664,73.08000183105469,73.7300033569336,27690,0.001223524556377764,411.0,411.0,408.7999877929688,411.0,0,0.0001703486306908275
2021-09-15,75.45999908447266,76.12999725341797,73.77999877929688,73.83999633789062,35197,0.024957697400766414,411.0,411.0,410.9700012207031,411.0,0,0.0
2021-09-16,75.66999816894531,75.86000061035156,74.4800033569336,75.45999908447266,27363,0.002779054104988875,410.9700012207031,411.5,410.9700012207031,410.9700012207031,0,-7.299239452930144e-05
2021-09-17,75.33999633789062,75.77999877929688,74.58000183105469,75.01000213623047,26771,-0.004370602852411224,411.4200134277344,411.7300109863281,411.2300109863281,411.4200134277344,0,0.001094401060156678
2021-09-20,73.91999816894531,75.38999938964844,73.51000213623047,75.38999938964844,28251,-0.019027751093457123,411.2300109863281,411.3500061035156,411.0,411.2300109863281,0,-0.00046192776793537566
2021-09-21,74.36000061035156,75.16999816894531,73.25,74.2300033569336,25140,0.005934768498639207,411.3500061035156,411.3500061035156,410.5,411.3500061035156,0,0.00029175305878003136
2021-09-22,76.19000244140625,76.26000213623047,74.51000213623047,74.61000061035156,26605,0.024312081467268938,411.0,412.30999755859375,411.0,411.0,0,-0.0008512339564720104
2021-09-23,77.25,77.33999633789062,75.5999984741211,75.87000274658203,26832,0.013816663249279777,411.0,413.8500061035156,411.0,411.0,0,0.0
2021-09-24,78.08999633789062,78.25,76.87000274658203,77.18000030517578,20417,0.010815045000718271,411.0,411.9299926757813,409.9500122070313,411.0,0,0.0
2021-09-27,79.52999877929688,79.87999725341797,78.20999908447266,78.2300033569336,20799,0.018272332841506235,410.9299926757813,413.0,410.9299926757813,410.9299926757813,0,-0.00017034863069073118
2021-09-28,79.08999633789062,80.73999786376953,78.08000183105469,79.41999816894531,21656,-0.005547895391819288,411.0,411.0,411.0,411.0,0,0.0001703486306908275
2021-09-29,78.63999938964844,79.41000366210938,77.52999877929688,78.25,8319,-0.005705930150686414,409.260009765625,413.0,409.260009765625,409.260009765625,0,-0.004242539739886999
2021-09-30,78.5199966430664,79.16000366210938,77.63999938964844,78.33000183105469,51076,-0.001527141421907292,409.260009765625,411.0199890136719,409.260009765625,409.260009765625,0,0.0
2021-10-01,79.27999877929688,79.41000366210938,77.56999969482422,78.41000366210938,31697,0.009632547968700556,410.2999877929688,411.1799926757813,410.2699890136719,410.2999877929688,0,0.0025378949403149823
2021-10-04,81.26000213623047,82.0,78.76000213623047,79.36000061035156,43286,0.02466804222404493,410.2699890136719,413.2300109863281,410.2699890136719,410.2699890136719,0,-7.311693129946792e-05
2021-10-05,82.55999755859375,83.11000061035156,81.19999694824219,81.27999877929688,44439,0.015871355313543518,410.2999877929688,410.8599853515625,410.2999877929688,410.2999877929688,0,7.311693129950814e-05
2021-10-06,81.08000183105469,83.44000244140625,80.58999633789062,82.66000366210938,41389,-0.01808892799484756,410.8599853515625,411.0499877929688,410.3200073242188,410.8599853515625,0,0.0013639185145902417
2021-10-07,81.94999694824219,82.5,79.08000183105469,80.80000305175781,43830,0.010672923783464494,409.8399963378906,411.75,409.75,409.8399963378906,0,-0.002485657515766903
2021-10-08,82.38999938964844,83.43000030517578,81.95999908447266,82.38999938964844,48729,0.005354794968848032,410.30999755859375,410.6199951171875,410.30999755859375,410.30999755859375,0,0.0011461349159331649
2021-10-11,83.6500015258789,84.5999984741211,82.55999755859375,82.58999633789062,46216,0.01517738275464265,410.30999755859375,413.2900085449219,410.0799865722656,410.30999755859375,0,0.0
2021-10-12,83.41999816894531,84.2300033569336,82.72000122070312,83.61000061035156,47351,-0.002753378855092469,410.2699890136719,413.2300109863281,410.25,410.2699890136719,0,-9.751284605588213e-05
2021-10-13,83.18000030517578,83.69000244140625,82.20999908447266,83.16000366210938,39594,-0.0028811288353448807,410.3699951171875,412.25,410.2999877929688,410.3699951171875,0,0.00024372710553854503
2021-10-14,84.0,84.52999877929688,83.19000244140625,83.3499984741211,37348,0.009809860859687831,410.3200073242188,410.4200134277344,409.1900024414063,410.3200073242188,0,-0.00012181893987203125
2021-10-15,84.86000061035156,85.0999984741211,84.16999816894531,84.19999694824219,33044,0.010186048123318229,410.3500061035156,411.1000061035156,410.3200073242188,410.3500061035156,0,7.310801861731143e-05
2021-10-18,84.33000183105469,86.02999877929688,83.95999908447266,85.05000305175781,40153,-0.0062651516671127245,410.3699951171875,413.1900024414063,410.3699951171875,410.3699951171875,0,4.8710921254706364e-05
2021-10-19,85.08000183105469,85.4000015258789,83.70999908447266,84.11000061035156,45141,0.008854316554081327,410.4100036621094,412.0199890136719,410.3900146484375,410.4100036621094,0,9.748908358646094e-05
2021-10-20,85.81999969482422,85.88999938964844,83.62999725341797,85.0999984741211,43107,0.008660064153779679,410.3900146484375,411.3999938964844,410.3200073242188,410.3900146484375,0,-4.870617258751227e-05
2021-10-21,84.61000061035156,86.12000274658203,83.36000061035156,85.87999725341797,49004,-0.014199605857265951,410.3200073242188,410.4599914550781,409.7000122070313,410.3200073242188,0,-0.0001706018508710637
2021-10-22,85.52999877929688,85.94000244140625,83.83000183105469,84.6500015258789,41174,0.010814707170354099,410.3800048828125,411.010009765625,410.3800048828125,410.3800048828125,0,0.00014621069284317424
2021-10-25,85.98999786376953,86.72000122070312,85.44000244140625,85.70999908447266,43061,0.005363808259558507,410.3999938964844,413.239990234375,409.7099914550781,410.3999938964844,0,4.870736057298205e-05
2021-10-26,86.4000015258789,86.52999877929688,85.27999877929688,86.02999877929688,32042,0.004756707890618279,409.7099914550781,410.4800109863281,409.7099914550781,409.7099914550781,0,-0.0016827074820276657
2021-10-27,84.58000183105469,86.2699966430664,84.05000305175781,86.12999725341797,25643,-0.021289839777512674,409.739990234375,411.2099914550781,409.7300109863281,409.739990234375,0,7.321686492315678e-05
2021-10-28,84.31999969482422,84.56999969482422,82.30999755859375,84.18000030517578,10576,-0.003078772519337846,409.7699890136719,410.5700073242188,409.75,409.7699890136719,0,7.321150460619046e-05
2021-10-29,84.37999725341797,84.55999755859375,84.05999755859375,84.19000244140625,35155,0.000711292972242865,409.75,410.6000061035156,409.75,409.75,0,-4.8782248008143e-05
2021-11-01,84.70999908447266,85.11000061035156,83.02999877929688,83.7300033569336,36245,0.0039032734896382224,409.80999755859375,413.1499938964844,409.7999877929688,409.80999755859375,0,0.0001464140731116559
2021-11-02,84.72000122070312,85.22000122070312,83.76000213623047,84.41999816894531,40105,0.00011806806615199769,409.7999877929688,412.3200073242188,409.7999877929688,409.7999877929688,0,-2.4425680029140154e-05
2021-11-03,81.98999786376953,84.18000030517578,81.08000183105469,84.04000091552734,50062,-0.032754453148510505,409.9200134277344,413.7300109863281,409.8999938964844,409.9200134277344,0,0.0002928454483105386
2021-11-04,80.54000091552734,84.5,80.19000244140625,81.31999969482422,72626,-0.017843295762647402,409.9599914550781,413.3299865722656,409.9200134277344,409.9599914550781,0,9.752165472347009e-05
2021-11-05,82.73999786376953,83.1500015258789,80.2699966430664,81.0,43130,0.026949168424000882,409.989990234375,410.6400146484375,409.989990234375,409.989990234375,0,7.317221776984402e-05
2021-11-08,83.43000030517578,83.98999786376953,82.5,82.56999969482422,27655,0.008304825357178327,410.0199890136719,413.1400146484375,409.0,410.0199890136719,0,7.316686398804315e-05
2021-11-09,84.77999877929688,85.13999938964844,83.18000030517578,83.58999633789062,34996,0.01605169095416173,410.0400085449219,410.4700012207031,410.0400085449219,410.0400085449219,0,4.8824552626905146e-05
2021-11-10,82.63999938964844,85.5,82.08999633789062,85.16000366210938,36273,-0.025565834100295486,410.0700073242188,410.0899963378906,409.9800109863281,410.0700073242188,0,7.315793912981209e-05
2021-11-11,82.87000274658203,83.43000030517578,81.66000366210938,82.63999938964844,31162,0.002779330578495924,410.0899963378906,410.1199951171875,409.8800048828125,410.0899963378906,0,4.874418061487814e-05
2021-11-12,82.16999816894531,82.87000274658203,81.26000213623047,82.66999816894531,27167,-0.008482898344852444,410.1199951171875,411.1300048828125,410.0799865722656,410.1199951171875,0,7.31490218915148e-05
2021-11-15,82.05000305175781,82.48999786376953,80.68000030517578,81.91999816894531,32804,-0.001461394929380259,410.0799865722656,413.3900146484375,409.6499938964844,410.1400146484375,0,-9.755802449834472e-05
2021-11-16,82.43000030517578,83.13999938964844,81.55000305175781,82.11000061035156,25767,0.004620597297399024,410.1700134277344,410.5499877929688,410.1499938964844,410.1700134277344,0,0.0002195107731307534
2021-11-17,80.27999877929688,82.36000061035156,79.7699966430664,82.33000183105469,38038,-0.026428943304810108,410.1799926757813,411.3299865722656,410.1799926757813,410.1799926757813,0,2.4329244769143285e-05
2021-11-18,81.23999786376953,81.41999816894531,79.2699966430664,80.27999877929688,30490,0.01188720169431228,411.3299865722656,411.3299865722656,410.3200073242188,411.3299865722656,0,0.0027997095025194567
2021-11-19,78.88999938964844,82.2300033569336,78.05000305175781,81.01000213623047,44180,-0.029353241046623558,410.3200073242188,410.3399963378906,410.05999755859375,410.3200073242188,0,-0.0024584184609678815
2021-11-22,79.69999694824219,80.08999633789062,77.54000091552734,78.66999816894531,39085,0.010215078135350058,410.3399963378906,413.3200073242188,410.3399963378906,410.3399963378906,0,4.871448245708723e-05
2021-11-23,82.30999755859375,82.58999633789062,78.56999969482422,79.41999816894531,41865,0.032223029817832316,410.3399963378906,410.3900146484375,409.3800048828125,410.3399963378906,0,0.0
2021-11-24,82.25,83.0,81.63999938964844,82.19999694824219,30734,-0.0007291876779574276,409.3800048828125,410.6400146484375,409.3800048828125,409.3800048828125,0,-0.002342243430763941
2021-11-26,72.72000122070312,82.55999755859375,72.11000061035156,82.2699966430664,29171,-0.1231469229899114,410.8999938964844,411.0499877929688,409.3900146484375,410.8999938964844,0,0.0037060290526243506
2021-11-29,73.44000244140625,77.0,72.63999938964844,73.58999633789062,12507,0.009852312900213723,409.3900146484375,413.2900085449219,409.3900146484375,409.3900146484375,0,-0.0036815783145985703
2021-11-30,70.56999969482422,74.56999969482422,70.22000122070312,74.56999969482422,77840,-0.03986365886748544,409.3900146484375,410.510009765625,409.3900146484375,409.3900146484375,0,0.0
2021-12-01,68.87000274658203,72.86000061035156,68.1500015258789,70.13999938964844,56808,-0.02438441125101787,409.3900146484375,410.3599853515625,409.3900146484375,409.3900146484375,0,0.0
2021-12-02,69.66999816894531,70.70999908447266,65.7699966430664,68.80999755859375,81072,0.011549073322922888,409.4100036621094,410.6400146484375,409.4100036621094,409.4100036621094,0,4.882514222979399e-05
2021-12-03,69.87999725341797,72.5999984741211,69.2300033569336,70.5,43639,0.0030096632013869857,409.4500122070313,410.4299926757813,409.4500122070313,409.4500122070313,0,9.771766645925035e-05
2021-12-06,73.08000183105469,73.77999877929688,70.29000091552734,70.30000305175781,32294,0.04477531060369844,409.4800109863281,413.1700134277344,409.4800109863281,409.4800109863281,0,7.32633520828167e-05
2021-12-07,75.44000244140625,76.26000213623047,73.2300033569336,73.54000091552734,34533,0.03178291412213797,409.489990234375,410.5700073242188,409.489990234375,409.489990234375,0,2.437024074759195e-05
2021-12-08,75.81999969482422,76.37000274658203,74.4000015258789,75.2699966430664,31080,0.005024435375758508,410.5700073242188,410.75,409.489990234375,410.5700073242188,0,0.0026339968233629087
2021-12-09,74.41999816894531,76.69999694824219,73.83000183105469,76.0199966430664,27715,-0.018637407749044932,409.489990234375,410.739990234375,408.3900146484375,409.489990234375,0,-0.002633996823362871
2021-12-10,75.1500015258789,75.69999694824219,73.80000305175781,74.0999984741211,24682,0.009761438189286355,411.30999755859375,411.30999755859375,409.4700012207031,411.30999755859375,0,0.004434723036282691
2021-12-13,74.38999938964844,76.38999938964844,74.19000244140625,75.54000091552734,27562,-0.01016462050492935,409.4700012207031,413.260009765625,408.7799987792969,408.7799987792969,0,-0.00448353864115812
2021-12-14,73.69999694824219,75.1500015258789,72.56999969482422,74.30000305175781,31237,-0.009318758211047171,409.7000122070313,413.4200134277344,409.4700012207031,409.7000122070313,0,0.0005615708304810091
2021-12-15,73.87999725341797,74.56999969482422,72.4800033569336,73.26000213623047,29294,0.002439360367329335,409.4700012207031,413.239990234375,409.4700012207031,409.4700012207031,0,-0.0005615708304810525
2021-12-16,75.0199966430664,75.58999633789062,74.0,74.56999969482422,26965,0.01531258175177888,409.4800109863281,412.6300048828125,409.4800109863281,409.4800109863281,0,2.4445364128022565e-05
2021-12-17,73.5199966430664,74.95999908447266,72.62000274658203,74.51000213623047,26087,-0.020197267519269035,409.5799865722656,410.5299987792969,409.5799865722656,409.5799865722656,0,0.0002441227424901658
2021-12-20,71.5199966430664,73.06999969482422,69.26000213623047,73.05999755859375,36842,-0.027580348459022557,409.6600036621094,413.4400024414063,409.6600036621094,413.3599853515625,0,0.00019534468788652028
2021-12-21,73.9800033569336,74.26000213623047,71.23999786376953,72.0999984741211,27386,0.0338177478522715,409.6600036621094,410.6600036621094,409.6600036621094,409.6600036621094,0,0.0
2021-12-22,75.29000091552734,75.69000244140625,73.58999633789062,74.04000091552734,28541,0.017552504241505208,410.6600036621094,410.6700134277344,410.4400024414063,410.6600036621094,0,0.002438074133074722
2021-12-23,76.8499984741211,76.9800033569336,74.79000091552734,75.66999816894531,27624,0.02050811410727306,410.6700134277344,410.7099914550781,410.6499938964844,410.6700134277344,0,2.4374527698262783e-05
2021-12-27,78.5999984741211,79.05999755859375,75.76000213623047,76.30000305175781,15723,0.022516229892626662,410.4400024414063,410.8500061035156,410.4400024414063,410.4400024414063,0,-0.0005845436541203422
2021-12-28,78.94000244140625,79.8499984741211,78.47000122070312,78.87000274658203,8523,0.004316421140123197,410.7000122070313,410.7000122070313,410.3299865722656,410.7000122070313,0,0.0006332897427394671
2021-12-29,79.2300033569336,80.16000366210938,78.13999938964844,79.0,7057,0.003666956184559522,410.7000122070313,413.4299926757813,410.6900024414063,410.7000122070313,0,0.0
2021-12-30,79.31999969482422,79.62000274658203,78.66000366210938,79.25,24512,0.0011352424575692592,410.7000122070313,412.2000122070313,410.6099853515625,410.7000122070313,0,0.0
2021-12-31,77.77999877929688,79.68000030517578,77.13999938964844,79.1500015258789,21740,-0.019605986770900044,410.75,411.4500122070313,410.5899963378906,410.75,0,0.00012170623236362564
2022-01-03,78.9800033569336,79.27999877929688,77.04000091552734,77.94000244140625,27224,0.015310385328798035,411.4500122070313,412.239990234375,409.0899963378906,411.4500122070313,0,0.0017027788026666591
2022-01-04,80.0,80.55000305175781,78.5999984741211,78.94999694824219,31321,0.012831936311788373,412.239990234375,413.0799865722656,412.239990234375,412.239990234375,0,0.0019181446107507016
2022-01-05,80.80000305175781,81.48999786376953,79.55000305175781,80.08000183105469,35152,0.009950368622447272,412.239990234375,412.9100036621094,410.6499938964844,412.239990234375,0,0.0
2022-01-06,81.98999786376953,82.83999633789062,79.62999725341797,80.1500015258789,41582,0.01462025925698872,412.2999877929688,412.5400085449219,411.0299987792969,412.2999877929688,0,0.00014552977490128329
2022-01-07,81.75,82.98999786376953,81.44000244140625,82.05999755859375,29501,-0.0029314527759547178,412.5400085449219,412.7099914550781,411.0400085449219,412.5400085449219,0,0.0005819813777055557
2022-01-10,80.87000274658203,82.2699966430664,80.48999786376953,81.79000091552734,30035,-0.01082284870670404,412.7099914550781,413.260009765625,408.9800109863281,408.9800109863281,0,0.00041195495319033154
2022-01-11,83.72000122070312,83.97000122070312,80.87999725341797,80.95999908447266,37934,0.03463495108792288,413.1400146484375,413.1400146484375,410.4400024414063,413.1400146484375,0,0.0010414075898666957
2022-01-12,84.66999816894531,85.19999694824219,83.51000213623047,83.69000244140625,32298,0.011283413869825253,413.1000061035156,414.0,413.1000061035156,413.1000061035156,0,-9.6844848829156e-05
2022-01-13,84.47000122070312,85.08999633789062,83.79000091552734,84.77999877929688,27107,-0.0023648698376802176,413.4400024414063,413.6099853515625,410.6600036621094,413.4400024414063,0,0.0008226978816571552
2022-01-14,86.05999755859375,86.5,84.02999877929688,84.12999725341797,31970,0.01864824285107383,413.6000061035156,413.7900085449219,410.8900146484375,413.6000061035156,0,0.0003869308919820969
2022-01-18,87.51000213623047,88.55000305175781,85.55000305175781,86.5,45875,0.016708397917211567,413.7900085449219,415.3200073242188,413.7900085449219,413.7900085449219,0,0.0
2022-01-19,88.44000244140625,89.16999816894531,87.62999725341797,88.44999694824219,37483,0.01057128663545987,414.0,414.1700134277344,410.5400085449219,414.0,0,0.0005073544193937301
2022-01-20,88.37999725341797,89.51000213623047,87.02999877929688,87.7300033569336,30524,-0.0006787149688418971,414.1700134277344,414.2000122070313,411.0799865722656,414.1700134277344,0,0.0004105761555383466
2022-01-21,87.88999938964844,88.22000122070312,85.70999908447266,87.3499984741211,29566,-0.005559642993569911,414.4500122070313,414.5,410.6099853515625,414.4500122070313,0,0.0006758195102501672
2022-01-24,86.2699966430664,88.87999725341797,85.0199966430664,87.6500015258789,34253,-0.01860415145551945,414.4500122070313,415.0,414.4500122070313,414.4500122070313,0,0.0
2022-01-25,88.19999694824219,88.36000061035156,86.19000244140625,87.16999816894531,29496,0.022125054235775852,415.3500061035156,415.3500061035156,413.9599914550781,415.3500061035156,0,0.0021691834888507458
2022-01-26,89.95999908447266,90.4800033569336,87.80000305175781,88.0199966430664,29805,0.0197581885017494,414.6199951171875,414.8200073242188,414.6199951171875,414.6199951171875,0,-0.0017591266515841347
2022-01-27,89.33999633789062,91.04000091552734,88.9800033569336,89.77999877929688,15201,-0.006915841980796554,414.8200073242188,414.989990234375,414.8200073242188,414.8200073242188,0,0.00048228252874093114
2022-01-28,90.02999877929688,91.69000244140624,89.41000366210938,89.88999938964844,10824,0.007693659628267731,414.989990234375,415.1600036621094,414.989990234375,414.989990234375,0,0.00040969116552921697
2022-01-31,91.20999908447266,91.3000030517578,90.75,90.8000030517578,33664,0.013021595592953792,415.1600036621094,415.3299865722656,415.0,415.1600036621094,0,0.00040959689540750837
2022-02-01,89.16000366210938,89.95999908447266,87.72000122070312,89.37999725341797,36248,-0.022731980563366935,415.3299865722656,415.5499877929688,414.260009765625,415.3299865722656,0,0.0004093557165739687
2022-02-02,89.47000122070312,90.51000213623048,88.27999877929688,89.29000091552734,38172,0.003470837612095314,414.260009765625,415.3800048828125,414.260009765625,414.260009765625,0,-0.002579533033583165
2022-02-03,91.11000061035156,91.29000091552734,88.01000213623047,89.05999755859375,33059,0.01816418722161053,415.3299865722656,415.8599853515625,415.0899963378906,415.3299865722656,0,0.0025795330335832457
2022-02-04,93.2699966430664,93.6999969482422,90.88999938964844,91.04000091552734,33357,0.023430902322373597,415.5400085449219,415.7000122070313,415.5400085449219,415.5400085449219,0,0.0005055471454344932
2022-02-07,92.69000244140624,93.98999786376952,92.1500015258789,92.7300033569336,37016,-0.006237858519983828,415.7000122070313,416.8500061035156,415.0,415.7000122070313,0,0.0003849758435376018
2022-02-08,90.77999877929688,93.01000213623048,89.93000030517578,93.01000213623048,39288,-0.020821634645728528,415.8800048828125,416.0499877929688,415.0,415.8800048828125,0,0.0004328932270929918
2022-02-09,91.5500030517578,92.05999755859376,90.05999755859375,91.2699966430664,34759,0.008446320873357439,416.0499877929688,416.25,415.3699951171875,416.0499877929688,0,0.00040864715545362333
2022-02-10,91.41000366210938,93.08999633789062,90.9000015258789,91.72000122070312,43235,-0.0015303827266624358,416.25,416.5499877929688,416.25,416.25,0,0.0004806252885136109
2022-02-11,94.44000244140624,95.63999938964844,90.5199966430664,91.26000213623048,53045,0.032609816340526426,416.3699951171875,417.5899963378906,416.3699951171875,416.3699951171875,0,0.0002882350141047996
2022-02-14,96.4800033569336,96.77999877929688,93.45999908447266,95.30999755859376,48449,0.02137102970425047,416.510009765625,418.1700134277344,415.0,418.1700134277344,0,0.00033621806007015425
2022-02-15,93.27999877929688,96.23999786376952,92.05999755859376,95.76000213623048,45181,-0.03373005825722042,415.239990234375,415.9500122070313,415.239990234375,415.239990234375,0,-0.0030538515618098233
2022-02-16,94.80999755859376,96.06999969482422,91.13999938964844,93.58999633789062,45148,0.01626915366361134,415.30999755859375,415.6499938964844,415.260009765625,415.30999755859375,0,0.00016858064033096288
2022-02-17,92.97000122070312,94.51000213623048,91.81999969482422,92.08999633789062,38045,-0.0195979895815113,415.30999755859375,415.6199951171875,415.260009765625,415.30999755859375,0,0.0
2022-02-18,93.54000091552734,94.1500015258789,90.26000213623048,92.9800033569336,42436,0.006112288487447182,415.3699951171875,416.0199890136719,415.3699951171875,415.3699951171875,0,0.00014445408394822177
2022-02-22,96.83999633789062,99.44000244140624,92.55999755859376,94.27999877929688,59945,0.034670932168485866,415.4800109863281,415.4800109863281,415.3900146484375,415.4800109863281,0,0.0002648272708079477
2022-02-23,96.83999633789062,98.6999969482422,95.8000030517578,96.62999725341795,33549,0.0,415.3900146484375,415.8999938964844,415.3900146484375,415.3900146484375,0,-0.0002166315680333174
2022-02-24,99.08000183105467,105.75,97.48999786376952,97.55999755859376,21282,0.02286752884795152,415.4599914550781,415.6400146484375,415.4599914550781,415.4599914550781,0,0.00016844630509001336
2022-02-25,97.93000030517578,101.98999786376952,96.0,99.6500015258789,7025,-0.011674682252759033,415.6400146484375,415.6400146484375,414.3900146484375,415.6400146484375,0,0.0004332166883716124
2022-02-28,100.98999786376952,104.4800033569336,99.9000015258789,100.4800033569336,38241,0.030768540036606448,415.05999755859375,416.5400085449219,415.0,415.3900146484375,0,-0.0013964540160762858
2022-03-01,104.97000122070312,107.5999984741211,97.69000244140624,98.11000061035156,56428,0.03865312579119873,415.5199890136719,415.5899963378906,415.0,415.5199890136719,0,0.001107639263029669
2022-03-02,112.93000030517578,115.0500030517578,106.48999786376952,107.54000091552734,59273,0.07309355376115066,415.5899963378906,416.5400085449219,415.3699951171875,415.5899963378906,0,0.00016846705157723364
2022-03-03,110.45999908447266,119.7699966430664,109.41999816894533,114.25,37420,-0.022114704253197687,415.3999938964844,415.4599914550781,415.2300109863281,415.3999938964844,0,-0.00045729177715777414
2022-03-04,118.11000061035156,118.97000122070312,109.61000061035156,110.58000183105467,34984,0.0669629426066836,416.2900085449219,417.9100036621094,415.4100036621094,416.2900085449219,0,0.002140256551276545
2022-03-07,123.20999908447266,137.0,119.06999969482422,121.23999786376952,29504,0.042273810414542104,417.989990234375,415.4100036621094,414.8200073242188,415.4100036621094,0,0.004075332130127958
2022-03-08,127.9800033569336,133.1300048828125,121.37000274658205,124.25,38358,0.03798381873550438,415.2699890136719,415.3399963378906,414.6099853515625,415.2699890136719,0,-0.006528600795838726
2022-03-09,111.13999938964844,131.6300048828125,108.0,129.57000732421875,42740,-0.14108336558141701,415.3399963378906,415.6000061035156,414.6000061035156,415.3399963378906,0,0.00016856846322376145
2022-03-10,109.33000183105467,118.33000183105467,108.9499969482422,112.73999786376952,30414,-0.016419814165683826,415.3399963378906,415.3500061035156,415.3399963378906,415.3399963378906,0,0.0
2022-03-11,112.66999816894533,113.87999725341795,107.12999725341795,109.72000122070312,18819,0.030092327730235496,415.3399963378906,415.3399963378906,414.7699890136719,415.3399963378906,0,0.0
2022-03-14,106.9000015258789,113.04000091552734,103.4499969482422,112.9000015258789,19364,-0.05256934361970063,415.3399963378906,415.3500061035156,414.8699951171875,415.3399963378906,0,0.0
2022-03-15,99.91000366210938,106.45999908447266,97.5,106.0,26067,-0.06762401490588109,415.2999877929688,415.4500122070313,414.8200073242188,415.2999877929688,0,-9.633185427411507e-05
2022-03-16,98.0199966430664,103.68000030517578,96.9499969482422,99.04000091552734,18514,-0.019098312165043246,415.4500122070313,416.1700134277344,415.0,415.4500122070313,0,0.0003611782502398743
2022-03-17,106.63999938964844,107.56999969482422,97.87999725341795,98.0999984741211,15091,0.08428716491301076,415.4200134277344,415.760009765625,414.1099853515625,415.4200134277344,0,-7.221052242695021e-05
2022-03-18,107.93000030517578,109.56999969482422,105.8000030517578,107.23999786376952,10489,0.012024201517812836,415.760009765625,415.760009765625,414.1300048828125,415.760009765625,0,0.0008181052175618279
2022-03-21,115.62000274658205,116.7300033569336,107.08999633789062,107.37000274658205,11620,0.06882610374479085,415.4200134277344,415.4200134277344,414.3999938964844,415.4200134277344,0,-0.000818105217561796
2022-03-22,115.4800033569336,119.41999816894533,112.7699966430664,116.8499984741211,14222,-0.001211591545452426,415.3900146484375,416.5899963378906,414.7300109863281,415.3900146484375,0,-7.221573716289773e-05
2022-03-23,121.5999984741211,122.29000091552734,114.41999816894533,114.73999786376952,14286,0.05163957311959268,414.9400024414063,415.3900146484375,414.9400024414063,414.9400024414063,0,-0.0010839358853218437
2022-03-24,119.02999877929688,123.6999969482422,116.9499969482422,121.2699966430664,12778,-0.021361405059355985,415.25,415.8200073242188,410.5,414.4500122070313,0,0.0007468111446533062
2022-03-25,120.6500015258789,120.87000274658205,115.20999908447266,118.27999877929688,14026,0.013518252793828485,415.25,415.25,415.0,415.25,0,0.0
2022-03-28,112.4800033569336,120.30999755859376,109.05999755859376,120.30999755859376,15212,-0.07011834681112303,415.25,415.25,415.0,415.25,0,0.0
2022-03-29,110.2300033569336,114.70999908447266,104.9800033569336,109.7300033569336,7152,-0.020206335477944353,415.2300109863281,415.25,415.2200012207031,415.2300109863281,0,-4.8138458268258375e-05
2022-03-30,113.4499969482422,114.6500015258789,110.9000015258789,111.0,4472,0.028793061897141075,415.25,415.25,415.25,415.25,0,4.813845826832527e-05
2022-03-31,107.91000366210938,109.36000061035156,107.37000274658205,108.70999908447266,22850,-0.05006460401392401,415.25,415.25,415.2200012207031,415.25,0,0.0
2022-04-01,104.38999938964844,106.1999969482422,102.37000274658205,105.98999786376952,17144,-0.03316370073897471,415.25,415.25,415.2200012207031,415.25,0,0.0
2022-04-04,107.52999877929688,108.5500030517578,102.91000366210938,104.25,18406,0.029635987476857382,415.2200012207031,415.25,415.0,415.2200012207031,0,-7.224530510633056e-05
2022-04-05,106.63999938964844,109.8499984741211,104.55999755859376,108.23999786376952,15613,-0.008311196903248585,415.2200012207031,415.2300109863281,415.2200012207031,415.2200012207031,0,0.0
2022-04-06,101.06999969482422,108.66000366210938,100.54000091552734,105.79000091552734,20212,-0.053645327079854956,415.2200012207031,415.2200012207031,415.2000122070313,415.2200012207031,0,0.0
2022-04-07,100.58000183105467,103.5,98.4499969482422,102.1500015258789,19577,-0.004859894118345002,415.2200012207031,415.25,415.1499938964844,415.2200012207031,0,0.0
2022-04-08,102.77999877929688,103.25,99.70999908447266,101.69000244140624,16735,0.021637320738452186,415.1499938964844,415.1499938964844,415.1400146484375,415.1499938964844,0,-0.00016861718221103535
2022-04-11,98.4800033569336,103.08999633789062,97.62000274658205,103.06999969482422,23852,-0.04273725372356585,415.1499938964844,415.1499938964844,415.1199951171875,415.1499938964844,0,0.0
2022-04-12,104.63999938964844,105.5999984741211,98.9800033569336,99.25,22697,0.060672365912355246,415.1199951171875,415.1300048828125,414.0899963378906,415.1199951171875,0,-7.226270901488522e-05
2022-04-13,108.77999877929688,109.0,104.06999969482422,104.9800033569336,22260,0.038801600897035916,414.0899963378906,414.1000061035156,414.0799865722656,414.0899963378906,0,-0.002484290637227728
2022-04-14,111.6999969482422,112.38999938964844,106.63999938964844,108.37000274658205,17418,0.026489195981081844,414.0799865722656,414.1000061035156,414.0299987792969,414.0799865722656,0,-2.417321523847928e-05
2022-04-18,113.16000366210938,114.81999969482422,110.72000122070312,111.88999938964844,13187,0.012986100041454972,414.0199890136719,414.0499877929688,414.0,414.0199890136719,0,-2.4176718249001704e-05
2022-04-19,107.25,114.0500030517578,106.7699966430664,112.6500015258789,18972,-0.05364022098746452,414.0,414.0199890136719,414.0,414.0,0,-4.828147615025423e-05
2022-04-20,106.8000030517578,108.9800033569336,104.66999816894533,107.72000122070312,15985,-0.004204602707521061,414.0,415.0,414.0,414.0,0,0.0
2022-04-21,108.33000183105467,109.79000091552734,106.77999877929688,107.01000213623048,13203,0.01422418575943378,415.0,415.0799865722656,415.0,415.0,0,0.002412546405383926
2022-04-22,106.6500015258789,108.7300033569336,105.52999877929688,108.63999938964844,11040,-0.01562968163532945,415.0799865722656,415.0799865722656,415.0499877929688,415.0799865722656,0,0.00019272015662849052
2022-04-25,102.31999969482422,105.9499969482422,99.47000122070312,105.73999786376952,15464,-0.041447304936684845,415.0799865722656,415.0799865722656,414.0799865722656,415.0799865722656,0,0.0
2022-04-26,104.98999786376952,106.1500015258789,101.12000274658205,102.56999969482422,13279,0.025759932891834775,414.0799865722656,414.9800109863281,414.0700073242188,414.0799865722656,0,-0.002412080942720989
2022-04-27,105.31999969482422,106.3499984741211,103.2699966430664,105.37000274658205,8064,0.0031382445506436445,414.9800109863281,414.9800109863281,414.9200134277344,414.9800109863281,0,0.00217119332805472
2022-04-28,107.58999633789062,107.93000030517578,103.3000030517578,104.76000213623048,8567,0.021324340837676654,414.9200134277344,414.9200134277344,414.8299865722656,414.9200134277344,0,-0.00014458984680865277
2022-04-29,109.33999633789062,109.7699966430664,107.6500015258789,107.6500015258789,32573,0.016134587405812015,414.8299865722656,414.8299865722656,414.760009765625,414.8299865722656,0,-0.00021699754340952996
2022-05-02,107.58000183105467,108.41000366210938,103.12999725341795,106.1999969482422,23606,-0.016227486108495358,414.760009765625,414.7699890136719,414.6900024414063,414.760009765625,0,-0.00016870214712210469
2022-05-03,104.97000122070312,108.3000030517578,104.62000274658205,107.37000274658205,23410,-0.024560167188723826,414.6900024414063,414.6900024414063,414.6799926757813,414.6900024414063,0,-0.00016880420364002497
2022-05-04,110.13999938964844,111.0,105.5,106.0999984741211,21158,0.04807767161596495,414.6900024414063,415.0,414.6499938964844,414.6900024414063,0,0.0
2022-05-05,110.9000015258789,113.98999786376952,109.2300033569336,110.13999938964844,26443,0.006876629822635739,414.6900024414063,414.6900024414063,414.6199951171875,414.6900024414063,0,0.0
2022-05-06,112.38999938964844,113.5199966430664,109.87999725341795,111.1500015258789,23902,0.013346051984144815,414.6199951171875,414.6900024414063,414.6199951171875,414.6199951171875,0,-0.00016883270331047217
2022-05-09,105.94000244140624,113.22000122070312,104.9499969482422,113.0500030517578,28134,-0.0591020409379594,414.6900024414063,415.0,414.6000061035156,414.6900024414063,0,0.00016883270331047228
2022-05-10,102.45999908447266,106.91000366210938,101.6999969482422,105.55999755859376,25904,-0.03340044958596396,414.7999877929688,414.7999877929688,413.8299865722656,414.7999877929688,0,0.00026518789497632597
2022-05-11,107.51000213623048,108.26000213623048,100.93000030517578,101.6999969482422,31560,0.0481114167916044,413.8299865722656,413.8299865722656,413.7999877929688,413.8299865722656,0,-0.0023412178989026615
2022-05-12,107.4499969482422,108.69000244140624,104.69000244140624,107.55999755859376,27037,-0.0005582916803352771,413.8299865722656,415.0,413.8299865722656,413.8299865722656,0,0.0
2022-05-13,111.5500030517578,111.69000244140624,107.80999755859376,108.0,25050,0.037447353549433744,414.8299865722656,414.8299865722656,414.760009765625,414.8299865722656,0,0.0024135363546884596
2022-05-16,114.23999786376952,114.77999877929688,109.04000091552734,111.41000366210938,20871,0.023828531655479327,414.760009765625,414.760009765625,414.75,414.760009765625,0,-0.00016870214712210469
2022-05-17,111.93000030517578,115.66000366210938,111.12000274658205,114.29000091552734,23254,-0.02042780126411357,414.75,414.7999877929688,414.75,414.75,0,-2.4134164766333938e-05
2022-05-18,109.11000061035156,114.12999725341795,108.3499984741211,112.88999938964844,21217,-0.025517125366746288,414.75,414.75,414.6799926757813,414.75,0,0.0
2022-05-19,112.04000091552734,112.2699966430664,105.6999969482422,109.3000030517578,26098,0.026499405302423007,414.6799926757813,414.6799926757813,414.6499938964844,414.6799926757813,0,-0.0001688082779815999
2022-05-20,112.5500030517578,113.22000122070312,110.54000091552734,111.5,16942,0.0045416359040852125,414.6199951171875,414.6199951171875,414.6000061035156,414.6199951171875,0,-0.00014469446420260632
2022-05-23,113.41999816894533,114.36000061035156,111.86000061035156,112.73999786376952,20660,0.007700131974436622,414.6199951171875,415.0,414.5799865722656,414.6199951171875,0,0.0
2022-05-24,113.55999755859376,114.62999725341795,111.72000122070312,113.36000061035156,20941,0.001233583664085708,414.5799865722656,414.6799926757813,414.5499877929688,414.5799865722656,0,-9.649914577038824e-05
2022-05-25,114.02999877929688,115.31999969482422,113.04000091552734,113.91999816894533,12885,0.004130250858213941,414.6799926757813,414.6799926757813,414.6499938964844,414.6799926757813,0,0.0002411936099731278
2022-05-26,117.4000015258789,118.0,113.83999633789062,114.4499969482422,11590,0.029125359427098964,414.6799926757813,414.7200012207031,414.6799926757813,414.6799926757813,0,0.0
2022-05-27,119.43000030517578,119.7300033569336,116.68000030517578,117.54000091552734,4384,0.01714350784434354,414.7200012207031,414.7200012207031,414.7000122070313,414.7200012207031,0,9.647587472208682e-05
2022-05-31,122.83999633789062,124.12999725341795,119.36000061035156,119.47000122070312,41020,0.028152237524989805,414.7200012207031,414.7200012207031,414.7000122070313,414.7200012207031,0,0.0
2022-06-01,116.29000091552734,118.58000183105467,115.43000030517578,116.62999725341795,21546,-0.05479558658284739,414.7000122070313,414.7200012207031,414.6499938964844,414.7000122070313,0,-4.8199979147028076e-05
2022-06-02,117.61000061035156,118.44000244140624,112.4800033569336,115.81999969482422,22117,0.011286991874821302,414.6499938964844,414.6499938964844,414.5799865722656,414.6499938964844,0,-0.00012062051061542758
2022-06-03,119.72000122070312,121.44000244140624,116.08000183105467,118.26000213623048,11028,0.01778162212824735,414.5799865722656,414.6199951171875,414.5499877929688,414.5799865722656,0,-0.0001688489949326272
2022-06-06,119.51000213623048,121.88999938964844,118.76000213623048,121.3499984741211,16523,-0.0017556254271161847,414.6199951171875,414.6199951171875,414.6199951171875,414.6199951171875,0,9.649914577034962e-05
2022-06-07,120.56999969482422,121.37999725341795,118.55999755859376,120.08000183105467,20488,0.00883042684441131,414.6199951171875,414.6300048828125,414.6000061035156,414.6199951171875,0,0.0
2022-06-08,123.58000183105467,124.41000366210938,120.45999908447266,121.02999877929688,21778,0.024658239851478504,414.6300048828125,414.6300048828125,414.6199951171875,414.6300048828125,0,2.4141731987995053e-05
2022-06-09,123.06999969482422,124.33000183105467,122.5,123.88999938964844,21008,-0.004135437745036571,414.6300048828125,418.0,414.6199951171875,414.6300048828125,0,0.0
2022-06-10,122.01000213623048,124.33000183105467,119.87000274658205,122.94000244140624,26036,-0.008650270608659133,414.6300048828125,414.6300048828125,414.6199951171875,414.6300048828125,0,0.0
2022-06-13,122.2699966430664,123.61000061035156,118.9499969482422,121.69000244140624,21136,0.002128660605116997,414.6300048828125,414.6300048828125,414.6199951171875,414.6300048828125,0,0.0
2022-06-14,121.16999816894533,125.18000030517578,118.94000244140624,122.5,27702,-0.009037183569031663,414.6300048828125,419.0,414.6300048828125,414.6300048828125,0,0.0
2022-06-15,118.51000213623048,121.8499984741211,117.75,121.0,22360,-0.022197139905881402,419.0,414.7200012207031,414.6300048828125,414.6300048828125,0,0.01048435186178019
2022-06-16,119.80999755859376,120.27999877929688,115.58000183105467,119.12000274658205,24329,0.010909771048394138,414.7200012207031,414.7900085449219,414.7000122070313,414.7200012207031,0,-0.010267323254843311
2022-06-17,113.12000274658205,121.25,111.72000122070312,119.33999633789062,26686,-0.05745790784597767,414.7900085449219,414.8699951171875,414.7799987792969,414.7900085449219,0,0.0001687919942153198
2022-06-21,114.6500015258789,116.25,111.56999969482422,113.8000030517578,22868,0.013434796184417501,418.989990234375,414.8699951171875,414.75,414.8699951171875,0,0.009881823606169154
2022-06-22,111.73999786376952,114.56999969482422,107.02999877929688,114.56999969482422,33112,-0.025709297699796026,414.75,414.7699890136719,414.6400146484375,414.75,0,-0.0101711009107919
2022-06-23,110.0500030517578,112.69000244140624,108.11000061035156,110.22000122070312,21806,-0.015239889210017187,414.6400146484375,414.6400146484375,414.5899963378906,414.6400146484375,0,-0.0002652198610175746
2022-06-24,113.12000274658205,113.98999786376952,109.2699966430664,109.80999755859376,13431,0.027514390725395528,414.5899963378906,419.0,414.489990234375,414.5899963378906,0,-0.00012063796520829005
2022-06-27,115.08999633789062,116.04000091552734,111.25,112.45999908447266,11252,0.017265172732358277,414.489990234375,419.0,414.489990234375,414.489990234375,0,-0.0002412459729346549
2022-06-28,117.9800033569336,118.23999786376952,115.4000015258789,115.83999633789062,6673,0.024800747867469112,414.5,414.6400146484375,414.5,414.5,0,2.4149303956292094e-05
2022-06-29,116.26000213623048,120.37999725341795,115.41000366210938,117.95999908447266,4346,-0.014686066380541256,414.6400146484375,414.6400146484375,414.6000061035156,414.6400146484375,0,0.0003377346341865224
2022-06-30,114.80999755859376,116.33000183105467,114.80999755859376,116.04000091552734,24733,-0.012550513806832026,414.6000061035156,414.7699890136719,414.5799865722656,414.6000061035156,0,-9.649448640132322e-05
2022-07-01,111.62999725341795,112.41999816894533,108.01000213623048,109.45999908447266,17090,-0.028088760418663466,414.7699890136719,414.7699890136719,414.75,414.7699890136719,0,0.0004099085173978864
2022-07-05,102.7699966430664,114.69000244140624,101.11000061035156,111.61000061035156,43356,-0.08269635744985163,414.7699890136719,414.7999877929688,414.75,414.7699890136719,0,0.0
2022-07-06,100.69000244140624,105.8000030517578,98.51000213623048,104.0,28820,-0.02044693479816979,414.7999877929688,425.0,414.7999877929688,414.7999877929688,0,7.232368612346182e-05
2022-07-07,104.6500015258789,106.3499984741211,98.47000122070312,99.95999908447266,22837,0.03857494929850827,414.8299865722656,425.0,414.760009765625,414.8299865722656,0,7.231845578587867e-05
2022-07-08,107.0199966430664,107.4499969482422,103.75,104.48999786376952,20610,0.022394238043018568,414.760009765625,414.8299865722656,414.75,414.760009765625,0,-0.00016870214712210469
2022-07-11,107.0999984741211,107.66000366210938,103.66000366210938,106.76000213623048,17691,0.0007472616906575689,414.8299865722656,414.8500061035156,414.8299865722656,414.8299865722656,0,0.00016870214712195217
2022-07-12,99.48999786376952,106.51000213623048,98.91000366210938,106.2300033569336,22827,-0.07370584807701062,414.8299865722656,414.8299865722656,414.8200073242188,414.8299865722656,0,0.0
2022-07-13,99.56999969482422,101.1999969482422,97.3000030517578,99.30999755859376,22358,0.000803796205598814,414.8200073242188,425.0,414.8200073242188,414.8200073242188,0,-2.40565253316742e-05
2022-07-14,99.0999984741211,100.37000274658205,94.5,99.8499984741211,27515,-0.004731485396479105,414.8299865722656,414.8299865722656,414.8200073242188,414.8299865722656,0,2.4056525331782285e-05
2022-07-15,101.16000366210938,102.62000274658205,98.20999908447266,99.5999984741211,19146,0.020574032064347304,414.8299865722656,414.8999938964844,414.8200073242188,414.8299865722656,0,0.0
2022-07-18,106.2699966430664,106.47000122070312,99.4800033569336,100.91999816894533,20217,0.049279535792956304,414.8999938964844,425.0,414.8999938964844,414.8999938964844,0,0.00016874724556853395
2022-07-19,107.3499984741211,107.5999984741211,103.58999633789062,105.58999633789062,21900,0.0101115163148537,414.8999938964844,414.9200134277344,414.8999938964844,414.8999938964844,0,0.0
2022-07-20,106.91999816894533,107.43000030517578,105.08999633789062,107.1500015258789,23989,-0.004013635965480417,414.8999938964844,414.9200134277344,414.8999938964844,414.8999938964844,0,0.0
2022-07-21,103.86000061035156,106.8000030517578,101.5199966430664,106.79000091552734,26598,-0.029037029852404674,414.8999938964844,414.9200134277344,414.8999938964844,414.8999938964844,0,0.0
2022-07-22,103.1999969482422,105.68000030517578,101.91000366210938,104.25,17586,-0.006375020816683409,414.8999938964844,414.9200134277344,414.2200012207031,414.8999938964844,0,0.0
2022-07-25,105.1500015258789,105.3499984741211,101.66999816894533,103.44000244140624,14999,0.018719093183992758,414.2200012207031,425.0,414.2000122070313,414.2200012207031,0,-0.001640276033013688
2022-07-26,104.4000015258789,107.3499984741211,103.9800033569336,104.80999755859376,20242,-0.007158226595921476,414.75,414.75,414.7000122070313,414.75,0,0.0012786924755567447
2022-07-27,106.62000274658205,107.8000030517578,103.72000122070312,104.77999877929688,11024,0.021041447090855002,414.75,415.1400146484375,414.739990234375,414.75,0,0.0
2022-07-28,107.13999938964844,108.9800033569336,105.95999908447266,107.48999786376952,6831,0.004865247600956311,415.1400146484375,415.1499938964844,414.9599914550781,415.1400146484375,0,0.0009399189537564775
2022-07-29,110.01000213623048,110.43000030517578,108.02999877929688,108.0500030517578,24476,0.026434905413808087,414.9599914550781,415.3699951171875,414.9500122070313,414.9599914550781,0,-0.0004337385733237228
2022-08-01,100.02999877929688,104.37000274658205,99.0999984741211,103.87000274658205,25670,-0.09510116137613688,415.3699951171875,415.6799926757813,415.3500061035156,415.3699951171875,0,0.0009875680803114774
2022-08-02,100.54000091552734,102.41000366210938,98.47000122070312,100.0,17357,0.005085538576810537,415.6799926757813,415.8999938964844,415.6499938964844,415.6799926757813,0,0.0007460383310878254
2022-08-03,96.77999877929688,102.37000274658205,96.4800033569336,99.63999938964844,22263,-0.03811531861853275,415.8999938964844,416.1900024414063,415.8800048828125,415.8999938964844,0,0.0005291162110395873
2022-08-04,94.12000274658205,97.62999725341795,93.1500015258789,97.01000213623048,21011,-0.027869755711130928,416.1900024414063,416.6900024414063,416.1799926757813,416.1900024414063,0,0.0006970605534042437
2022-08-05,94.91999816894533,96.4000015258789,92.75,93.58999633789062,16576,0.00846381923619221,416.6900024414063,417.0700073242188,416.6799926757813,416.6900024414063,0,0.0012006532925129506
2022-08-08,96.6500015258789,96.7300033569336,92.98999786376952,94.2699966430664,17288,0.018061809164957657,417.0700073242188,425.0,417.0499877929688,417.0700073242188,0,0.0009115450601474452
2022-08-09,96.30999755859376,98.38999938964844,94.91000366210938,96.54000091552734,20553,-0.0035240912187007476,417.4700012207031,417.4700012207031,417.4500122070313,417.4700012207031,0,0.00095859736625817
2022-08-10,97.4000015258789,97.9800033569336,93.61000061035156,96.45999908447266,29520,0.01125409609128189,417.4700012207031,418.1900024414063,417.4500122070313,417.4700012207031,0,0.0
2022-08-11,99.5999984741211,100.16000366210938,96.6500015258789,97.2699966430664,20958,0.02233592295588594,418.1900024414063,418.3699951171875,418.1900024414063,418.1900024414063,0,0.0017231921970938518
2022-08-12,98.1500015258789,100.3499984741211,96.94000244140624,99.29000091552734,20095,-0.014665213001615749,418.3699951171875,418.7200012207031,418.3500061035156,418.3699951171875,0,0.00043031624529964245
2022-08-15,95.0999984741211,98.04000091552734,92.72000122070312,97.76000213623048,20714,-0.03156798276251662,418.7200012207031,425.0,418.7000122070313,418.7200012207031,0,0.000836244909014902
2022-08-16,92.33999633789062,95.9499969482422,91.72000122070312,93.63999938964844,22549,-0.029451576086479567,418.8900146484375,418.8900146484375,418.8800048828125,418.8900146484375,0,0.0004059488947077406
2022-08-17,93.6500015258789,94.45999908447266,91.5199966430664,92.7699966430664,21011,0.01408706776364762,418.8900146484375,419.9599914550781,418.8800048828125,418.8900146484375,0,0.0
2022-08-18,96.58999633789062,97.41000366210938,93.0500030517578,93.18000030517578,21327,0.030910733093725377,419.9599914550781,419.9599914550781,419.0,419.9599914550781,0,0.0025510577078860525
2022-08-19,96.72000122070312,97.87000274658205,94.25,96.62999725341795,22212,0.0013450406502932795,419.8299865722656,419.8299865722656,419.7999877929688,419.8299865722656,0,-0.0003096128490515759
2022-08-22,96.4800033569336,97.25,92.36000061035156,95.66000366210938,26974,-0.002484451154574634,419.8299865722656,420.3999938964844,419.7999877929688,419.8299865722656,0,0.0
2022-08-23,100.22000122070312,100.4499969482422,96.51000213623048,96.58000183105467,22624,0.038032013938850764,420.3999938964844,425.0,420.3999938964844,420.3999938964844,0,0.0013567890337441012
2022-08-24,101.22000122070312,102.0,99.06999969482422,100.16000366210938,24490,0.009928596134019004,420.7099914550781,421.0799865722656,420.7000122070313,420.7099914550781,0,0.0007371154261123547
2022-08-25,99.33999633789062,102.47000122070312,99.12000274658205,101.5999984741211,20704,-0.018748105031027338,421.0799865722656,421.3900146484375,421.0499877929688,421.0799865722656,0,0.0008790675837719245
2022-08-26,100.98999786376952,101.16999816894533,98.13999938964844,99.87999725341795,14241,0.016473208070769112,421.3900146484375,421.7000122070313,421.3500061035156,421.3900146484375,0,0.0007359979339743497
2022-08-29,105.08999633789062,105.4800033569336,100.29000091552734,100.83000183105467,6048,0.03979561014456745,421.7000122070313,421.7000122070313,421.7000122070313,421.7000122070313,0,0.000735384271405283
2022-08-30,99.30999755859376,105.37000274658205,97.66999816894533,105.0,7116,-0.056570844698564444,421.7000122070313,422.3800048828125,419.0,421.7000122070313,0,0.0
2022-08-31,96.48999786376952,100.3000030517578,95.76000213623048,99.70999908447266,24672,-0.02880689243868261,422.3800048828125,422.3800048828125,421.3800048828125,422.3800048828125,0,0.0016112046467575492
2022-09-01,92.36000061035156,95.66000366210938,91.80999755859376,94.77999877929688,22870,-0.04374536279820274,421.3800048828125,422.4800109863281,421.3500061035156,421.3800048828125,0,-0.002370343359809976
2022-09-02,93.0199966430664,95.31999969482422,92.0,92.0,22869,0.007120496612959282,422.4599914550781,422.9200134277344,422.4500122070313,422.4599914550781,0,0.0025596965458601407
2022-09-06,92.83000183105467,96.98999786376952,92.27999877929688,93.08999633789062,34757,-0.0020446045709939928,435.0,425.2799987792969,422.8999938964844,422.9200134277344,0,0.028162963474301136
2022-09-07,88.0,93.79000091552734,87.4000015258789,92.8000030517578,28966,-0.05343306865845053,425.2799987792969,425.6099853515625,425.25,425.2799987792969,0,-0.02259825843415517
2022-09-08,89.1500015258789,89.83000183105469,87.2300033569336,87.63999938964844,21562,0.012983546946802652,425.6099853515625,426.4299926757813,425.5499877929688,425.6099853515625,0,0.0007756269199618107
2022-09-09,92.83999633789062,93.0999984741211,88.31999969482422,88.45999908447266,22448,0.0405571805358433,426.4299926757813,426.760009765625,426.4299926757813,426.4299926757813,0,0.0019248100993741351
2022-09-12,94.0,95.16999816894533,91.20999908447266,92.3000030517578,22758,0.012417240309151619,426.760009765625,435.0,426.760009765625,426.760009765625,0,0.0007736075325731897
2022-09-13,93.16999816894533,95.51000213623048,91.06999969482422,94.20999908447266,27762,-0.008869020460505864,427.1000061035156,427.510009765625,427.1000061035156,427.1000061035156,0,0.0007963749315834573
2022-09-14,94.0999984741211,95.80999755859376,91.9499969482422,93.48999786376952,30880,0.009932268566332008,427.510009765625,435.0,427.510009765625,427.510009765625,0,0.0009595106211072298
2022-09-15,90.83999633789062,94.6500015258789,90.05000305175781,94.43000030517578,29483,-0.03525835345231483,427.80999755859375,428.1099853515625,427.7999877929688,427.80999755859375,0,0.0007014633182919106
2022-09-16,91.3499984741211,92.63999938964844,90.22000122070312,90.6500015258789,20652,0.005598589196845163,428.1099853515625,435.0,428.1099853515625,428.1099853515625,0,0.0007009716123983761
2022-09-19,92.0,92.58000183105467,88.4800033569336,91.6500015258789,17627,0.007090310928680058,428.3800048828125,435.0,428.3800048828125,428.3800048828125,0,0.0006305258514974734
2022-09-20,90.62000274658205,93.0199966430664,89.80000305175781,91.97000122070312,24688,-0.01511360750126417,428.6799926757813,429.010009765625,428.6499938964844,428.6799926757813,0,0.000700039217964199
2022-09-21,89.83000183105469,93.51000213623048,89.30000305175781,90.69000244140624,27621,-0.008755953923106723,429.010009765625,429.3699951171875,429.010009765625,429.010009765625,0,0.0007695486835355166
2022-09-22,90.45999908447266,92.8000030517578,89.29000091552734,89.91999816894531,22375,0.006988738304230189,429.3699951171875,429.7099914550781,429.3500061035156,429.3699951171875,0,0.0008387552613508434
2022-09-23,86.1500015258789,90.70999908447266,85.45999908447266,90.3499984741211,18951,-0.04881777324307592,429.7099914550781,430.0899963378906,429.7099914550781,429.7099914550781,0,0.0007915359709371293
2022-09-26,84.05999755859375,87.66000366210938,83.62999725341797,86.72000122070312,14034,-0.024559180152468125,430.0499877929688,435.0,430.0499877929688,430.0499877929688,0,0.0007909099372395383
2022-09-27,86.2699966430664,87.12999725341797,83.91000366210938,83.91000366210938,10008,0.025951073643184965,430.4800109863281,430.8299865722656,430.4800109863281,430.4800109863281,0,0.0009994380899313472
2022-09-28,89.31999969482422,89.48999786376953,84.2699966430664,85.83000183105469,9937,0.03474354937875978,430.8299865722656,430.8299865722656,430.7999877929688,430.8299865722656,0,0.0008126588712316622
2022-09-29,88.48999786376953,90.0999984741211,87.44999694824219,88.94999694824219,7456,-0.009335896416966983,430.8299865722656,435.0,430.8299865722656,430.8299865722656,0,0.0
2022-09-30,87.95999908447266,89.5199966430664,87.8499984741211,88.55999755859375,33026,-0.00600737186022392,431.5400085449219,431.8699951171875,431.5199890136719,431.5400085449219,0,0.001646676338727851
2022-10-03,88.86000061035156,89.83000183105469,86.51000213623047,86.51000213623047,38251,0.01017994909834039,431.8699951171875,431.8699951171875,431.8500061035156,431.8699951171875,0,0.0007643798124482592
2022-10-04,91.8000030517578,92.38999938964844,88.69000244140625,88.88999938964844,38971,0.032550226493543444,431.8500061035156,435.0,431.8500061035156,431.8500061035156,0,-4.628586497287784e-05
2022-10-05,93.37000274658205,93.97000122070312,90.9000015258789,91.6500015258789,39563,0.016957793041949262,431.8699951171875,431.8699951171875,413.8800048828125,431.8699951171875,0,4.628586497296457e-05
2022-10-06,94.41999816894533,95.01000213623048,92.7300033569336,93.83000183105467,26200,0.01118277181354086,413.8800048828125,432.8999938964844,431.8500061035156,431.8699951171875,0,-0.042548517190280716
2022-10-07,97.91999816894533,98.58999633789062,93.93000030517578,94.98999786376952,36871,0.03639790433903605,432.8999938964844,433.2200012207031,432.8999938964844,432.8999938964844,0,0.04493065181439702
2022-10-10,96.19000244140624,98.76000213623048,95.62000274658205,98.6999969482422,24699,-0.017825372518914098,433.2200012207031,433.7799987792969,433.2200012207031,433.2200012207031,0,0.0007389445817765361
2022-10-11,94.29000091552734,96.4499969482422,93.11000061035156,96.1500015258789,31431,-0.019950278358322457,433.7799987792969,435.0,433.75,433.7799987792969,0,0.001291805389778453
2022-10-12,92.4499969482422,95.16999816894533,91.58000183105467,93.69000244140624,29821,-0.019707224363969024,433.7799987792969,441.0,433.7699890136719,433.7799987792969,0,0.0
2022-10-13,94.56999969482422,94.9000015258789,91.08999633789062,92.47000122070312,32826,0.022672372977123788,434.2699890136719,435.0,434.25,434.2699890136719,0,0.001128944861027042
2022-10-14,91.62999725341795,95.11000061035156,91.2699966430664,94.75,29344,-0.03158159879801949,434.7000122070313,434.7000122070313,434.6799926757813,434.7000122070313,0,0.0009897308948719008
2022-10-17,91.62000274658205,93.2300033569336,90.83999633789062,91.70999908447266,23783,-0.00010908056584794824,434.6799926757813,440.0,434.6799926757813,434.6799926757813,0,-4.605473128233415e-05
2022-10-18,90.02999877929688,92.6500015258789,88.7699966430664,92.0199966430664,40941,-0.0175066838750335,435.05999755859375,435.8500061035156,435.0499877929688,435.05999755859375,0,0.0008738356549308993
2022-10-19,92.41000366210938,92.83999633789062,89.37999725341797,90.79000091552734,43364,0.026092302967340893,435.8500061035156,435.9800109863281,435.8200073242188,435.8500061035156,0,0.0018142144613895576
2022-10-20,92.37999725341795,94.7699966430664,91.91999816894533,92.51000213623048,40748,-0.0003247622577681975,435.9800109863281,436.1099853515625,435.9800109863281,435.9800109863281,0,0.000298234475133195
2022-10-21,93.5,93.8000030517578,91.0199966430664,92.79000091552734,26861,0.012050961023531788,436.1099853515625,436.2799987792969,436.1099853515625,436.1099853515625,0,0.0002980755810582188
2022-10-24,93.26000213623048,94.44000244140624,91.20999908447266,93.61000061035156,28074,-0.002570122008285285,436.1000061035156,440.0,436.1000061035156,436.1000061035156,0,-2.288267308349209e-05
2022-10-25,93.5199966430664,94.37000274658205,91.62999725341795,93.55999755859376,22553,0.0027839669821014186,436.5,436.6799926757813,436.5,436.5,0,0.0009167864352571246
2022-10-26,95.69000244140624,96.19000244140624,92.04000091552734,93.25,15637,0.022938544036416705,436.6799926757813,436.6799926757813,436.5499877929688,436.6799926757813,0,0.0004122693599040191
2022-10-27,96.95999908447266,97.27999877929688,95.08000183105467,96.16000366210938,14677,0.01318468757381029,436.5499877929688,437.1600036621094,436.5,436.5499877929688,0,-0.0002977563452487651
2022-10-28,95.7699966430664,96.88999938964844,95.0,96.77999877929688,12135,-0.012349064397194071,437.1600036621094,437.5,437.1600036621094,437.1600036621094,0,0.0013963808912065144
2022-10-31,94.83000183105467,96.0,94.31999969482422,96.0,23096,-0.009863614277042014,437.5,440.0,437.5,437.5,0,0.000777436612150575
2022-11-01,94.6500015258789,95.5500030517578,92.36000061035156,92.8000030517578,21355,-0.0018999404278390304,437.8500061035156,442.0,437.8500061035156,437.8500061035156,0,0.0007996941103052394
2022-11-02,96.16000366210938,96.47000122070312,93.98999786376952,94.66999816894533,28689,0.01582761509378773,438.0199890136719,438.3699951171875,438.0199890136719,438.0199890136719,0,0.00038814644465032683
2022-11-03,94.66999816894533,95.94000244140624,94.16000366210938,95.66000366210938,21292,-0.015616368071043059,438.3699951171875,438.6700134277344,438.3699951171875,438.3699951171875,0,0.0007987451441979665
2022-11-04,98.56999969482422,98.81999969482422,94.33999633789062,94.4800033569336,31256,0.04036981178196275,438.6700134277344,438.8800048828125,438.6700134277344,438.6700134277344,0,0.0006841610857576124
2022-11-07,97.91999816894533,99.55999755859376,96.6999969482422,97.77999877929688,22568,-0.006616152516796996,438.8800048828125,442.0,438.8800048828125,438.8800048828125,0,0.0004785857323335326
2022-11-08,95.36000061035156,98.2699966430664,94.9800033569336,98.0,28901,-0.026491590346981186,439.260009765625,442.0,439.260009765625,439.260009765625,0,0.0008654768036844671
2022-11-09,92.6500015258789,95.69000244140624,92.3000030517578,95.01000213623048,26729,-0.028830240516888532,439.5299987792969,439.7900085449219,438.8800048828125,439.5299987792969,0,0.0006144562854410034
2022-11-10,93.66999816894533,94.30999755859376,91.69000244140624,92.54000091552734,31486,0.010948978472458272,439.7900085449219,442.0,439.7900085449219,439.7900085449219,0,0.0005913882796643884
2022-11-11,95.98999786376952,96.91999816894533,93.2699966430664,93.2699966430664,23629,0.02446604944761801,440.1300048828125,443.0,440.1300048828125,440.1300048828125,0,0.0007727892299818319
2022-11-14,93.13999938964844,96.91999816894533,92.48999786376952,95.97000122070312,22959,-0.030140266119550282,440.4599914550781,443.0,440.4599914550781,440.4599914550781,0,0.000749467037064015
2022-11-15,93.86000061035156,95.75,91.52999877929688,92.52999877929688,30904,0.007700585867882412,440.8299865722656,441.1900024414063,440.8299865722656,440.8299865722656,0,0.0008396671882146255
2022-11-16,92.86000061035156,94.77999877929688,91.68000030517578,93.76000213623048,22376,-0.01071132770446804,441.1900024414063,442.0,441.1900024414063,441.1900024414063,0,0.0008163440593600057
2022-11-17,89.77999877929688,92.87999725341795,89.54000091552734,92.8000030517578,29012,-0.0337307694074084,441.1900024414063,441.8500061035156,441.1900024414063,441.1900024414063,0,0.0
2022-11-18,87.62000274658203,90.61000061035156,85.79000091552734,89.9800033569336,34614,-0.02435290602491041,441.8500061035156,442.1600036621094,441.8500061035156,441.8500061035156,0,0.0014948445792357817
2022-11-21,87.44999694824219,88.04000091552734,82.31999969482422,87.80000305175781,39835,-0.001942147164834279,442.1600036621094,442.489990234375,442.0,442.1600036621094,0,0.0007013440297645679
2022-11-22,88.36000061035156,89.87999725341797,87.37000274658203,87.6500015258789,23782,0.010352218892034339,442.489990234375,443.0,442.0,442.489990234375,0,0.0007460274455367615
2022-11-23,85.41000366210938,89.54000091552734,84.12000274658203,88.41000366210938,27071,-0.03395615262459436,442.6300048828125,442.7999877929688,442.6300048828125,442.6300048828125,0,0.00031637439076674347
2022-11-25,83.62999725341797,86.9000015258789,83.55999755859375,84.94000244140625,12021,-0.02106095828350982,442.9500122070313,443.0499877929688,442.760009765625,442.9500122070313,0,0.00033875114986660105
2022-11-28,83.19000244140625,84.05000305175781,80.63999938964844,83.80000305175781,12583,-0.005275096908218839,442.760009765625,443.3699951171875,442.760009765625,442.760009765625,0,-0.000429039842854368
2022-11-29,83.02999877929688,86.0,82.19000244140625,82.33000183105469,12182,-0.0019252040711618236,443.3699951171875,443.4400024414063,443.3699951171875,443.3699951171875,0,0.0013767403079664692
2022-11-30,85.43000030517578,85.81999969482422,83.51000213623047,83.58000183105469,23710,0.028495357163772675,443.4400024414063,443.4400024414063,443.4400024414063,443.4400024414063,0,0.00015788573551706858
2022-12-01,86.87999725341797,89.41000366210938,86.25,86.5999984741211,23123,0.016830493836352312,443.4400024414063,443.4500122070313,443.4400024414063,443.4400024414063,0,0.0
2022-12-02,85.56999969482422,87.88999938964844,85.19000244140625,87.12999725341797,23562,-0.015193073708535596,443.4500122070313,443.6700134277344,443.4500122070313,443.4500122070313,0,2.2572732717822837e-05
2022-12-05,82.68000030517578,88.43000030517578,82.54000091552734,85.5199966430664,25039,-0.03435701235896121,443.6700134277344,444.0400085449219,443.0,443.6700134277344,0,0.0004959897620523033
2022-12-06,79.3499984741211,83.66999816894531,78.70999908447266,83.08999633789062,26680,-0.04110931076192464,444.0400085449219,444.0400085449219,444.0400085449219,444.0400085449219,0,0.0008335945961058382
2022-12-07,77.16999816894531,80.4800033569336,76.94000244140625,79.79000091552734,26919,-0.027857671000724088,444.30999755859375,444.4200134277344,443.0,444.30999755859375,0,0.0006078438005960645
2022-12-08,76.1500015258789,79.18000030517578,75.76000213623047,77.48999786376953,33131,-0.013305657362989486,444.30999755859375,445.0,443.0,444.30999755859375,0,0.0
2022-12-09,76.0999984741211,77.47000122070312,75.11000061035156,76.7300033569336,24479,-0.0006568545623075724,444.4700012207031,445.0,444.4700012207031,444.4700012207031,0,0.0003600523505426683
2022-12-12,77.98999786376953,78.58000183105469,75.26000213623047,76.66999816894531,23020,0.024532341134655678,444.4700012207031,444.6499938964844,443.0,444.4700012207031,0,0.0
2022-12-13,80.68000030517578,81.27999877929688,78.04000091552734,78.19000244140625,30052,0.0339101309172322,444.6499938964844,444.80999755859375,444.6499938964844,444.6499938964844,0,0.0004048782599165143
2022-12-14,82.69999694824219,83.13999938964844,80.12999725341797,80.33999633789062,27330,0.024728848259542788,444.80999755859375,450.0,444.80999755859375,444.80999755859375,0,0.00035977709030736665
2022-12-15,81.20999908447266,83.19000244140625,80.83000183105469,82.83999633789062,26470,-0.01818118410735895,444.9599914550781,444.9800109863281,444.9599914550781,444.9599914550781,0,0.00033715207246191306
2022-12-16,79.04000091552734,81.76000213623047,78.27999877929688,81.33999633789062,24439,-0.027084315998039385,444.9599914550781,444.9700012207031,444.9599914550781,444.9599914550781,0,0.0
2022-12-19,79.80000305175781,80.88999938964844,78.62999725341797,79.08999633789062,19676,0.009569477675640188,444.9700012207031,450.0,444.9700012207031,444.9700012207031,0,2.2495624842043914e-05
2022-12-20,79.98999786376953,80.9000015258789,78.30000305175781,80.27999877929688,19646,0.0023780574561695464,445.4599914550781,445.5199890136719,445.0,445.4599914550781,0,0.0011005700343967916
2022-12-21,82.19999694824219,82.54000091552734,79.5999984741211,79.94999694824219,17234,0.027253664781615162,445.4599914550781,455.0,445.4599914550781,445.4599914550781,0,0.0
2022-12-22,80.9800033569336,83.86000061035156,80.68000030517578,82.37000274658203,16647,-0.014953012878251778,445.4599914550781,446.1300048828125,445.0,445.4599914550781,0,0.0
2022-12-23,83.91999816894531,84.37000274658203,81.33999633789062,81.7300033569336,8621,0.03566169021111702,446.1300048828125,446.1499938964844,445.0,446.1300048828125,0,0.0015029633724261882
2022-12-27,84.33000183105469,85.66999816894531,83.66000366210938,84.45999908447266,7512,0.004873753030527658,446.1499938964844,446.1799926757813,446.1300048828125,446.1499938964844,0,4.4804352226987547e-05
2022-12-28,83.26000213623047,84.63999938964844,81.94999694824219,84.5999984741211,5384,-0.012769427875345952,446.1300048828125,446.1400146484375,446.1300048828125,446.1300048828125,0,-4.480435222707738e-05
2022-12-29,82.26000213623047,82.91000366210938,81.30000305175781,82.86000061035156,20599,-0.012083278652645926,446.1400146484375,447.0799865722656,446.1400146484375,446.1400146484375,0,2.243662883733816e-05
2022-12-30,85.91000366210938,86.27999877929688,82.87999725341797,83.66000366210938,19375,0.043415290505714015,447.0799865722656,447.5799865722656,447.0799865722656,447.0799865722656,0,0.002104682540752401
2023-01-03,82.0999984741211,87.0199966430664,81.7699966430664,86.04000091552734,27559,-0.045362281404472925,447.5799865722656,448.0499877929688,445.0,447.5799865722656,0,0.0
2023-01-04,77.83999633789062,82.66999816894531,77.72000122070312,82.2300033569336,24772,-0.05328260704164598,448.0499877929688,448.510009765625,448.0499877929688,448.0499877929688,0,0.0010495433991701197
2023-01-05,78.69000244140625,79.95999908447266,77.61000061035156,78.08999633789062,28051,0.010860722741391757,448.510009765625,449.0299987792969,448.510009765625,448.510009765625,0,0.0010261934823739465
2023-01-06,78.56999969482422,80.56999969482422,78.05000305175781,78.80999755859375,23767,-0.0015261702689100644,449.0299987792969,449.5499877929688,449.0299987792969,449.0299987792969,0,0.0011586983686491452
2023-01-09,79.6500015258789,81.37000274658203,78.33999633789062,78.4800033569336,29985,0.013652112209752676,449.5499877929688,449.5799865722656,449.5499877929688,449.5499877929688,0,0.0011573573404371673
2023-01-10,80.0999984741211,80.87999725341797,78.80999755859375,79.70999908447266,21541,0.005633779511282356,449.5499877929688,449.5799865722656,449.5499877929688,449.5499877929688,0,0.0
2023-01-11,82.66999816894531,82.97000122070312,79.30000305175781,79.58999633789062,29995,0.03158092209098295,449.5799865722656,451.1000061035156,449.5799865722656,449.5799865722656,0,6.672846009644333e-05
2023-01-12,84.02999877929688,84.61000061035156,82.37999725341797,82.86000061035156,29360,0.01631710629751283,451.1000061035156,451.6300048828125,451.1000061035156,451.1000061035156,0,0.0033752742076561793
2023-01-13,85.27999877929688,85.48999786376953,83.48999786376953,83.94999694824219,17857,0.014766082690338429,451.6300048828125,452.0899963378906,451.6300048828125,451.6300048828125,0,0.0011742134054314839
2023-01-17,85.91999816894531,86.81999969482422,83.86000061035156,85.44000244140625,36658,0.007476663345923151,452.1199951171875,453.0799865722656,452.1199951171875,452.1199951171875,0,6.635356740452268e-05
2023-01-18,84.9800033569336,87.83999633789062,84.4000015258789,86.72000122070312,26461,-0.011000635260100597,453.0799865722656,460.0,453.0799865722656,453.0799865722656,0,0.002121060173233455
2023-01-19,86.16000366210938,86.8499984741211,83.73999786376953,84.58999633789062,28822,0.013790101162426991,453.0799865722656,460.0,453.0799865722656,453.0799865722656,0,0.0
2023-01-20,87.62999725341797,87.7699966430664,85.58000183105469,86.36000061035156,24374,0.01691729837309354,460.0,454.55999755859375,453.0799865722656,453.0799865722656,0,0.015157808787192209
2023-01-23,88.19000244140625,89.0999984741211,86.93000030517578,87.80999755859375,21194,0.006370231858754159,454.55999755859375,460.0,454.55999755859375,454.55999755859375,0,-0.011896576748184756
2023-01-24,86.12999725341797,88.70999908447266,85.80999755859375,88.02999877929688,26572,-0.023635854671285306,454.55999755859375,454.5700073242188,454.55999755859375,454.55999755859375,0,0.0
2023-01-25,86.12000274658203,87.01000213623047,85.41000366210938,86.30000305175781,19993,-0.00011604652362438913,454.5700073242188,459.4700012207031,459.2999877929688,459.30999755859375,0,2.2020537374678256e-05
2023-01-26,87.47000122070312,88.01000213623047,85.77999877929688,86.12999725341797,14187,0.015554186998780214,459.4700012207031,459.7799987792969,459.4700012207031,459.4700012207031,0,0.010721720691887522
2023-01-27,86.66000366210938,88.91000366210938,85.68000030517578,87.5999984741211,10012,-0.009303432817319886,459.7799987792969,459.7999877929688,459.7799987792969,459.7799987792969,0,0.0006744575911778259
2023-01-30,84.9000015258789,87.37000274658203,84.75,86.80000305175781,5879,-0.020518347280158923,459.7799987792969,460.0,459.7799987792969,459.7799987792969,0,0.0
2023-01-31,84.48999786376953,85.16000366210938,83.69000244140625,85.16000366210938,30498,-0.004840952409035302,459.9100036621094,460.0199890136719,459.9100036621094,459.9100036621094,0,0.00028271457411369305
2023-02-01,82.83999633789062,86.19999694824219,82.37000274658203,85.5199966430664,28085,-0.019722166560562585,460.0199890136719,460.0499877929688,460.0,460.0199890136719,0,0.00023911678706465186
2023-02-02,82.16999816894531,83.5999984741211,81.23999786376953,83.08999633789062,24611,-0.008120742661005367,460.0199890136719,460.0400085449219,460.0199890136719,460.0199890136719,0,0.0
2023-02-03,79.94000244140625,84.19000244140625,79.62000274658203,82.1500015258789,24743,-0.027513865835698557,460.0400085449219,460.0400085449219,460.0299987792969,460.0400085449219,0,4.351788210832348e-05
2023-02-06,80.98999786376953,81.4000015258789,79.08999633789062,79.75,31365,0.013049280060765575,460.0400085449219,460.0499877929688,459.2000122070313,460.0400085449219,0,0.0
2023-02-07,83.69000244140625,84.0999984741211,81.18000030517578,81.4000015258789,24432,0.03279386133237484,459.2000122070313,459.9200134277344,459.2000122070313,459.2000122070313,0,-0.0018275892100698171
2023-02-08,85.08999633789062,85.16000366210938,83.5,84.02999877929688,29853,0.016589951606594107,459.9200134277344,459.9500122070313,459.9200134277344,459.9200134277344,0,0.001566718922226776
2023-02-09,84.5,85.5,83.05999755859375,85.06999969482422,30520,-0.0069579424602668775,459.9200134277344,459.9700012207031,459.8999938964844,459.9200134277344,0,0.0
2023-02-10,86.38999938964844,86.91000366210938,83.94000244140625,84.2300033569336,30882,0.022120386942592603,459.9700012207031,459.9700012207031,458.989990234375,459.9700012207031,0,0.00010868210812574713
2023-02-13,86.61000061035156,86.94999694824219,85.08999633789062,86.5999984741211,19426,0.0025433680843583014,458.989990234375,460.0199890136719,458.989990234375,458.989990234375,0,-0.002132870564459215
2023-02-14,85.58000183105469,86.4000015258789,84.12000274658203,85.75,19585,-0.01196365700558385,460.0199890136719,460.05999755859375,460.0199890136719,460.0199890136719,0,0.0022415408620680907
2023-02-15,85.37999725341797,85.8499984741211,83.9000015258789,85.29000091552734,21161,-0.0023397832235956817,460.05999755859375,460.1000061035156,460.0,460.05999755859375,0,8.696753658592466e-05
2023-02-16,85.13999938964844,86.19999694824219,84.5999984741211,85.13999938964844,20089,-0.002814895929692619,460.0,460.05999755859375,460.0,460.05999755859375,0,-0.00013042097001931256
2023-02-17,83.0,84.8499984741211,81.79000091552734,84.66999816894531,27191,-0.025456345434609125,460.0499877929688,460.05999755859375,460.0,460.0499877929688,0,0.00010866321108893519
2023-02-21,83.05000305175781,84.29000091552734,82.54000091552734,83.01000213623047,31936,0.0006022650087355925,460.0499877929688,460.0499877929688,459.9700012207031,460.0499877929688,0,2.1691895547173297e-05
2023-02-22,80.5999984741211,83.2300033569336,80.4000015258789,82.73999786376953,20309,-0.02994424222425107,456.0,459.9700012207031,459.9500122070313,459.9700012207031,0,-0.008842343179843596
2023-02-23,82.20999908447266,82.75,80.33999633789062,80.47000122070312,14474,0.019778307446512242,459.9700012207031,459.9700012207031,459.9400024414063,459.9700012207031,0,0.008668463104579176
2023-02-24,83.16000366210938,83.37999725341797,81.06999969482422,82.3499984741211,13365,0.011489568999125942,459.9400024414063,459.9400024414063,459.9299926757813,459.9400024414063,0,-6.52211176919671e-05
2023-02-27,82.44999694824219,83.62999725341797,81.73999786376953,83.12000274658203,5691,-0.008574495034549408,459.9400024414063,459.9500122070313,459.9299926757813,459.9400024414063,0,0.0
2023-02-28,83.88999938964844,84.12000274658203,82.61000061035156,82.63999938964844,24882,0.017314397590414445,458.0,459.9700012207031,459.9400024414063,459.9500122070313,0,-0.004226867387088339
2023-03-01,84.30999755859375,84.48999786376953,82.61000061035156,83.0999984741211,26723,0.004994043394505118,459.9700012207031,459.9700012207031,459.9599914550781,459.9700012207031,0,0.004292088504780417
2023-03-02,84.75,85.08999633789062,83.83999633789062,84.30999755859375,17997,0.005205293283469009,456.0,459.9700012207031,456.0,459.9700012207031,0,-0.008668463104579286
2023-03-03,85.83000183105469,86.0,82.36000061035156,84.41000366210938,27594,0.012662870803073278,458.0,459.9800109863281,458.0,459.9700012207031,0,0.0043763745997987815
2023-03-06,86.18000030517578,86.36000061035156,84.3499984741211,85.93000030517578,24587,0.004069518665203052,459.9599914550781,459.9599914550781,459.9500122070313,459.9599914550781,0,0.004270326488746313
2023-03-07,83.29000091552734,86.76000213623047,82.6500015258789,86.2300033569336,26092,-0.03410963078954278,459.9599914550781,459.9700012207031,457.0,459.9599914550781,0,0.0
2023-03-08,82.66000366210938,83.58999633789062,82.05000305175781,82.9800033569336,23661,-0.007592651552424669,455.0,459.989990234375,455.0,459.9599914550781,0,-0.010842091651980908
2023-03-09,81.58999633789062,84.01000213623047,81.41000366210938,82.62000274658203,25018,-0.013029192830452355,456.0,460.0199890136719,456.0,459.989990234375,0,0.002195390563435656
2023-03-10,82.77999877929688,83.08000183105469,80.7300033569336,81.47000122070312,26753,0.014479811017817028,458.0,460.0499877929688,458.0,460.0199890136719,0,0.0043763745997987815
2023-03-13,80.7699966430664,83.47000122070312,78.33999633789062,82.54000091552734,38195,-0.024580903681667994,460.0199890136719,460.0299987792969,456.0,460.0199890136719,0,0.004400758802389059
2023-03-14,77.44999694824219,80.87999725341797,76.87999725341797,80.69000244140625,33198,-0.04197304043262951,455.0,460.0299987792969,460.0199890136719,460.0199890136719,0,-0.010972523965623746
2023-03-15,73.69000244140625,78.70999908447266,71.62999725341797,77.56999969482422,46598,-0.04976538955026066,460.0299987792969,460.0400085449219,460.0299987792969,460.0299987792969,0,0.010994283143403508
2023-03-16,74.69999694824219,75.5199966430664,71.86000061035156,74.3499984741211,29873,0.01361291337557783,457.0,460.0499877929688,457.0,460.0400085449219,0,-0.006608311200149357
2023-03-17,72.97000122070312,75.9000015258789,71.3499984741211,74.55000305175781,34734,-0.023431636778888522,457.0,459.9500122070313,459.9400024414063,459.9400024414063,0,0.0
2023-03-20,73.79000091552734,73.8499984741211,70.12999725341797,72.88999938964844,22185,0.011174818971111798,459.9400024414063,460.0,459.8900146484375,459.9400024414063,0,0.006412660607068581
2023-03-21,75.31999969482422,75.4000015258789,72.80999755859375,73.73999786376953,18784,0.02052246625975256,459.8900146484375,459.9200134277344,459.8900146484375,459.8900146484375,0,-0.00010868919711095873
2023-03-22,76.69000244140625,77.08999633789062,74.5199966430664,75.08999633789062,19933,0.018025653874279325,459.9200134277344,459.9500122070313,459.9200134277344,459.9200134277344,0,6.522820667717117e-05
2023-03-23,75.91000366210938,77.43000030517578,75.12000274658203,75.73999786376953,18685,-0.010222877340052953,459.9500122070313,459.9800109863281,459.9500122070313,459.9500122070313,0,6.522395223588123e-05
2023-03-24,74.98999786376953,76.27999877929688,72.69000244140625,75.41999816894531,18941,-0.012193733445028545,459.9800109863281,459.9800109863281,459.9700012207031,459.9800109863281,0,6.521969834898243e-05
2023-03-27,78.12000274658203,78.43000030517578,74.80000305175781,75.23999786376953,13874,0.040891398340551235,459.9800109863281,461.0,459.8999938964844,459.9800109863281,0,0.0
2023-03-28,78.6500015258789,79.20999908447266,77.55000305175781,78.18000030517578,17782,0.006761507738184953,461.0,462.0,459.8500061035156,459.8999938964844,0,0.0022150088352241395
2023-03-29,78.27999877929688,79.69999694824219,77.94999694824219,79.0199966430664,11027,-0.00471552197134874,462.0,459.8999938964844,456.0,459.8500061035156,0,0.002166848085090293
2023-03-30,79.2699966430664,79.55000305175781,77.8499984741211,78.22000122070312,6818,0.012567577567153402,456.0,459.8500061035156,456.0,459.8200073242188,0,-0.013072081567352775
2023-03-31,79.7699966430664,79.7699966430664,79.06999969482422,79.27999877929688,38477,0.006287747339412377,459.0,460.0,459.8399963378906,459.8500061035156,0,0.0065574005461590396
2023-04-03,84.93000030517578,86.23999786376953,83.29000091552734,83.29000091552734,37587,0.06267993954480063,459.8399963378906,461.0,459.8200073242188,459.8399963378906,0,0.0018283848662374745
2023-04-04,84.94000244140625,86.05000305175781,83.87000274658203,84.77999877929688,32987,0.00011776224265966554,459.8299865722656,462.0,459.8200073242188,459.8299865722656,0,-2.176816860704483e-05
2023-04-05,84.98999786376953,85.55000305175781,84.01000213623047,85.0999984741211,28362,0.0005884237476141602,462.0,461.0,459.8200073242188,459.8299865722656,0,0.004708064323563133
2023-04-06,85.12000274658203,85.44000244140625,84.05000305175781,84.83000183105469,0,0.0015284804850554277,461.0,459.8599853515625,459.8299865722656,459.8599853515625,0,-0.002166848085090314
2023-04-10,84.18000030517578,85.63999938964844,84.08000183105469,84.94999694824219,14242,-0.011104690892808735,459.8299865722656,459.8299865722656,459.8200073242188,459.8299865722656,0,0.0
2023-04-11,85.61000061035156,85.68000030517578,83.75,84.27999877929688,28189,0.01684473891613557,459.8299865722656,463.0,459.8299865722656,459.8299865722656,0,0.0
2023-04-12,87.33000183105469,87.48999786376953,85.41000366210938,85.55000305175781,36337,0.01989196150887995,463.0,462.0,459.8299865722656,459.8299865722656,0,0.0068702273280583865
2023-04-13,86.08999633789062,87.47000122070312,86.05999755859375,87.1500015258789,26363,-0.01430084926100474,462.0,459.8299865722656,459.8299865722656,459.8299865722656,0,-0.002162163004495237
2023-04-14,86.30999755859375,86.86000061035156,85.54000091552734,86.33999633789062,28360,0.0025522198133720053,463.0,461.0,459.9200134277344,459.9299926757813,0,0.0021621630044953172
2023-04-17,84.76000213623047,86.51000213623047,84.3499984741211,86.2699966430664,30271,-0.018121679341700548,459.9299926757813,462.0,459.9200134277344,459.9299926757813,0,-0.006652766020399555
2023-04-18,84.7699966430664,85.4000015258789,83.81999969482422,84.81999969482422,27241,0.00011790841643929448,459.9200134277344,459.9200134277344,459.9100036621094,459.9200134277344,0,-2.1697554995018193e-05
2023-04-19,83.12000274658203,85.1500015258789,82.41000366210938,84.86000061035156,30732,-0.01965628718527541,463.0,460.0299987792969,459.8200073242188,459.9100036621094,0,0.006674463575394572
2023-04-20,81.0999984741211,83.04000091552734,80.7699966430664,83.0,26114,-0.024602437527963324,460.0299987792969,460.0299987792969,460.0199890136719,460.0299987792969,0,-0.006435351991880089
2023-04-21,81.66000366210938,82.04000091552734,80.44999694824219,80.83000183105469,17805,0.006881388430661271,461.0,460.0400085449219,460.0299987792969,460.0299987792969,0,0.002106340902294545
2023-04-24,82.7300033569336,82.98999786376953,80.48999786376953,81.5999984741211,16684,0.013018003041825897,460.0299987792969,462.0,459.4700012207031,460.0299987792969,0,-0.0021063409022945307
2023-04-25,80.7699966430664,83.05000305175781,80.3499984741211,82.58000183105469,17134,-0.02397676588650626,460.0299987792969,460.0299987792969,460.0199890136719,460.0299987792969,0,0.0
2023-04-26,77.69000244140625,81.47000122070312,77.4800033569336,81.0,15436,-0.0388789875052618,461.0,462.0,459.9700012207031,460.0299987792969,0,0.002106340902294545
2023-04-27,78.37000274658203,78.62999725341797,77.38999938964844,77.87000274658203,8926,0.008714655723814189,461.0,460.0,459.9500122070313,459.9700012207031,0,0.0
2023-04-28,79.54000091552734,79.5999984741211,77.97000122070312,78.30999755859375,26788,0.014818815178703067,460.0,460.0,459.9500122070313,459.9700012207031,0,-0.0021715535135077954
2023-05-01,79.30999755859375,80.19000244140625,78.12999725341797,80.18000030517578,12551,-0.002895857977674831,459.9700012207031,459.9800109863281,459.8699951171875,459.9700012207031,0,-6.521686417536081e-05
2023-05-02,75.31999969482422,79.77999877929688,75.08999633789062,79.26000213623047,35700,-0.051618493574917,460.0,460.0,459.80999755859375,459.8699951171875,0,6.521686417530274e-05
2023-05-03,72.33000183105469,75.55000305175781,71.68000030517578,75.2699966430664,34878,-0.04050669356075285,461.0,461.0,459.7999877929688,459.80999755859375,0,0.0021715535135079325
2023-05-04,72.5,73.7300033569336,68.19999694824219,71.88999938964844,30132,0.0023475556841534148,459.8500061035156,460.0,459.8200073242188,459.8500061035156,0,-0.0024976803751016524
2023-05-05,75.30000305175781,75.7300033569336,72.41000366210938,72.6500015258789,20363,0.0378936134732101,460.0,460.0,459.8299865722656,459.8399963378906,0,0.00032612686159376106
2023-05-08,77.01000213623047,77.41999816894531,74.95999908447266,75.41000366210938,17211,0.022455135956969324,459.8699951171875,461.0,459.0,459.8699951171875,0,-0.0002826592548254505
2023-05-09,77.44000244140625,77.48999786376953,75.06999969482422,76.8499984741211,24836,0.005568163203936219,459.0,460.0199890136719,459.9400024414063,460.0,0,-0.0018936201677700025
2023-05-10,76.41000366210938,77.5999984741211,75.68000030517578,77.25,30289,-0.013389848908174986,461.0,460.05999755859375,459.9299926757813,459.9400024414063,0,0.0043478329361034225
2023-05-11,74.9800033569336,77.4000015258789,74.62000274658203,76.63999938964844,32136,-0.018892169507751317,461.0,462.0,460.0,460.05999755859375,0,0.0
2023-05-12,74.16999816894531,75.83999633789062,74.02999877929688,75.45999908447266,26553,-0.010861725017620418,461.0,461.0,460.0299987792969,460.0700073242188,0,0.0
2023-05-15,75.2300033569336,75.75,73.48999786376953,74.25,24312,0.014190401133203993,460.0299987792969,462.0,460.0199890136719,460.0299987792969,0,-0.0021063409022945307
2023-05-16,74.91000366210938,75.94999694824219,74.5,75.44999694824219,23070,-0.004262690347822648,460.0,460.0700073242188,460.0,460.0299987792969,0,-6.521261121336517e-05
2023-05-17,76.95999908447266,77.30999755859375,74.08999633789062,74.68000030517578,31285,0.026998352614726148,459.0,460.2000122070313,460.0,460.0700073242188,0,-0.0021762794225955173
2023-05-18,75.86000061035156,76.9800033569336,75.4800033569336,76.79000091552734,20152,-0.014396250154790055,459.0,460.3599853515625,459.0,460.2000122070313,0,0.0
2023-05-19,75.58000183105469,77.5,75.0999984741211,75.9000015258789,22388,-0.003697822158463732,460.0,463.0,460.0,460.3599853515625,0,0.0021762794225954484
2023-05-22,75.98999786376953,76.45999908447266,74.55000305175781,75.73999786376953,22801,0.005410002421646738,460.3399963378906,463.0,459.0,460.3399963378906,0,0.0007388494571798362
2023-05-23,76.83999633789062,77.73999786376953,75.6500015258789,75.97000122070312,30676,0.011123565671762762,460.0,460.30999755859375,460.2799987792969,460.30999755859375,0,-0.0007388494571798993
2023-05-24,78.36000061035156,78.66000366210938,77.04000091552734,77.58999633789062,33849,0.019588310623949088,459.0,465.0,460.2799987792969,460.2799987792969,0,-0.0021762794225955173
2023-05-25,76.26000213623047,78.5,75.12000274658203,78.26000213623047,36272,-0.02716501842352968,460.0,464.0,460.25,460.2799987792969,0,0.0021762794225954484
2023-05-26,76.94999694824219,77.3499984741211,75.72000122070312,76.12000274658203,15522,0.0090072381840356,460.0,460.30999755859375,459.0,460.30999755859375,0,0.0
2023-05-30,73.54000091552734,77.73999786376953,73.16000366210938,77.37000274658203,13840,-0.04532633230341153,460.2200012207031,464.0,460.2099914550781,460.2200012207031,0,-6.51814383254885e-05
2023-05-31,72.66000366210938,73.7699966430664,71.55000305175781,73.6500015258789,34611,-0.012038411128825931,460.0,460.6000061035156,460.4500122070313,460.4500122070313,0,-0.00047814919172114084
2023-06-01,74.27999877929688,75.25,72.01000213623047,72.08999633789062,31338,0.022050642857019537,459.0,465.0,460.6000061035156,460.6000061035156,0,-0.0021762794225955173
2023-06-02,76.12999725341797,76.48999786376953,74.18000030517578,74.41000366210938,26080,0.024600649189896188,460.760009765625,460.9200134277344,460.75,460.760009765625,0,0.003827111192362726
2023-06-05,76.70999908447266,78.72000122070312,76.30000305175781,77.5,34658,0.007589696795694742,460.9200134277344,464.0,460.0,460.9200134277344,0,0.0003472000253675179
2023-06-06,76.29000091552734,76.76000213623047,74.7300033569336,76.47000122070312,27997,-0.005490185933531259,460.0,465.5,461.0499877929688,461.0499877929688,0,-0.00199803179513456
2023-06-07,76.94999694824219,77.62000274658203,75.51000213623047,76.06999969482422,35446,0.00861394052315809,460.0,474.0,460.0,461.1799926757813,0,0.0
2023-06-08,75.95999908447266,77.66000366210938,73.56999969482422,76.80000305175781,45284,-0.012948946734587451,460.0,465.510009765625,461.1799926757813,461.1799926757813,0,0.0
2023-06-09,74.79000091552734,76.55000305175781,74.72000122070312,75.52999877929688,25616,-0.015522675446445994,461.6700134277344,465.5,461.6700134277344,461.6700134277344,0,0.0036238897458641052
2023-06-12,71.83999633789062,74.87999725341797,71.56999969482422,74.87999725341797,33191,-0.04024282542685017,461.8999938964844,461.9500122070313,461.0,461.8999938964844,0,0.0004980249936219474
2023-06-13,74.29000091552734,74.6500015258789,71.94999694824219,72.0,28142,0.033534992469377495,461.0,474.0,461.8800048828125,461.8999938964844,0,-0.001950361225978198
2023-06-14,73.19999694824219,75.4800033569336,73.02999877929688,74.06999969482422,26201,-0.014780986210825861,461.0,465.0,462.3800048828125,462.3800048828125,0,0.0
2023-06-15,75.66999816894531,75.95999908447266,72.91000366210938,73.47000122070312,21211,0.03318637723195084,462.3800048828125,650.0,462.3800048828125,462.3800048828125,0,0.002989031391115391
2023-06-16,76.61000061035156,76.73999786376953,75.08000183105469,75.58000183105469,20871,0.01234586798719033,608.0,657.0,600.0,620.0,0,0.27378780757840315
2023-06-20,75.9000015258789,77.1500015258789,74.5199966430664,76.2300033569336,34421,-0.009310919990335008,686.9600219726562,690.0,680.5,680.5,0,0.04611530940549003
2023-06-21,77.12000274658203,77.23999786376953,75.37999725341797,75.5,22470,0.015945981411292585,753.0,753.0,689.5,689.5,0,0.09178912945031438
2023-06-22,74.13999938964844,77.19000244140625,73.58000183105469,76.95999908447266,30975,-0.03940749642651613,817.0,819.5,782.75,782.75,0,0.08157386706010923
2023-06-23,73.8499984741211,74.37000274658203,72.0999984741211,74.1500015258789,15800,-0.003919201174645718,816.0,819.5,816.0,816.0,0,-0.0012247398958958238
2023-06-26,74.18000030517578,74.83000183105469,73.43000030517578,74.44999694824219,20960,0.0044585878599135926,761.0,770.0,753.5599975585938,761.0,0,-0.06978099710242115
2023-06-27,72.26000213623047,74.88999938964844,72.08999633789062,74.2300033569336,15262,-0.026223820892829104,810.0,765.0,743.25,743.25,0,0.062400889804798645
2023-06-28,74.02999877929688,74.20999908447266,71.58000183105469,72.55999755859375,12437,0.024199644683097894,764.0499877929688,764.5900268554688,763.9099731445312,764.0499877929688,0,-0.05840103159196239
2023-06-29,74.33999633789062,74.97000122070312,73.41000366210938,73.75,6372,0.004178715641773948,753.9500122070312,754.0,753.5,753.9500122070312,0,-0.013307147071947335
2023-06-30,74.9000015258789,75.12999725341797,74.25,74.25,29055,0.0075047952879110525,752.0,775.0,753.9400024414062,753.9400024414062,0,-0.0025897450527349484
2023-07-03,74.6500015258789,76.58000183105469,74.58000183105469,75.12999725341797,24066,-0.003343366469748668,759.77001953125,775.0,755.219970703125,759.77001953125,0,0.010279457656204754
2023-07-05,76.6500015258789,76.94000244140625,74.77999877929688,74.94000244140625,35538,0.026439080799278942,770.8800048828125,775.0,770.8800048828125,770.8800048828125,0,0.0011422109128530443
2023-07-06,76.5199966430664,77.08000183105469,75.01000213623047,76.54000091552734,29695,-0.0016975245228833234,773.0,777.0800170898438,769.0599975585938,773.0,0,0.002746322826839464
2023-07-07,78.47000122070312,78.52999877929688,76.0199966430664,76.4800033569336,26656,0.0251643009936496,774.0,775.010009765625,768.0,774.0,0,0.0012928250023051713
2023-07-10,77.69000244140625,78.77999877929688,77.33999633789062,78.48999786376953,21082,-0.009989821308381957,762.0599975585938,780.0,762.0599975585938,762.0599975585938,0,-0.015546584049136917
2023-07-11,79.4000015258789,79.5,77.63999938964844,77.86000061035156,22736,0.021771807083405235,787.1500244140625,790.2899780273438,782.3900146484375,787.1500244140625,0,0.03239356893581622
2023-07-12,80.11000061035156,80.56999969482422,79.22000122070312,79.27999877929688,25367,0.008902310375235674,780.0,780.0,775.0,780.0,0,-0.009124938792768985
2023-07-13,81.36000061035156,81.75,79.87000274658203,80.1500015258789,28794,0.015483061396223408,776.0,799.0,776.0,776.0,0,-0.005141399500418652
2023-07-14,79.87000274658203,81.69000244140625,79.56999969482422,81.61000061035156,23286,-0.018483411924714224,777.0,777.0,776.0,777.0,0,0.0012878301844286859
2023-07-17,78.5,80.62000274658203,78.26000213623047,79.44999694824219,29152,-0.017301722529090367,776.0,776.6799926757812,775.0,776.0,0,-0.001287830184428725
2023-07-18,79.62999725341797,80.01000213623047,78.19999694824219,78.52999877929688,30304,0.014292246989190247,777.0,777.0,772.8099975585938,777.0,0,0.0012878301844286859
2023-07-19,79.45999908447266,80.94999694824219,79.18000030517578,79.80000305175781,33372,-0.0021371329129644834,789.0,799.1599731445312,786.6599731445312,789.0,0,0.015325970478226772
2023-07-20,79.63999938964844,80.2699966430664,78.66999816894531,79.5,24867,0.0022627326675251384,791.010009765625,790.510009765625,775.0,782.3099975585938,0,0.0025443014126657407
2023-07-21,81.06999969482422,81.23999786376953,79.66000366210938,79.66000366210938,23563,0.017796503703153162,790.510009765625,792.2000122070312,775.0,790.510009765625,0,-0.0006323031140722476
2023-07-24,82.73999786376953,83.16000366210938,80.41999816894531,80.98999786376953,28032,0.02039015997940446,791.510009765625,795.510009765625,780.0,791.9600219726562,0,0.0012642066735428224
2023-07-25,83.63999938964844,83.87999725341797,82.23999786376953,82.83000183105469,22083,0.010818732048397329,792.8200073242188,793.719970703125,780.0,792.8200073242188,0,0.0016536931611479458
2023-07-26,82.91999816894531,83.86000061035156,82.5999984741211,83.2699966430664,19315,-0.008645601777673694,792.8200073242188,793.22998046875,784.3400268554688,792.8200073242188,0,0.0
2023-07-27,84.23999786376953,84.51000213623047,82.98999786376953,83.02999877929688,18467,0.015793576981463792,788.0,792.47998046875,764.0,788.0,0,-0.006098129121279183
2023-07-28,84.98999786376953,85.0999984741211,83.22000122070312,84.05000305175781,11121,0.008863734908595756,775.0,775.280029296875,773.9400024414062,775.0,0,-0.016635060504532097
2023-07-31,85.55999755859375,85.66000366210938,84.5199966430664,84.87999725341797,23446,0.0066842783043151765,771.9400024414062,792.0,763.4500122070312,771.9400024414062,0,-0.003956199393507403
2023-08-01,84.91000366210938,85.79000091552734,84.26000213623047,85.3499984741211,27179,-0.007625940539192455,759.9000244140625,771.0499877929688,757.5,759.9000244140625,0,-0.01571995215610711
2023-08-02,83.19999694824219,85.9800033569336,82.75,85.7300033569336,32246,-0.020344603993196275,758.02001953125,759.1099853515625,755.5499877929688,758.02001953125,0,-0.002477081519029971
2023-08-03,85.13999938964844,85.41999816894531,82.37000274658203,83.44000244140625,30333,0.02304964208382635,775.8599853515625,779.1900024414062,764.25,775.8599853515625,0,0.023262276370853784
2023-08-04,86.23999786376953,86.6500015258789,85.11000061035156,85.31999969482422,22130,0.012837129158718088,777.5,777.5,766.9500122070312,777.5,0,0.0021115713978328244
2023-08-07,85.33999633789062,86.70999908447266,85.04000091552734,86.13999938964844,19591,-0.010490847542064018,765.0900268554688,786.6099853515625,765.0900268554688,765.0900268554688,0,-0.0160901349868446
2023-08-08,86.16999816894531,86.3499984741211,83.31999969482422,85.83999633789062,26377,0.00967883315448493,750.6199951171875,785.6500244140625,750.469970703125,750.6199951171875,0,-0.019093983875258062
2023-08-09,87.55000305175781,87.66000366210938,85.94000244140625,86.01000213623047,29154,0.01588802558682774,750.469970703125,768.77001953125,762.4400024414062,762.4400024414062,0,-0.00019988730586183097
2023-08-10,86.4000015258789,88.0999984741211,86.1500015258789,87.37000274658203,28721,-0.01322240011852869,768.77001953125,768.77001953125,762.6099853515625,768.77001953125,0,0.024092222562891213
2023-08-11,86.80999755859375,87.3499984741211,85.8499984741211,86.38999938964844,33204,0.004734100809510832,768.739990234375,771.52001953125,768.7000122070312,768.739990234375,0,-3.906224569346882e-05
2023-08-14,86.20999908447266,86.69999694824219,85.5,86.63999938964844,24768,-0.006935624678057439,771.6699829101562,772.75,765.9000244140625,771.6699829101562,0,0.0038041771481298918
2023-08-15,84.88999938964844,86.66999816894531,84.29000091552734,86.30000305175781,29945,-0.01542987604213354,765.9000244140625,765.9000244140625,760.0,765.9000244140625,0,-0.0075053305588993445
2023-08-16,83.44999694824219,85.36000061035156,83.12000274658203,85.12000274658203,31925,-0.01710868002201762,760.0,772.760009765625,760.0,760.0,0,-0.007733211511476188
2023-08-17,84.12000274658203,84.88999938964844,83.05000305175781,83.3499984741211,33977,0.007996769947312255,785.3900146484375,785.3900146484375,761.0,785.3900146484375,0,0.03286199506796517
2023-08-18,84.80000305175781,85.06999969482422,83.31999969482422,83.83000183105469,26072,0.008051195300307125,767.469970703125,769.0,767.0,767.469970703125,0,-0.023081075772143283
2023-08-21,84.45999908447266,85.87000274658203,84.30999755859375,85.05999755859375,27958,-0.004017540119543759,745.9299926757812,769.0,744.6400146484375,745.9299926757812,0,-0.028467600374172335
2023-08-22,84.02999877929688,84.6500015258789,83.83999633789062,84.38999938964844,27081,-0.005104175252888194,764.5,766.75,759.97998046875,764.5,0,0.0245902731670906
2023-08-23,83.20999908447266,84.23999786376953,81.97000122070312,83.9800033569336,35103,-0.00980634150340838,761.7899780273438,762.75,756.27001953125,761.7899780273438,0,-0.0035511270591625237
2023-08-24,83.36000061035156,83.61000061035156,81.97000122070312,82.98999786376953,27997,0.0018010634172059656,760.0,773.0,755.2100219726562,760.0,0,-0.002352465029577655
2023-08-25,84.4800033569336,84.97000122070312,82.69000244140625,83.19999694824219,20715,0.01334627436744794,755.2100219726562,774.0,755.2100219726562,755.2100219726562,0,-0.006322547916567361
2023-08-28,84.41999816894531,85.22000122070312,84.11000061035156,84.87000274658203,14607,-0.0007105410298489207,770.8400268554688,774.219970703125,770.989990234375,772.530029296875,0,0.020484978805135584
2023-08-29,85.48999786376953,85.6500015258789,83.77999877929688,84.37999725341797,14579,0.012595066385536209,773.9000244140625,773.9000244140625,759.8699951171875,773.9000244140625,0,0.00396183365426012
2023-08-30,85.86000061035156,86.20999908447266,85.12999725341797,85.62999725341797,12280,0.00431868485503026,771.969970703125,778.25,740.0,771.969970703125,0,-0.002497046607924787
2023-08-31,86.86000061035156,86.9000015258789,85.8499984741211,85.8499984741211,33559,0.011579564228420476,773.0,774.0399780273438,769.010009765625,773.0,0,0.0013333973721414926
2023-09-01,88.55000305175781,88.95999908447266,86.73999786376953,86.81999969482422,33224,0.01926976455899154,773.0,776.5,756.5,773.0,0,0.0
2023-09-05,90.04000091552734,91.18000030517578,88.06999969482422,88.69999694824219,46893,0.01668662751402838,756.989990234375,760.9600219726562,744.0,756.989990234375,0,0.0006210341724833733
2023-09-06,90.5999984741211,91.11000061035156,89.25,89.9800033569336,25396,0.006200170000464537,760.5,760.5,753.8599853515625,760.5,0,0.004626081289382033
2023-09-07,89.91999816894531,90.86000061035156,89.47000122070312,90.61000061035156,22300,-0.007533830424774866,753.8599853515625,753.8599853515625,753.0,753.8599853515625,0,-0.008769456755203946
2023-09-08,90.6500015258789,91.0199966430664,89.30000305175781,89.80000305175781,27150,0.008085588251272815,785.0,789.0,784.0,785.0,0,0.04047706283826479
2023-09-11,90.63999938964844,91.4499969482422,90.12000274658205,90.66000366210938,29901,-0.00011034404754931107,789.0,789.0,737.530029296875,789.0,0,0.00508260306346581
2023-09-12,92.05999755859376,92.41999816894533,90.54000091552734,90.55999755859376,31070,0.015544901883414508,779.0460205078125,777.0,737.7000122070312,777.0,0,-0.012696200330064003
2023-09-13,91.87999725341795,92.83000183105467,91.62999725341795,91.93000030517578,31803,-0.0019571639416128793,754.5,770.3300170898438,744.0,770.3300170898438,0,-0.03201484230790665
2023-09-14,93.6999969482422,94.20999908447266,92.02999877929688,92.1999969482422,36699,0.019614808747169105,783.0,784.0,743.780029296875,746.1799926757812,0,0.03707741778289944
2023-09-15,93.93000030517578,94.61000061035156,92.66999816894533,94.12999725341795,35162,0.0024516705804718516,784.0,789.0,768.1900024414062,768.1900024414062,0,0.0012763243596046834
2023-09-18,94.43000030517578,94.9499969482422,93.77999877929688,94.1999969482422,33918,0.005308995251350648,767.739990234375,789.0,767.739990234375,767.739990234375,0,-0.020957898907533044
2023-09-19,94.33999633789062,95.9499969482422,94.16999816894533,94.62999725341795,43614,-0.000953583468834282,759.9299926757812,789.0,759.9299926757812,759.9299926757812,0,-0.010224807305623888
2023-09-20,93.52999877929688,94.7300033569336,92.76000213623048,94.4800033569336,43515,-0.008623011642911986,776.0,780.0,770.27001953125,776.0,0,0.020926206045967784
2023-09-21,93.3000030517578,94.5999984741211,92.1999969482422,93.22000122070312,38711,-0.0024620868326143608,770.27001953125,780.5900268554688,767.4299926757812,770.27001953125,0,-0.007411392091587658
2023-09-22,93.2699966430664,94.62999725341795,92.8000030517578,93.31999969482422,31511,-0.00032166381518142017,767.4299926757812,770.0,767.27001953125,767.4299926757812,0,-0.0036938675452800815
2023-09-25,93.29000091552734,94.25,92.54000091552734,93.75,18626,0.00021445403944449448,767.4299926757812,784.0,766.010009765625,767.4299926757812,0,0.0
2023-09-26,93.95999908447266,94.20999908447266,91.8000030517578,93.26000213623048,18509,0.00715621926026553,779.0499877929688,783.8900146484375,779.0399780273438,779.0499877929688,0,0.01502795244788808
2023-09-27,96.5500030517578,97.04000091552734,94.1500015258789,94.16000366210938,23665,0.02719189043566586,779.0499877929688,781.7000122070312,777.0,779.0499877929688,0,0.0
2023-09-28,95.37999725341795,97.62999725341795,94.75,96.62000274658205,9192,-0.01219215640870612,781.0,798.1500244140625,777.5999755859375,781.0,0,0.0024999368454466505
2023-09-29,95.30999755859376,96.23999786376952,94.95999908447266,95.0999984741211,47666,-0.0007341727397643786,777.5999755859375,781.0,777.5999755859375,777.5999755859375,0,-0.004362928090142468
2023-10-02,90.70999908447266,93.31999969482422,90.3499984741211,92.19000244140624,38153,-0.04946711680015987,769.0499877929688,770.0,765.0,769.0499877929688,0,-0.011056250724595163
2023-10-03,90.91999816894533,91.55999755859376,89.5199966430664,90.44000244140624,50094,0.0023123843112091385,766.469970703125,798.2899780273438,766.469970703125,766.469970703125,0,-0.0033604506453975055
2023-10-04,85.80999755859375,91.19000244140624,85.7300033569336,90.95999908447266,49185,-0.057844457477430625,765.5,765.72998046875,746.5999755859375,765.5,0,-0.001266305281812356
2023-10-05,84.06999969482422,86.51000213623047,83.83999633789062,86.02999877929688,44895,-0.020485739850541352,746.6099853515625,764.8099975585938,746.6099853515625,746.6099853515625,0,-0.024986274273846348
2023-10-06,84.58000183105469,84.95999908447266,83.44999694824219,84.22000122070312,41254,0.0060480721759471005,761.5399780273438,761.5399780273438,744.5499877929688,761.5399780273438,0,0.019799729184306974
2023-10-09,88.1500015258789,89.0,86.06999969482422,86.3499984741211,37096,0.041342072460773795,771.5399780273438,771.5399780273438,758.7100219726562,771.5399780273438,0,0.013045819023243832
2023-10-10,87.6500015258789,88.47000122070312,86.91999816894531,88.11000061035156,29704,-0.005688297377890518,758.7100219726562,775.0,758.7100219726562,758.7100219726562,0,-0.016768837373502203
2023-10-11,85.81999969482422,88.25,85.22000122070312,87.75,37902,-0.021099552768635614,763.030029296875,775.0,763.030029296875,763.030029296875,0,0.005677735728693005
2023-10-12,86.0,87.63999938964844,85.18000030517578,85.5999984741211,40488,0.0020952202461273933,766.6090087890625,768.0999755859375,763.8200073242188,766.2100219726562,0,0.00467951710708036
2023-10-13,90.88999938964844,90.98999786376952,86.27999877929688,86.41000366210938,44455,0.05530268116189383,768.0999755859375,775.010009765625,765.22998046875,768.0999755859375,0,0.0019429967259165797
2023-10-16,89.6500015258789,91.38999938964844,89.48999786376953,90.91999816894533,28811,-0.013736760343859317,769.510009765625,775.25,764.9299926757812,769.510009765625,0,0.0018340601171607856
2023-10-17,89.9000015258789,90.91999816894533,88.87000274658203,90.05999755859375,27054,0.002784741379101311,765.0,766.0,763.989990234375,765.0,0,-0.005878127510255612
2023-10-18,91.5,92.97000122070312,90.5999984741211,90.9000015258789,35456,0.017641013830832122,763.0,774.4400024414062,764.1400146484375,764.239990234375,0,-0.002617802542078823
2023-10-19,92.37999725341795,93.47000122070312,89.52999877929688,91.33999633789062,34880,0.009571502989633966,765.5,774.4400024414062,765.5,774.4400024414062,0,0.0032711838132814986
2023-10-20,92.16000366210938,93.79000091552734,91.68000030517578,92.8499984741211,30081,-0.002384238587099465,749.0,765.3499755859375,763.5,763.5,0,-0.021790231580518942
2023-10-23,89.83000183105469,92.43000030517578,89.62000274658203,92.12999725341795,36158,-0.02560722105934074,859.22998046875,883.0,764.5089721679688,764.5469970703125,0,0.13729763309783327
2023-10-24,88.06999969482422,90.66999816894533,87.3499984741211,90.3499984741211,42436,-0.019787066272451515,764.5800170898438,768.219970703125,764.4099731445312,764.64697265625,0,-0.11670993081087362
2023-10-25,90.12999725341795,90.33999633789062,86.66999816894531,88.13999938964844,47506,0.023121092742539196,860.0,794.9299926757812,764.4299926757812,764.4829711914062,0,0.11760570344337429
2023-10-26,87.93000030517578,90.36000061035156,87.55000305175781,90.04000091552734,22662,-0.02471199523317888,817.4099731445312,817.4099731445312,787.989990234375,817.4099731445312,0,-0.05079161713414885
2023-10-27,90.4800033569336,90.73999786376952,87.83999633789062,88.26000213623047,21249,0.02858782204767423,802.2000122070312,802.2000122070312,789.0,802.2000122070312,0,-0.018782803560509754
2023-10-30,87.44999694824219,90.3000030517578,87.22000122070312,90.3000030517578,15413,-0.034061702341815374,794.5,789.4500122070312,785.97998046875,787.25,0,-0.009644982576124124
2023-10-31,87.41000366210938,88.52999877929688,87.41000366210938,87.80999755859375,35673,-0.0004574320792700818,785.97998046875,788.1900024414062,785.8499755859375,785.97998046875,0,-0.010781664013473165
2023-11-01,84.62999725341797,87.22000122070312,84.55999755859375,85.44999694824219,36235,-0.03232095326015307,786.5,789.0,785.5800170898438,786.5,0,0.0006614005350348958
2023-11-02,86.8499984741211,87.02999877929688,84.61000061035156,84.94000244140625,31512,0.02589369388997017,788.0,788.0,785.5900268554688,788.0,0,0.0019053673595465362
2023-11-03,84.88999938964844,87.77999877929688,84.55000305175781,86.86000061035156,36172,-0.022826181558019014,785.5900268554688,787.8300170898438,785.5900268554688,785.5900268554688,0,-0.0030630278377808563
2023-11-06,85.18000030517578,86.44999694824219,84.91000366210938,85.38999938964844,26524,0.0034103745178185787,806.27001953125,806.3499755859375,781.0499877929688,781.0499877929688,0,0.02598363620797058
2023-11-07,81.61000061035156,85.31999969482422,81.41999816894531,85.2300033569336,38007,-0.04281485711775027,799.5,799.5,786.0800170898438,799.5,0,-0.008432165954059934
2023-11-08,79.54000091552734,81.93000030517578,79.16000366210938,81.47000122070312,36137,-0.02569175967021311,786.0900268554688,802.75,786.0900268554688,786.0900268554688,0,-0.016915208419719552
2023-11-09,80.01000213623047,81.4800033569336,79.44000244140625,79.77999877929688,32592,0.005891602271755378,802.7999877929688,802.7999877929688,802.0,802.7999877929688,0,0.02103427786232395
2023-11-10,81.43000030517578,82.05000305175781,79.61000061035156,79.69999694824219,20653,0.017592105665171297,803.0059814453125,804.5,802.3800048828125,802.510009765625,0,0.00025656107577108584
2023-11-13,82.5199966430664,82.81999969482422,80.41000366210938,81.44999694824219,22380,0.01329688829606105,804.5,803.219970703125,799.6500244140625,799.6500244140625,0,0.0018588036400535057
2023-11-14,82.47000122070312,83.97000122070312,82.05000305175781,82.75,25753,-0.0006060418757600274,821.0,964.0,801.6599731445312,803.1699829101562,0,0.02030214301999025
2023-11-15,81.18000030517578,83.01000213623047,80.80000305175781,82.37999725341797,32261,-0.015765690477047935,845.0,845.5800170898438,844.0,844.9400024414062,0,0.028813517904745685
2023-11-16,77.41999816894531,81.16000366210938,76.5999984741211,80.94000244140625,37692,-0.04742379367142417,843.0800170898438,846.6900024414062,826.8400268554688,843.0800170898438,0,-0.00227475441760159
2023-11-17,80.61000061035156,80.80000305175781,77.27999877929688,77.52999877929688,35037,0.04037759736859441,845.0,845.0,839.5399780273438,845.0,0,0.002274754417601468
2023-11-20,82.31999969482422,82.93000030517578,79.97000122070312,80.47000122070312,24121,0.020991368951435316,839.5399780273438,839.2899780273438,819.6799926757812,823.5499877929688,0,-0.006482530737764812
2023-11-21,82.44999694824219,82.52999877929688,81.41000366210938,82.12999725341797,22699,0.0015779241735657725,819.6799926757812,821.0,817.25,819.6799926757812,0,-0.023940085363977973
2023-11-22,81.95999908447266,82.62999725341797,78.41000366210938,82.4000015258789,40651,-0.005960699791888676,816.0999755859375,816.0999755859375,815.6099853515625,816.0999755859375,0,-0.00437714469576239
2023-11-23,81.37000274658203,81.62999725341797,80.18000030517578,81.62999725341797,40651,-0.0072246237374829205,803.8900146484375,804.4400024414062,803.8900146484375,803.8900146484375,0,-0.015074404439309562
2023-11-24,80.58000183105469,82.19999694824219,80.18000030517578,81.62999725341797,19356,-0.0097561859761599,804.4400024414062,819.0,803.3499755859375,804.4400024414062,0,0.0006839240809570597
2023-11-27,79.9800033569336,81.18000030517578,79.12999725341797,80.33999633789062,15161,-0.007473857095805239,803.0,805.5,789.0,801.4199829101562,0,-0.0017916722545544938
2023-11-28,81.68000030517578,82.18000030517578,79.83000183105469,80.13999938964844,15095,0.021032532201811928,799.0,805.25,788.4500122070312,799.0,0,-0.004993768180487026
2023-11-29,83.0999984741211,83.23999786376953,80.95999908447266,81.93000030517578,8045,0.017235505906795515,789.0,793.25,784.9600219726562,789.0,0,-0.012594624920400456
2023-11-30,82.83000183105469,84.70999908447266,82.66999816894531,82.87000274658203,59320,-0.0032543467830918964,793.5,793.5,789.0,793.5,0,0.005687219120589514
2023-12-01,78.87999725341797,81.5199966430664,78.75,80.47000122070312,29551,-0.048862661241722664,790.0,790.0,788.5,790.0,0,-0.004420594505396591
2023-12-04,78.02999877929688,79.66000366210938,77.5199966430664,79.43000030517578,32582,-0.01083432298998088,788.5,798.5,789.0,789.5800170898438,0,-0.0019005390579741144
2023-12-05,77.19999694824219,79.06999969482422,76.9800033569336,78.19999694824219,30931,-0.01069393498445855,798.5,801.5,798.5,798.5,0,0.012602561251974136
2023-12-06,74.30000305175781,77.62999725341797,74.11000061035156,77.05999755859375,34004,-0.03828842470301902,802.0,802.0,801.969970703125,802.0,0,0.004373640211447473
2023-12-07,74.05000305175781,75.4800033569336,73.61000061035156,74.30000305175781,26600,-0.003370410871237661,803.0,803.0,800.489990234375,803.0,0,0.0012461060802471558
2023-12-08,75.83999633789062,76.36000061035156,74.2300033569336,74.5,21497,0.023885227733526745,800.5,800.5,789.0,800.5,0,-0.003118181509992309
2023-12-11,76.02999877929688,76.4800033569336,75.0,75.66000366210938,20413,0.002502173525341683,803.0,790.5,789.0,790.3200073242188,0,0.0031181815099923177
2023-12-12,73.23999786376953,76.63999938964844,72.86000061035156,76.25,29568,-0.03738629254602788,793.0,794.0,788.760009765625,793.0,0,-0.01253149231191374
2023-12-13,74.26000213623047,74.69999694824219,72.30000305175781,73.36000061035156,27711,0.013830786877068277,801.9199829101562,802.510009765625,789.0,801.9199829101562,0,0.011185609321642717
2023-12-14,76.61000061035156,77.3499984741211,74.45999908447266,74.70999908447266,28386,0.03115514697988543,802.0,802.0,790.5,802.0,0,9.977691002393654e-05
2023-12-15,76.55000305175781,77.22000122070312,75.33000183105469,76.5999984741211,19442,-0.0007834625258309145,790.5,802.5,789.0,790.5,0,-0.014442951216987753
2023-12-18,77.94999694824219,79.51000213623047,75.77999877929688,76.97000122070312,30258,0.018123394383693637,802.489990234375,794.2899780273438,789.4099731445312,794.2899780273438,0,0.01505372504865969
2023-12-19,79.2300033569336,79.66000366210938,77.43000030517578,78.05000305175781,25735,0.016287500993037524,789.4099731445312,824.5,788.8200073242188,789.4099731445312,0,-0.016433584720348858
2023-12-20,79.69999694824219,80.61000061035156,79.08000183105469,79.25,26913,0.005914490158980527,800.0,824.5,824.469970703125,824.5,0,0.013325930690089713
2023-12-21,79.38999938964844,80.12000274658203,77.8499984741211,79.13999938964844,22237,-0.0038971394566000637,824.5,824.5,823.3699951171875,824.5,0,0.0301654143317262
2023-12-22,79.06999969482422,80.37000274658203,78.83000183105469,79.44000244140625,12334,-0.004038875825735407,825.0759887695312,905.8900146484376,902.3099975585938,903.0,0,0.0006983476928146358
2023-12-26,81.06999969482422,81.70999908447266,78.80999755859375,79.19000244140625,10247,0.02497944301199581,904.0700073242188,905.0,903.5999755859376,904.0700073242188,0,0.0007524290436261436
2023-12-27,79.6500015258789,81.31999969482422,79.48999786376953,80.73999786376953,8282,-0.017670919721909782,904.5999755859376,905.0,903.0,904.5999755859376,0,0.0005860309308981915
2023-12-28,78.38999938964844,79.95999908447266,78.33999633789062,79.83999633789062,24301,-0.015945695098815653,895.0,896.1099853515625,895.0,895.0,0,-0.010669111780093827
2023-12-29,77.04000091552734,77.97000122070312,76.75,77.41999816894531,20115,-0.017371581040878995,897.0,897.0,896.1099853515625,897.0,0,0.002232143783940856
2024-01-02,75.88999938964844,79.04000091552734,75.5999984741211,77.20999908447266,28591,-0.015039864000422884,898.5999755859375,898.5999755859375,895.0,898.5999755859375,0,0.00274130235174131
2024-01-03,78.25,78.66999816894531,74.79000091552734,75.98999786376953,32172,0.030623914047023307,884.2999877929688,885.4099731445312,883.510009765625,884.2999877929688,0,-0.016041611689545078
2024-01-04,77.58999633789062,79.4000015258789,76.5,78.5,33154,-0.008470323712619202,891.4000244140625,911.9400024414062,891.3400268554688,891.4000244140625,0,0.007996930123387931
2024-01-05,78.76000213623047,79.25,77.5,77.5999984741211,30994,0.014966775186572953,912.0,913.9299926757812,911.8800048828124,912.0,0,0.02284670217342847
2024-01-08,76.12000274658203,78.94999694824219,75.26000213623047,78.5999984741211,32539,-0.034094202384002945,913.969970703125,910.0399780273438,883.5700073242188,909.4099731445312,0,0.0021577260295022665
2024-01-09,77.58999633789062,78.18000030517578,75.95999908447266,76.36000061035156,27914,0.01912742719742998,884.8049926757812,914.0,882.0900268554688,884.7000122070312,0,-0.03243044263493228
2024-01-10,76.80000305175781,78.7300033569336,76.37999725341797,77.45999908447266,34395,-0.010233825817587873,914.0,914.0,913.9299926757812,914.0,0,0.032463297985248815
2024-01-11,77.41000366210938,79.08999633789062,76.6500015258789,76.73999786376953,35565,0.007911338634527799,950.989990234375,957.5499877929688,950.989990234375,950.989990234375,0,0.03967296551994237
2024-01-12,78.29000091552734,80.73999786376953,77.93000030517578,78.45999908447266,31824,0.01130387408929161,957.5499877929688,958.5,957.5499877929688,957.5499877929688,0,0.006874389290284218
2024-01-16,78.29000091552734,79.38999938964844,76.83000183105469,78.08000183105469,46742,0.0,957.5499877929688,960.0900268554688,910.25,957.5499877929688,0,0.0005640753409138
2024-01-17,77.87999725341797,78.18000030517578,76.5,77.86000061035156,35892,-0.005250747376723442,895.0,910.25,895.0,895.0,0,-0.06755420798952116
2024-01-18,79.0999984741211,79.30000305175781,77.33999633789062,78.05000305175781,28190,0.01554371024595205,873.4840087890625,895.02001953125,858.0,858.5599975585938,0,-0.024333895921482853
2024-01-19,78.55999755859375,79.75,78.33000183105469,78.9800033569336,23734,-0.006850222513856957,895.02001953125,896.0,860.0,895.02001953125,0,0.024356263862659447
2024-01-22,80.05999755859375,80.55000305175781,77.81999969482422,78.8499984741211,27825,0.018913690100473578,890.5399780273438,910.5,890.0,910.5,0,-0.005018090583468137
2024-01-23,79.55000305175781,80.44000244140625,78.69999694824219,79.91000366210938,27835,-0.006390529923161672,890.510009765625,890.510009765625,870.0,890.510009765625,0,-3.365235330502162e-05
2024-01-24,80.04000091552734,80.73999786376953,79.05000305175781,79.73999786376953,22429,0.006140728007346922,915.4409790039062,915.0,899.77001953125,915.0,0,0.027611550164989025
2024-01-25,82.43000030517578,82.55999755859375,80.06999969482422,80.30999755859375,21420,0.029422930873472645,899.77001953125,901.0,893.9500122070312,899.77001953125,0,-0.017266696628441967
2024-01-26,83.55000305175781,83.83000183105469,81.31999969482422,82.38999938964844,19128,0.013495839540150111,888.0,900.0999755859375,888.0,888.0,0,-0.013167453823635746
2024-01-29,82.4000015258789,84.79000091552734,82.04000091552734,84.12999725341797,12802,-0.013859836134154174,898.7000122070312,910.5,891.5499877929688,900.780029296875,0,0.011977545255145475
2024-01-30,82.87000274658203,83.25,81.33999633789062,82.56999969482422,7284,0.005687692570837788,893.0,893.0,891.0,893.0,0,-0.006362707370816536
2024-01-31,81.70999908447266,82.80000305175781,81.70999908447266,82.58999633789062,33486,-0.014096765812189079,896.0,1191.0,896.0,896.0,0,0.003353832098431458
2024-02-01,78.69999694824219,81.55000305175781,78.58000183105469,80.66999816894531,48919,-0.03753326554576618,1194.0,1194.0,1192.0,1194.0,0,0.287123880977617
2024-02-02,77.33000183105469,79.44000244140625,76.86000061035156,78.91999816894531,32405,-0.01756111434686056,1192.0,1413.0,1194.0,1194.0,0,-0.0016764463272523713
2024-02-05,77.98999786376953,78.33000183105469,76.62000274658203,77.66000366210938,24879,0.008498583651928772,1192.0,1400.969970703125,1400.0,1400.0,0,0.0
2024-02-06,78.58999633789062,79.06999969482422,77.6500015258789,77.94000244140625,24904,0.007663832329107285,1400.0999755859375,1420.0,1399.5,1399.5,0,0.1609110765612138
2024-02-07,79.20999908447266,79.47000122070312,78.48999786376953,78.69999694824219,26342,0.007858123637527146,1407.5,1417.6300048828125,1407.0,1407.5,0,0.005271435827336454
2024-02-08,81.62999725341797,81.88999938964844,79.0199966430664,79.37999725341797,32568,0.030094265898581617,1417.6300048828125,1417.6300048828125,1417.1700439453125,1417.6300048828125,0,0.007171385585613648
2024-02-09,82.19000244140625,82.45999908447266,81.20999908447266,81.7300033569336,26408,0.006836862048287254,1403.510009765625,1450.4000244140625,1397.0,1444.56005859375,0,-0.010010217820371635
2024-02-12,82.0,82.20999908447266,80.79000091552734,81.76000213623047,22915,-0.002314422600574686,1474.1199951171875,1504.5,1474.1199951171875,1474.1199951171875,0,0.049084949470318294
2024-02-13,82.7699966430664,83.2300033569336,81.95999908447266,82.05000305175781,29306,0.0093463890756796,1503.0,1503.0,1449.0,1503.0,0,0.019401912503568663
2024-02-14,81.5999984741211,83.61000061035156,81.38999938964844,82.66000366210938,28305,-0.0142363930693679,1515.0899658203125,1516.0,1499.3900146484375,1515.0899658203125,0,0.008011709807116213
2024-02-15,82.86000061035156,83.25,80.72000122070312,81.5199966430664,31230,0.01532320074474896,1516.0,1516.699951171875,1514.0,1516.0,0,0.0006004666422264197
2024-02-16,83.47000122070312,83.66000366210938,81.9000015258789,82.83000183105469,34125,0.007334856471784813,1516.699951171875,1524.3299560546875,1493.1199951171875,1516.699951171875,0,0.000461602661373213
2024-02-20,82.33999633789062,83.62999725341797,82.05000305175781,83.30000305175781,34581,-0.013630328620800946,1493.22998046875,1605.800048828125,1490.0,1493.22998046875,0,0.0
2024-02-21,83.02999877929688,83.16999816894531,81.66999816894531,82.55999755859375,23038,0.008345001705688762,1605.800048828125,1606.0,1590.0,1605.800048828125,0,0.07268055931963535
2024-02-22,83.66999816894531,83.97000122070312,82.33999633789062,83.16000366210938,27885,0.007678494851276518,1606.5,1606.5,1599.75,1606.5,0,0.0004357943979785524
2024-02-23,81.62000274658203,83.4800033569336,81.44000244140625,83.41999816894531,19427,-0.0248061047947583,1606.5,1606.5,1604.550048828125,1606.5,0,0.0
2024-02-26,82.52999877929688,83.05999755859375,81.0199966430664,81.58999633789062,15694,0.01108748518506503,1606.5,1606.5,1560.0,1606.5,0,0.0
2024-02-27,83.6500015258789,83.73999786376953,82.0999984741211,82.55000305175781,10882,0.013479596860493182,1544.0,1574.0,1561.6400146484375,1563.5,0,-0.03968144797119172
2024-02-28,83.68000030517578,84.30000305175781,82.62000274658203,83.4000015258789,6015,0.00035855828948782513,1578.5799560546875,1630.1600341796875,1558.0,1578.5799560546875,0,0.022149229316867074
2024-02-29,83.62000274658203,83.73999786376953,83.04000091552734,83.6500015258789,27327,-0.0007172451891383123,1630.1600341796875,1630.1600341796875,1580.0,1630.1600341796875,0,0.032152509558167675
2024-03-01,83.55000305175781,84.3499984741211,81.80999755859375,81.97000122070312,30885,-0.0008374672068846977,1617.050048828125,1617.050048828125,1616.0,1617.050048828125,0,-0.008074658705411254
2024-03-04,82.80000305175781,84.06999969482422,82.58000183105469,83.58999633789062,26396,-0.009017193319336184,1577.56005859375,1544.0799560546875,1509.75,1544.0799560546875,0,-0.024724145054980877
2024-03-05,82.04000091552734,83.13999938964844,81.7300033569336,82.97000122070312,37442,-0.009221153884487994,1511.989990234375,1560.510009765625,1540.0,1544.0799560546875,0,-0.04245272919715989
2024-03-06,82.95999908447266,84.05999755859375,81.88999938964844,82.08000183105469,35173,0.011151608521799649,1560.510009765625,1590.6700439453125,1560.0,1560.510009765625,0,0.031586039648566794
2024-03-07,82.95999908447266,83.47000122070312,82.06999969482422,82.83999633789062,32447,0.0,1590.6700439453125,1595.0,1580.5699462890625,1590.6700439453125,0,0.01914264158106794
2024-03-08,82.08000183105469,83.83999633789062,81.70999908447266,83.33999633789062,26605,-0.010664149154873159,1591.0,1595.0,1585.0,1591.0,0,0.0002074106059477712
2024-03-11,82.20999908447266,82.7300033569336,81.08000183105469,81.91000366210938,28619,0.001582534296964144,1593.8399658203125,1625.3699951171875,1585.0,1593.8399658203125,0,0.001783428117913365
2024-03-12,81.91999816894531,83.01000213623047,81.69000244140625,82.43000030517578,29951,-0.0035337990881388823,1624.72998046875,1624.72998046875,1574.68994140625,1624.72998046875,0,0.019195458635676142
2024-03-13,84.02999877929688,84.22000122070312,81.97000122070312,82.38999938964844,34043,0.025430724473679323,1612.280029296875,1612.280029296875,1579.75,1612.280029296875,0,-0.0076922916668718845
2024-03-14,85.41999816894531,85.68000030517578,83.94000244140625,83.9800033569336,34250,0.01640638056428394,1612.280029296875,1616.0,1585.0,1593.4100341796875,0,0.0
2024-03-15,85.33999633789062,85.55000305175781,84.62999725341797,85.12999725341797,23623,-0.0009370091295576753,1594.0,1610.239990234375,1580.530029296875,1594.0,0,-0.011402764074344145
2024-03-18,86.88999938964844,87.18000030517578,85.26000213623047,85.37999725341797,33687,0.017999708978836786,1610.6199951171875,1591.8199462890625,1550.0,1591.6400146484375,0,0.010372614635071404
2024-03-19,87.37999725341797,87.70999908447266,86.48999786376953,86.8499984741211,30045,0.0056234482639747705,1563.9599609375,1564.719970703125,1476.75,1563.9599609375,0,-0.029398153631265262
2024-03-20,85.94999694824219,87.3499984741211,85.58000183105469,87.22000122070312,35304,-0.01650069576801427,1476.75,1510.010009765625,1476.0,1476.75,0,-0.057377314166622014
2024-03-21,85.77999877929688,86.63999938964844,85.05000305175781,86.16000366210938,23829,-0.00197983146455054,1481.0,1420.0,1369.989990234375,1420.0,0,0.0028738080804541215
2024-03-22,85.43000030517578,86.1500015258789,85.11000061035156,85.55000305175781,14778,-0.004088534122348653,1369.989990234375,1428.530029296875,1410.43994140625,1410.43994140625,0,-0.07791410187058649
2024-03-25,86.75,87.18000030517578,85.4000015258789,85.5999984741211,21176,0.015333088091209273,1464.0,1449.5,1400.1400146484375,1448.3900146484375,0,0.06636898212404459
2024-03-26,86.25,87.05000305175781,85.80999755859375,86.7699966430664,12736,-0.005780362915499425,1424.3299560546875,1439.8900146484375,1391.530029296875,1424.3299560546875,0,-0.027470918677555346
2024-03-27,86.08999633789062,86.36000061035156,85.18000030517578,85.97000122070312,8449,-0.0018568377797572885,1394.52001953125,1403.219970703125,1394.52001953125,1394.52001953125,0,-0.02115121281520372
2024-03-28,87.4800033569336,87.4800033569336,86.31999969482422,86.52999877929688,30759,0.016017016050581,1418.0699462890625,1418.0699462890625,1393.0,1418.0699462890625,0,0.016746470272308557
2024-04-01,87.41999816894531,87.98999786376953,86.4000015258789,86.93000030517578,29598,-0.0006861656926140027,1303.8399658203125,1306.1700439453125,1303.0,1303.8399658203125,0,-0.06615315015810848
2024-04-02,88.91999816894531,89.27999877929688,87.6500015258789,87.80000305175781,40754,0.017013000014158928,1306.1700439453125,1327.0400390625,1294.5,1306.1700439453125,0,0.0017854941056192368
2024-04-03,89.3499984741211,89.9800033569336,88.68000030517578,89.20999908447266,35138,0.00482415602405137,1304.0,1319.0999755859375,1259.0999755859375,1294.5,0,-0.0016627609762970182
2024-04-04,90.6500015258789,91.3000030517578,88.7300033569336,89.5,38764,0.014444729505611919,1319.0999755859375,1319.1099853515625,1319.0999755859375,1319.0999755859375,0,0.011513203860154557
2024-04-05,91.16999816894533,91.91000366210938,90.56999969482422,91.01000213623048,37391,0.005719921479349794,1319.0999755859375,1319.1099853515625,1242.5,1319.0999755859375,0,0.0
2024-04-08,90.37999725341795,91.0999984741211,88.80000305175781,90.30999755859376,39142,-0.008702901918985618,1247.25,1295.6600341796875,1243.1500244140625,1295.6600341796875,0,-0.056008539605606165
2024-04-09,89.41999816894531,90.94000244140624,89.2699966430664,90.5500030517578,33993,-0.010678623265045872,1241.1300048828125,1248.5899658203125,1236.739990234375,1241.1300048828125,0,-0.004918868858254599
2024-04-10,90.4800033569336,90.66000366210938,88.83000183105469,89.51000213623047,51136,0.011784518580433197,1248.0899658203125,1248.0899658203125,1245.449951171875,1248.0899658203125,0,0.005592096445311248
2024-04-11,89.73999786376953,90.91999816894533,89.37000274658203,90.54000091552734,47337,-0.008212292166078541,1239.3599853515625,1246.6700439453125,1239.3599853515625,1239.3599853515625,0,-0.007019249821172474
2024-04-12,90.4499969482422,92.18000030517578,90.01000213623047,90.29000091552734,43560,0.007880601358408379,1241.7900390625,1245.8699951171875,1193.8699951171875,1241.7900390625,0,0.0019588130214015825
2024-04-15,90.0999984741211,91.1500015258789,88.7300033569336,90.37000274658205,35488,-0.0038770304226830475,1200.0,1189.5,1150.72998046875,1150.8699951171875,0,-0.03423236175234097
2024-04-16,90.0199966430664,90.83000183105467,89.41000366210938,90.43000030517578,34348,-0.0008883171050885048,1152.5,1172.6400146484375,1147.199951171875,1152.5,0,-0.04038806090528806
2024-04-17,87.29000091552734,90.1500015258789,87.13999938964844,90.05000305175781,45933,-0.030795911338210632,1140.5,1150.6800537109375,1139.3199462890625,1140.5,0,-0.010466733146360832
2024-04-18,87.11000061035156,87.79000091552734,86.0999984741211,87.44000244140625,38630,-0.0020642243981232457,1140.1400146484375,1164.199951171875,1138.0,1160.06005859375,0,-0.0003156880105934968
2024-04-19,87.29000091552734,90.77999877929688,86.16000366210938,86.95999908447266,45203,0.00206422439812315,1149.77001953125,1150.5799560546875,1077.0,1149.77001953125,0,0.008410864627872432
2024-04-22,87.0,87.25,85.79000091552734,87.04000091552734,32395,-0.0033278005810162474,1075.25,1189.25,1075.25,1075.25,0,-0.06700874667787587
2024-04-23,88.41999816894531,88.48999786376953,86.04000091552734,87.2300033569336,35381,0.01619004903491017,1233.0,1256.4599609375,1231.9599609375,1233.0,0,0.13689703150049853
2024-04-24,88.0199966430664,88.80000305175781,87.6500015258789,88.45999908447266,26662,-0.0045341444448541044,1233.0,1290.0,1233.0,1233.0,0,0.0
2024-04-25,89.01000213623047,89.26000213623047,87.29000091552734,88.11000061035156,24588,0.011184723726092917,1253.530029296875,1279.52001953125,1253.530029296875,1253.530029296875,0,0.01651337050674765
2024-04-26,89.5,89.83000183105469,88.80000305175781,89.20999908447266,15475,0.005489878310077012,1276.0,1305.719970703125,1279.52001953125,1279.52001953125,0,0.01776659023364317
2024-04-29,88.4000015258789,89.30000305175781,88.0999984741211,89.25,15093,-0.012366638376138472,1325.4599609375,1359.1700439453125,1324.6300048828125,1325.4599609375,0,0.038029354606512175
2024-04-30,87.86000061035156,88.70999908447266,87.47000122070312,88.31999969482422,39816,-0.006127341410172731,1356.5,1388.969970703125,1356.5,1356.5,0,0.023148313587738976
2024-05-01,83.44000244140625,85.95999908447266,83.29000091552734,85.95999908447266,48165,-0.05161680554255898,1389.5,1399.489990234375,1389.5,1389.5,0,0.02403611708357193
2024-05-02,83.66999816894531,84.41999816894531,83.02999877929688,83.55999755859375,39951,0.002752628471323538,1394.0,1397.6099853515625,1368.8199462890625,1394.0,0,0.0032333421379107594
2024-05-03,82.95999908447266,84.4000015258789,82.80000305175781,83.80000305175781,31511,-0.008521915537759682,1372.449951171875,1406.7099609375,1372.449951171875,1372.449951171875,0,-0.015579884050206974
2024-05-06,83.33000183105469,83.81999969482422,82.76000213623047,82.9800033569336,23246,0.004450097482146828,1393.239990234375,1405.8399658203125,1390.8399658203125,1393.239990234375,0,0.015034534681567036
2024-05-07,83.16000366210938,83.87000274658203,82.4000015258789,83.58999633789062,33414,-0.002042143340929874,1383.5,1384.3299560546875,1380.199951171875,1383.5,0,-0.007015442724848805
2024-05-08,83.58000183105469,83.81999969482422,81.72000122070312,83.04000091552734,35419,0.0050377719008577,1385.949951171875,1417.6400146484375,1383.4000244140625,1385.949951171875,0,0.0017692696052741524
2024-05-09,83.87999725341797,84.33000183105469,83.45999908447266,83.77999877929688,25231,0.003582894361957821,1406.9000244140625,1434.5,1405.75,1406.9000244140625,0,0.015002929904002796
2024-05-10,82.79000091552734,84.5199966430664,82.70999908447266,84.20999908447266,25062,-0.013079881080392639,1419.030029296875,1436.5,1419.030029296875,1419.030029296875,0,0.008584840495057214
2024-05-13,83.36000061035156,83.83000183105469,82.26000213623047,82.69999694824219,29242,0.006861293117788952,1465.5400390625,1465.5400390625,1444.7900390625,1465.5400390625,0,0.032250241639901596
2024-05-14,82.37999725341797,83.62000274658203,82.0999984741211,83.5,33169,-0.011825929659396871,1444.7900390625,1492.489990234375,1483.97998046875,1483.97998046875,0,-0.014259792568847698
2024-05-15,82.75,83.06999969482422,81.05999755859375,82.7699966430664,41744,0.004481358589636593,1502.0,1533.719970703125,1474.5,1502.0,0,0.03883354402171159
2024-05-16,83.2699966430664,83.77999877929688,82.30999755859375,82.93000030517578,27576,0.006264285676713261,1521.5,1544.5,1516.489990234375,1521.5,0,0.012899137012945724
2024-05-17,83.9800033569336,84.04000091552734,83.08999633789062,83.44000244140625,23516,0.008490415295173383,1522.5,1524.5,1469.5,1522.5,0,0.0006570302470262885
2024-05-20,83.70999908447266,84.5,83.12000274658203,84.0,22320,-0.0032202814939873313,1494.5,1531.9300537109375,1479.06005859375,1494.5,0,-0.018562017860059538
2024-05-21,82.87999725341797,83.73999786376953,82.05999755859375,83.69999694824219,29726,-0.009964688363161176,1531.9300537109375,1531.9300537109375,1415.0,1531.9300537109375,0,0.02473671068759197
2024-05-22,81.9000015258789,82.63999938964844,81.58000183105469,82.4800033569336,32042,-0.011894735881886746,1420.0,1454.5,1418.0,1420.0,0,-0.07587154181627812
2024-05-23,81.36000061035156,82.97000122070312,80.93000030517578,81.69000244140625,27035,-0.0066152502478562785,1432.0,1450.75,1429.5,1432.0,0,0.008415196925284498
2024-05-24,82.12000274658203,82.44999694824219,80.66000366210938,81.54000091552734,17991,0.009297866354522469,1443.5,1479.5,1443.5,1443.5,0,0.00799865158239882
2024-05-28,84.22000122070312,84.62999725341797,82.06999969482422,82.1500015258789,23477,0.025250811631310897,1477.1300048828125,1481.9599609375,1390.4599609375,1477.1300048828125,0,0.006438520448683098
2024-05-29,83.5999984741211,85.01000213623047,83.30000305175781,84.62000274658203,15987,-0.007388935389484824,1390.449951171875,1446.9599609375,1399.9599609375,1429.4599609375,0,-0.06047361859059856
2024-05-30,81.86000061035156,83.76000213623047,81.81999969482422,83.5,9220,-0.02103302331821725,1400.4599609375,1477.0,1467.0,1467.146728515625,0,0.007173325549189419
2024-05-31,81.62000274658203,82.12000274658203,81.18000030517578,81.77999877929688,33414,-0.002936114891793664,1334.050048828125,1336.0,1334.0400390625,1334.050048828125,0,-0.048581261537575075
2024-06-03,78.36000061035156,81.62999725341797,78.08999633789062,81.19000244140625,42771,-0.040760762763094385,1484.5,1504.5,1474.5,1484.5,0,0.10685855056986024
2024-06-04,77.5199966430664,78.20999908447266,76.75,78.16000366210938,41209,-0.010777676586997508,1484.739990234375,1493.0,1480.5,1484.739990234375,0,0.0001616509515477351
2024-06-05,78.41000366210938,78.5999984741211,77.13999938964844,77.16999816894531,37039,0.011415592669038108,1468.9100341796875,1498.2900390625,1493.0,1493.0,0,-0.010719013757052621
2024-06-06,79.87000274658203,80.06999969482422,78.37000274658203,78.58000183105469,36186,0.01844883037000211,1497.030029296875,1497.030029296875,1495.719970703125,1497.030029296875,0,0.01896251247067767
2024-06-07,79.62000274658203,80.37999725341797,79.33000183105469,80.0199966430664,26371,-0.003134995249150555,1495.719970703125,1495.719970703125,1470.719970703125,1495.719970703125,0,-0.0008754882148042817
2024-06-10,81.62999725341797,82.16000366210938,79.3499984741211,79.41000366210938,36413,0.024931455748238074,1497.3399658203125,1511.3900146484375,1471.3699951171875,1497.3399658203125,0,0.001082501058941554
2024-06-11,81.91999816894531,82.36000061035156,81.19999694824219,81.97000122070312,35178,0.003546331122914942,1501.3699951171875,1501.3699951171875,1475.719970703125,1501.3699951171875,0,0.002687843623170213
2024-06-12,82.5999984741211,83.33999633789062,81.97000122070312,82.12000274658203,40802,0.008266523114366264,1504.5,1504.5,1480.0,1504.5,0,0.0020825957338050168
2024-06-13,82.75,83.04000091552734,81.80000305175781,82.54000091552734,39191,0.0018143522033504222,1504.5,1504.510009765625,1482.530029296875,1504.5,0,0.0
2024-06-14,82.62000274658203,83.38999938964844,81.91999816894531,82.13999938964844,39346,-0.001572199045005178,1504.5,1504.5,1477.010009765625,1504.5,0,0.0
2024-06-17,84.25,84.55000305175781,82.11000061035156,82.62000274658203,32978,0.019536754020303984,1495.0,1482.5400390625,1482.5400390625,1482.5400390625,0,-0.006334410245313164
2024-06-18,85.33000183105469,85.4800033569336,83.66000366210938,84.4000015258789,45690,0.012737544774532372,1483.3199462890625,1494.5,1480.0,1494.5,0,-0.007843424347001604
2024-06-20,85.70999908447266,85.97000122070312,84.88999938964844,85.37999725341797,52543,0.004443380222101336,1489.5,1489.5,1489.5,1489.5,0,-0.00033562678616790037
2024-06-21,85.23999786376953,86.2300033569336,84.83999633789062,85.68000030517578,25055,-0.0054987120600504666,1488.5,1514.5,1476.0,1488.5,0,-0.0006715916975059182
2024-06-24,86.01000213623047,86.16999816894531,84.7300033569336,85.08999633789062,28043,0.00899281123133469,1514.5400390625,1530.4000244140625,1513.1400146484375,1514.550048828125,0,0.017342886811229714
2024-06-25,85.01000213623047,86.31999969482422,84.76000213623047,86.1500015258789,26591,-0.011694671641954984,1530.3900146484375,1535.3900146484375,1517.8900146484375,1530.3900146484375,0,0.010410826169921701
2024-06-26,85.25,85.81999969482422,84.4800033569336,84.88999938964844,18107,0.0028191944051921733,1535.3900146484375,1539.75,1515.4000244140625,1535.3900146484375,0,0.003261815515346004
2024-06-27,86.38999938964844,86.51000213623047,84.88999938964844,85.25,11216,0.013283805142094686,1539.739990234375,1544.739990234375,1539.739990234375,1539.739990234375,0,0.0028291346905431622
2024-06-28,86.41000366210938,87.2300033569336,86.29000091552734,86.54000091552734,38920,0.00023153092820624266,1539.739990234375,1539.969970703125,1529.2900390625,1539.739990234375,0,0.0
2024-07-01,86.5999984741211,86.87999725341797,84.87999725341797,84.9000015258789,55468,0.0021963457146134883,1528.510009765625,1534.1400146484375,1532.1300048828125,1534.1400146484375,0,-0.007320153582607816
2024-07-02,86.23999786376953,87.44999694824219,86.16999816894531,86.69000244140625,52311,-0.00416571555861527,1499.0,1504.0,1470.18994140625,1499.0,0,-0.019495191957666268
2024-07-03,87.33999633789062,87.37999725341797,85.88999938964844,86.5,39021,0.012674423738139335,1504.0,1504.0,1504.0,1504.0,0,0.0033300064071874295
2024-07-05,86.54000091552734,87.94999694824219,86.48999786376953,87.02999877929688,51456,-0.009201760752087007,1525.75,1525.75,1505.550048828125,1525.75,0,0.0
2024-07-08,85.75,86.91000366210938,85.55000305175781,86.75,36568,-0.009170659329928407,1550.219970703125,1550.219970703125,1525.219970703125,1550.219970703125,0,0.015910745002143793
2024-07-09,84.66000366210938,85.8499984741211,84.54000091552734,85.68000030517578,44667,-0.012792807696606224,1550.219970703125,1550.219970703125,1535.6700439453125,1550.219970703125,0,0.0
2024-07-10,85.08000183105469,85.6500015258789,84.0,85.01000213623047,51274,0.00494873350415741,1550.219970703125,1577.719970703125,1544.9599609375,1550.219970703125,0,0.0
2024-07-11,85.4000015258789,85.88999938964844,84.6500015258789,85.41999816894531,47743,0.0037541068083579536,1577.719970703125,1591.72998046875,1546.0799560546875,1577.719970703125,0,0.017583910868434572
2024-07-12,85.02999877929688,86.33999633789062,84.95999908447266,85.58999633789062,48430,-0.00434199762040384,1587.0,1619.4100341796875,1569.5,1587.0,0,0.005864693231226496
2024-07-15,84.8499984741211,85.36000061035156,84.41000366210938,85.02999877929688,36586,-0.002119147344571181,1597.530029296875,1619.3399658203125,1597.530029296875,1597.530029296875,0,0.006613263230531565
2024-07-16,83.7300033569336,84.87000274658203,83.30000305175781,84.86000061035156,45546,-0.013287597388280356,1599.5,1620.8599853515625,1610.1099853515625,1620.8599853515625,0,0.001232375632632077
2024-07-17,85.08000183105469,85.19999694824219,83.44000244140625,83.83999633789062,44273,0.01599463554489727,1618.3599853515625,1628.3599853515625,1613.3599853515625,1618.3599853515625,0,0.011722201338454504
2024-07-18,85.11000061035156,85.81999969482422,84.22000122070312,85.19999694824219,45867,0.0003525328065952595,1614.3399658203125,1659.5,1603.5799560546875,1614.3399658203125,0,-0.0024870985022896123
2024-07-19,82.62999725341797,85.3499984741211,82.56999969482422,84.80000305175781,45739,-0.029571767186629214,1626.8399658203125,1634.3399658203125,1626.8399658203125,1626.8399658203125,0,0.007713278643696308
2024-07-22,82.4000015258789,83.20999908447266,81.58999633789062,82.83000183105469,36408,-0.00278732204019272,1624.8299560546875,1644.81005859375,1584.0,1624.8399658203125,0,-0.001236294008881454
2024-07-23,81.01000213623047,82.77999877929688,80.5199966430664,82.20999908447266,45436,-0.01701282522101405,1586.5999755859375,1606.510009765625,1576.5,1586.5999755859375,0,-0.023809821380310705
2024-07-24,81.70999908447266,82.22000122070312,80.94000244140625,81.48999786376953,47261,0.008603751979662684,1593.75,1593.75,1552.300048828125,1593.75,0,0.004496383426494622
2024-07-25,82.37000274658203,82.5199966430664,80.08999633789062,81.52999877929688,51868,0.008044944105580683,1583.75,1583.760009765625,1544.800048828125,1583.75,0,-0.006294277271387424
2024-07-26,81.12999725341797,82.69000244140625,80.31999969482422,82.44999694824219,27491,-0.015168553744716384,1595.5,1595.5,1556.550048828125,1595.5,0,0.007391714082949427
2024-07-29,79.77999877929688,81.72000122070312,79.37999725341797,81.0199966430664,22531,-0.016779941376492632,1599.3900146484375,1619.5,1619.489990234375,1619.5,0,0.0024351489740811845
2024-07-30,78.62999725341797,79.94999694824219,78.41999816894531,79.83999633789062,15035,-0.014519560103429422,1619.5,1659.489990234375,1597.010009765625,1619.5,0,0.012495143919004567
2024-07-31,80.72000122070312,80.83999633789062,79.0,79.05999755859375,54838,0.02623312009507381,1624.5,1660.5699462890625,1635.56005859375,1660.5699462890625,0,0.003082616497771086
2024-08-01,79.5199966430664,81.80000305175781,79.44000244140625,81.51000213623047,44000,-0.014977871034680248,1660.5699462890625,1660.5699462890625,1660.56005859375,1660.5699462890625,0,0.021960808451342666
2024-08-02,76.80999755859375,80.44999694824219,76.41999816894531,80.04000091552734,58894,-0.03467371190777319,1660.5699462890625,1660.5699462890625,1616.530029296875,1660.5699462890625,0,0.0
2024-08-05,76.30000305175781,77.75,75.05000305175781,77.44000244140625,59442,-0.006661829938348533,1625.47998046875,1625.8900146484375,1594.06005859375,1625.8900146484375,0,-0.021357739814403354
2024-08-06,76.4800033569336,77.80000305175781,75.58999633789062,77.2300033569336,45238,0.0023563343488685966,1594.06005859375,1594.06005859375,1593.449951171875,1594.06005859375,0,-0.019518887192460393
2024-08-07,78.33000183105469,78.86000061035156,75.94999694824219,76.19999694824219,49730,0.023901382119202865,1593.449951171875,1607.2099609375,1580.949951171875,1607.2099609375,0,-0.00038281130252548973
2024-08-08,79.16000366210938,79.37000274658203,77.62999725341797,78.4800033569336,40462,0.010540472241175417,1580.949951171875,1599.489990234375,1580.949951171875,1580.949951171875,0,-0.007875544980488978
2024-08-09,79.66000366210938,79.81999969482422,78.7699966430664,79.01000213623047,32227,0.006296456728760983,1599.489990234375,1599.489990234375,1569.5,1599.489990234375,0,0.01165892104021208
2024-08-12,82.30000305175781,82.4000015258789,79.4800033569336,79.66999816894531,45234,0.03260352103867598,1583.530029296875,1589.5,1559.5,1589.5,0,-0.010028271636436261
2024-08-13,80.69000244140625,82.30000305175781,80.55000305175781,81.98999786376953,50485,-0.019756462646890717,1589.5,1589.510009765625,1579.5,1583.52001953125,0,0.0037629506764617964
2024-08-14,79.76000213623047,81.44000244140625,79.61000061035156,80.9800033569336,50327,-0.011592529680216504,1589.5,1589.510009765625,1589.5,1589.5,0,0.0
2024-08-15,81.04000091552734,81.41000366210938,79.6500015258789,79.98999786376953,33165,0.015920718800842556,1589.5,1589.5,1573.9000244140625,1589.5,0,0.0
2024-08-16,79.68000030517578,81.0,78.63999938964844,80.95999908447266,33753,-0.01692425413129556,1592.219970703125,1592.219970703125,1587.3399658203125,1592.219970703125,0,0.0017097490607372136
2024-08-19,77.66000366210938,79.75,77.5,79.6500015258789,45853,-0.02567824564716948,1589.5,1589.5400390625,1580.6300048828125,1589.5,0,-0.0017097490607372264
2024-08-20,77.19999694824219,78.33999633789062,76.54000091552734,77.73999786376953,39162,-0.005940953959002638,1597.0,1597.0,1589.5,1597.0,0,0.00470736786415507
2024-08-21,76.05000305175781,78.19999694824219,75.6500015258789,77.08000183105469,45081,-0.015008358666579145,1574.8499755859375,1581.81005859375,1571.25,1574.8499755859375,0,-0.013966855088421036
2024-08-22,77.22000122070312,77.69999694824219,75.77999877929688,76.16000366210938,33822,0.015267447810602438,1575.75,1582.4300537109375,1572.8699951171875,1575.75,0,0.000571335266628136
2024-08-23,79.0199966430664,79.26000213623047,77.05000305175781,77.12000274658203,19275,0.023042435856957033,1575.0799560546875,1588.8499755859375,1573.8599853515625,1575.0799560546875,0,-0.0004253126730151709
2024-08-26,81.43000030517578,81.58000183105469,79.23999786376953,79.31999969482422,25997,0.030042816725578462,1592.469970703125,1589.5,1569.3199462890625,1574.5,0,0.010980214846989834
2024-08-27,79.55000305175781,81.56999969482422,79.4800033569336,81.22000122070312,21261,-0.02335796608018862,1589.5,1590.260009765625,1588.010009765625,1589.5,0,-0.001866750216336764
2024-08-28,78.6500015258789,80.01000213623047,77.93000030517578,79.83999633789062,16512,-0.011378144241395544,1589.449951171875,1599.449951171875,1588.02001953125,1589.449951171875,0,-3.148764774395361e-05
2024-08-29,79.94000244140625,80.79000091552734,78.11000061035156,78.36000061035156,9726,0.01626873491849767,1589.68994140625,1596.5400390625,1589.0400390625,1590.760009765625,0,0.00015097809026347399
2024-08-30,78.80000305175781,80.5,78.5999984741211,79.5199966430664,50268,-0.014363348231936773,1591.72998046875,1598.6300048828125,1589.510009765625,1591.72998046875,0,0.001282470967182082
2024-09-03,73.75,77.61000061035156,73.5199966430664,76.88999938964844,70646,-0.06623204037179452,1589.469970703125,1599.9200439453125,1589.3299560546875,1589.469970703125,0,-0.003473127337757045
2024-09-04,72.69999694824219,74.79000091552734,72.3499984741211,73.68000030517578,56979,-0.014339652657867852,1589.5,1604.93994140625,1588.6099853515625,1589.5,0,1.889246966943288e-05
2024-09-05,72.69000244140625,74.18000030517578,72.36000061035156,72.62000274658203,47879,-0.00013748547896886746,1602.489990234375,1607.5999755859375,1602.489990234375,1602.489990234375,0,0.008139162080855505
2024-09-06,71.05999755859375,73.5199966430664,70.62000274658203,72.8499984741211,36035,-0.022679300847181554,1603.5699462890625,1613.469970703125,1603.469970703125,1603.5699462890625,0,0.0006736967598335517
2024-09-09,71.83999633789062,72.22000122070312,70.6500015258789,71.5199966430664,35995,0.010916816782121919,1613.469970703125,1647.0,1606.280029296875,1613.469970703125,0,0.006154760849388585
2024-09-10,69.19000244140625,72.26000213623047,68.69000244140625,71.9000015258789,47963,-0.03758499422177757,1644.77001953125,1645.18994140625,1644.5,1644.77001953125,0,0.019213447628722728
2024-09-11,70.61000061035156,71.08000183105469,69.01000213623047,69.68000030517578,42995,0.020315407375982024,1644.5,1654.25,1640.719970703125,1644.5,0,-0.0001641820405459224
2024-09-12,71.97000122070312,72.86000061035156,70.58999633789062,70.72000122070312,42690,0.019077596308752567,1630.0,1657.6300048828125,1625.1199951171875,1654.5,0,-0.008856371828303677
2024-09-13,71.61000061035156,73.2300033569336,71.4800033569336,72.37000274658203,34281,-0.005014644938868862,1654.93994140625,1654.93994140625,1615.3800048828125,1654.93994140625,0,0.015184704171373499
2024-09-16,72.75,73.37999725341797,71.5199966430664,72.0199966430664,36417,0.01579416850948079,1651.280029296875,1647.81005859375,1638.5999755859375,1647.81005859375,0,-0.0022139565042610353
2024-09-17,73.69999694824219,74.2699966430664,72.16999816894531,73.01000213623047,38565,0.012973851735848209,1638.5999755859375,1643.3599853515625,1638.5699462890625,1638.5999755859375,0,-0.007708558659548546
2024-09-18,73.6500015258789,74.08999633789062,72.30999755859375,73.68000030517578,35693,-0.0006785941608353138,1640.050048828125,1646.7099609375,1628.0799560546875,1640.050048828125,0,0.0008845551223454492
2024-09-19,74.87999725341797,75.19000244140625,72.87999725341797,72.9000015258789,36126,0.016562631862939887,1638.9300537109375,1642.300048828125,1637.699951171875,1638.9300537109375,0,-0.0006831362958722654
2024-09-20,74.48999786376953,75.01000213623047,74.0,74.87999725341797,27358,-0.005221935979453926,1639.8199462890625,1649.3499755859375,1617.02001953125,1639.8199462890625,0,0.0005428243080296488
2024-09-23,73.9000015258789,75.16000366210938,73.11000061035156,74.76000213623047,29116,-0.007952010908056948,1615.010009765625,1638.780029296875,1637.4200439453125,1637.4200439453125,0,-0.015245292308034281
2024-09-24,75.16999816894531,75.87000274658203,73.97000122070312,74.27999877929688,31341,0.0170393422284844,1638.1199951171875,1638.1199951171875,1613.489990234375,1638.1199951171875,0,0.014208085187304605
2024-09-25,73.45999908447266,75.31999969482422,73.04000091552734,75.12999725341797,31571,-0.023011162901943768,1613.489990234375,1645.7900390625,1634.0999755859375,1634.0999755859375,0,-0.015149711108668452
2024-09-26,71.5999984741211,73.7699966430664,70.7699966430664,73.47000122070312,18234,-0.02564597527314244,1649.9100341796875,1659.8800048828125,1649.4200439453125,1649.9100341796875,0,0.022321232955038676
2024-09-27,71.9800033569336,72.36000061035156,70.93000030517578,71.23999786376953,7872,0.005293296632474206,1652.9000244140625,1667.989990234375,1651.6700439453125,1652.9000244140625,0,0.0018105740252335229
2024-09-30,71.7699966430664,73.0999984741211,71.38999938964844,71.83999633789062,41928,-0.0029218346194295696,1667.1099853515625,1669.5,1643.0,1667.989990234375,0,0.008560243895926072
2024-10-01,73.55999755859375,75.44999694824219,69.91000366210938,72.0,90111,0.02463485187831503,1668.989990234375,1672.8399658203125,1667.8299560546875,1668.989990234375,0,0.0011270675912483513
2024-10-02,73.9000015258789,76.12999725341797,73.58999633789062,74.4000015258789,53911,0.004611482055242054,1667.8299560546875,1670.0999755859375,1667.8299560546875,1667.8299560546875,0,-0.0006952932702951077
2024-10-03,77.62000274658203,77.97000122070312,74.30999755859375,74.7300033569336,68997,0.049112312723694575,1670.239990234375,1670.56005859375,1644.5,1670.239990234375,0,0.0014439689025207187
2024-10-04,78.05000305175781,79.30000305175781,77.38999938964844,77.98999786376953,57481,0.005524524735738198,1657.1700439453125,1663.6500244140625,1619.5,1657.1700439453125,0,-0.007855968079512408
2024-10-07,80.93000030517578,81.16000366210938,77.26000213623047,78.01000213623047,55050,0.03623490121699517,1657.3599853515625,1657.3599853515625,1614.5,1657.3599853515625,0,0.00011461136558065977
2024-10-08,77.18000030517578,82.08000183105469,76.37000274658203,81.16000366210938,66184,-0.04744422721492033,1619.0999755859375,1657.3599853515625,1618.300048828125,1657.3599853515625,0,-0.023355541885296476
2024-10-09,76.58000183105469,78.0199966430664,75.1500015258789,77.5199966430664,46931,-0.007804390104051903,1619.6800537109375,1624.3299560546875,1619.5999755859375,1619.6800537109375,0,0.0003582077979705728
2024-10-10,79.4000015258789,79.72000122070312,76.73999786376953,76.75,43562,0.036162417511209036,1620.0,1623.8800048828125,1619.7900390625,1620.0,0,0.00019751721453852743
2024-10-11,79.04000091552734,79.48999786376953,78.05000305175781,79.2300033569336,44341,-0.004544322448007127,1619.7900390625,1623.6800537109375,1619.5899658203125,1619.7900390625,0,-0.00012961391649604555
2024-10-14,77.45999908447266,78.5999984741211,75.38999938964844,78.5999984741211,35593,-0.02019240275545151,1621.6500244140625,1634.699951171875,1618.489990234375,1618.489990234375,0,0.0011476291520314463
2024-10-15,74.25,75.62999725341797,73.33000183105469,75.20999908447266,47877,-0.04232388458444073,1634.699951171875,1635.510009765625,1631.77001953125,1634.699951171875,0,0.008015106925419438
2024-10-16,74.22000122070312,74.91999816894531,73.41999816894531,74.72000122070312,40980,-0.0004041056032662,1634.5,1644.6800537109375,1634.3399658203125,1634.5,0,-0.0001223242231192379
2024-10-17,74.44999694824219,74.91000366210938,73.25,74.5,36901,0.003094046059771714,1634.3399658203125,1636.510009765625,1634.31005859375,1634.3399658203125,0,-9.791496768803806e-05
2024-10-18,73.05999755859375,74.94000244140625,72.48999786376953,74.5199966430664,34009,-0.018846730188634263,1634.31005859375,1637.1700439453125,1634.31005859375,1634.31005859375,0,-1.8299436366706257e-05
2024-10-21,74.29000091552734,74.55999755859375,72.80000305175781,73.13999938964844,29891,0.016695377536730022,1641.02001953125,1638.550048828125,1632.1500244140625,1632.1500244140625,0,0.004097278847940082
2024-10-22,76.04000091552734,76.31999969482422,73.56999969482422,74.13999938964844,36505,0.023283164172893427,1638.550048828125,1642.8399658203125,1638.550048828125,1638.550048828125,0,-0.001506277419688989
2024-10-23,74.95999908447266,76.01000213623047,74.44000244140625,75.6500015258789,28090,-0.01430490394368236,1645.1300048828125,1645.280029296875,1640.72998046875,1645.1300048828125,0,0.00400767721217737
2024-10-24,74.37999725341797,76.52999877929688,74.0,75.20999908447266,23845,-0.007767574146049832,1642.5899658203125,1642.8599853515625,1641.8699951171875,1642.5899658203125,0,-0.0015451678309013693
2024-10-25,76.05000305175781,76.13999938964844,74.16999816894531,74.55000305175781,20056,0.022204007263037125,1645.1300048828125,1658.1700439453125,1641.050048828125,1645.1300048828125,0,0.0015451678309012216
2024-10-28,71.41999816894531,74.0,71.16999816894531,74.0,28003,-0.06281314230514903,1644.5,1642.760009765625,1629.0,1642.760009765625,0,-0.00038302477152726605
2024-10-29,71.12000274658203,72.56999969482422,70.7300033569336,72.11000061035156,16776,-0.0042092867038290025,1642.2900390625,1682.0,1642.2900390625,1642.2900390625,0,-0.0013447535402440795
2024-10-30,72.55000305175781,73.08000183105469,71.16000366210938,71.31999969482422,11034,0.019907391569766626,1647.6300048828125,1647.6300048828125,1640.68994140625,1647.6300048828125,0,0.003246261573812202
2024-10-31,73.16000366210938,73.36000061035156,72.37000274658203,72.76000213623047,36772,0.008372852184436027,1646.1300048828125,1652.1600341796875,1641.239990234375,1646.1300048828125,0,-0.0009108132342673628
2024-11-01,73.0999984741211,74.94999694824219,72.88999938964844,74.12999725341797,32059,-0.0008205276969572613,1642.2900390625,1646.1199951171875,1641.8599853515625,1642.2900390625,0,-0.002335448339544699
2024-11-04,75.08000183105469,75.38999938964844,73.7300033569336,73.7300033569336,31292,0.026725890224480225,1647.0,1645.8299560546875,1640.3299560546875,1641.739990234375,0,0.0028638180887726864
2024-11-05,75.52999877929688,76.2300033569336,74.91999816894531,75.19999694824219,40233,0.005975676057168695,1643.2900390625,1663.1400146484375,1643.2900390625,1643.2900390625,0,-0.002255097554133291
2024-11-06,74.91999816894531,76.01000213623047,73.3499984741211,75.48999786376953,57996,-0.00810905902776955,1661.219970703125,1681.550048828125,1661.219970703125,1661.219970703125,0,0.010851900914384139
2024-11-07,75.62999725341797,76.06999969482422,74.05000305175781,75.11000061035156,41262,0.009432140416142947,1672.9000244140625,1698.530029296875,1672.9000244140625,1672.9000244140625,0,0.007006407393200129
2024-11-08,73.87000274658203,75.62000274658203,73.44000244140625,75.5199966430664,35855,-0.023546164829960876,1681.030029296875,1682.7099609375,1671.8499755859375,1681.030029296875,0,0.00484805626613648
2024-11-11,71.83000183105469,74.12999725341797,71.58999633789062,73.73999786376953,33838,-0.028004587143724242,1667.5799560546875,1702.22998046875,1665.989990234375,1679.780029296875,0,-0.008033270899013704
2024-11-12,71.88999938964844,72.81999969482422,71.55999755859375,71.91999816894531,38295,0.0008349229274907661,1672.77001953125,1679.27001953125,1664.1300048828125,1672.77001953125,0,0.0031074993285165335
2024-11-13,72.27999877929688,72.62000274658203,70.75,71.77999877929688,43666,0.005410284329790983,1672.1800537109375,1697.1300048828125,1672.1800537109375,1672.1800537109375,0,-0.0003527501538211375
2024-11-14,72.55999755859375,73.22000122070312,71.80000305175781,71.98999786376953,32367,0.0038663233246620517,1676.9599609375,1683.97998046875,1676.9599609375,1676.9599609375,0,0.002854410655318816
2024-11-15,71.04000091552734,72.47000122070312,70.83999633789062,72.43000030517578,30126,-0.021170660588751933,1679.4599609375,1679.4599609375,1661.4200439453125,1679.4599609375,0,0.001489682769447542
2024-11-18,73.30000305175781,73.45999908447266,70.69999694824219,70.87999725341797,30425,0.03131753895500344,1665.3199462890625,1697.0,1662.4300537109375,1666.1300048828125,0,-0.00845502501011607
2024-11-19,73.30999755859375,73.87000274658203,72.61000061035156,73.18000030517578,32668,0.0001363414065864249,1667.530029296875,1679.6600341796875,1658.5,1658.739990234375,0,0.0013262423139045302
2024-11-20,72.80999755859375,73.94000244140625,72.69999694824219,73.33999633789062,26041,-0.006843717057570064,1678.8499755859375,1679.4599609375,1674.31005859375,1678.8499755859375,0,0.006765513450787421
2024-11-21,74.2300033569336,74.37000274658203,72.91000366210938,73.12000274658203,35756,0.019315151477437786,1682.5400390625,1692.8599853515625,1677.760009765625,1680.0899658203125,0,0.002195558946033853
2024-11-22,75.16999816894531,75.41999816894531,73.51000213623047,74.29000091552734,29569,0.012583764477665318,1693.6800537109375,1693.6800537109375,1684.800048828125,1684.800048828125,0,0.0065991284749633075
2024-11-25,73.01000213623047,75.30999755859375,72.8499984741211,75.20999908447266,29335,-0.02915574350311125,1696.199951171875,1692.6400146484375,1679.3499755859375,1692.6400146484375,0,0.0014867180675766783
2024-11-26,72.80999755859375,74.33000183105469,72.12000274658203,73.12000274658203,17616,-0.002743172451991986,1682.6300048828125,1682.6300048828125,1678.27001953125,1682.6300048828125,0,-0.00803237773165729
2024-11-27,72.83000183105469,73.3499984741211,72.2699966430664,72.94000244140625,10246,0.0002747084958880715,1691.77001953125,1691.77001953125,1684.56005859375,1691.77001953125,0,0.005417281255877532
2024-11-29,72.94000244140625,73.5,72.12000274658203,72.91999816894531,45282,0.0015092354806524578,1685.6500244140625,1685.6500244140625,1665.97998046875,1685.6500244140625,0,-0.0022991405081953073
2024-12-02,71.83000183105469,72.87999725341797,71.5199966430664,71.73999786376953,31283,-0.015334977273752324,1683.449951171875,1684.97998046875,1662.530029296875,1680.8199462890625,0,-0.0013060304359355202
2024-12-03,73.62000274658203,73.9000015258789,71.69000244140625,71.86000061035156,40365,0.024614523680213763,1675.9599609375,1675.9599609375,1651.06005859375,1675.9599609375,0,-0.004459118024341044
2024-12-04,72.30999755859375,74.26000213623047,72.25,73.80999755859375,36988,-0.01795436683461857,1657.6800537109375,1667.010009765625,1627.81005859375,1657.6800537109375,0,-0.010967045251139656
2024-12-05,72.08999633789062,72.9000015258789,71.80000305175781,72.44999694824219,32373,-0.00304711080645381,1627.56005859375,1633.4200439453125,1593.25,1627.56005859375,0,-0.01833707008649669
2024-12-06,71.12000274658203,72.2300033569336,70.83000183105469,72.16999816894531,27572,-0.013546657792723805,1605.9000244140625,1614.18994140625,1578.6300048828125,1605.9000244140625,0,-0.013397634493425875
2024-12-09,72.13999938964844,72.6500015258789,70.95999908447266,71.04000091552734,25921,0.014240037190108341,1578.6300048828125,1581.81005859375,1569.93994140625,1579.31005859375,0,-0.017126976902459824
2024-12-10,72.19000244140625,72.72000122070312,71.52999877929688,71.93000030517578,32220,0.0006928989555049538,1574.2900390625,1576.81005859375,1569.93994140625,1574.2900390625,0,-0.0027529835840061764
2024-12-11,73.5199966430664,73.73999786376953,72.0199966430664,72.02999877929688,35954,0.018255866417045095,1576.81005859375,1577.699951171875,1548.6500244140625,1576.81005859375,0,0.0015994541527652043
2024-12-12,73.41000366210938,73.9800033569336,72.43000030517578,73.58999633789062,36231,-0.0014972163788985707,1548.6500244140625,1551.7900390625,1538.050048828125,1540.06005859375,0,-0.018020256513159867
2024-12-13,74.48999786376953,74.58999633789062,73.2699966430664,73.43000030517578,26225,0.014604643501710098,1548.3699951171875,1550.72998046875,1540.1600341796875,1548.3699951171875,0,-0.00018083789957584563
2024-12-16,73.91000366210938,74.54000091552734,73.69999694824219,74.51000213623047,25458,-0.007816673165080569,1547.6099853515625,1551.5400390625,1538.31005859375,1539.1500244140625,0,-0.0004909655654662595
2024-12-17,73.19000244140625,74.18000030517578,72.45999908447266,73.86000061035156,26356,-0.009789353374783484,1541.9300537109375,1552.68994140625,1541.9300537109375,1541.9300537109375,0,-0.0036768826219736282
2024-12-18,73.38999938964844,74.19000244140625,72.80000305175781,73.33999633789062,25873,0.00272884527018541,1552.5899658203125,1556.280029296875,1547.9000244140625,1552.5899658203125,0,0.006889568790948954
2024-12-19,72.87999725341797,73.87000274658203,72.52999877929688,72.93000030517578,27742,-0.006973462975081408,1555.6300048828125,1555.6300048828125,1544.9599609375,1544.9599609375,0,0.001956129270471156
2024-12-20,72.94000244140625,73.27999877929688,71.97000122070312,72.70999908447266,25362,0.0008230035866250031,1553.0699462890625,1555.93994140625,1536.9300537109375,1553.0699462890625,0,-0.0016470287983299282
2024-12-23,72.62999725341797,73.37000274658203,71.9800033569336,72.83000183105469,20997,-0.004259197049971501,1549.0400390625,1548.510009765625,1542.93994140625,1547.5699462890625,0,-0.002598173187013904
2024-12-24,73.58000183105469,73.80999755859375,72.77999877929688,72.83999633789062,8922,0.012995252759856623,1548.510009765625,1548.510009765625,1541.4300537109375,1548.510009765625,0,-0.0003422248510551474
2024-12-26,73.26000213623047,74.18000030517578,72.9800033569336,73.77999877929688,5773,-0.0043584880516078055,1540.6600341796875,1541.5799560546875,1540.6600341796875,1540.6600341796875,0,-0.0004996736145361549
2024-12-27,74.16999816894531,74.33999633789062,73.06999969482422,73.13999938964844,5515,0.012344944550955238,1541.5799560546875,1552.0,1541.5799560546875,1541.5799560546875,0,0.0005969177645021572
2024-12-30,74.38999938964844,75.04000091552734,73.76000213623047,74.2300033569336,30436,0.0029617849372990854,1548.27001953125,1549.199951171875,1542.7900390625,1548.5,0,0.004330355184714933
