Price,Close,High,Low,Open,Volume
Ticker,NGN=X,NGN=X,NGN=X,NGN=X,NGN=X
Date,,,,,
2014-01-01,160.0,158.08999633789062,158.08999633789062,158.08999633789062,0
2014-01-02,158.08999633789062,158.75,156.61000061035156,157.91000366210938,0
2014-01-03,158.64999389648438,158.64999389648438,156.44000244140625,156.6699981689453,0
2014-01-06,157.08999633789062,159.25,156.97999572753906,157.05999755859375,0
2014-01-07,159.10000610351562,159.10000610351562,156.9600067138672,156.9600067138672,0
2014-01-08,159.6999969482422,159.6999969482422,157.35000610351562,157.97000122070312,0
2014-01-09,159.5,159.5,156.8000030517578,157.49000549316406,0
2014-01-10,158.6999969482422,158.6999969482422,157.24000549316406,157.24000549316406,0
2014-01-13,156.3800048828125,159.60000610351562,156.38999938964844,156.4199981689453,0
2014-01-14,159.5,159.5,157.38999938964844,157.42999267578125,0
2014-01-15,159.5,159.5,157.52999877929688,157.91000366210938,0
2014-01-16,159.1999969482422,159.1999969482422,157.47999572753906,157.8000030517578,0
2014-01-17,159.1999969482422,158.0500030517578,157.6300048828125,157.6300048828125,0
2014-01-20,158.7100067138672,159.02000427246094,157.27000427246094,158.85000610351562,0
2014-01-21,157.27000427246094,157.3699951171875,157.13999938964844,157.3699951171875,0
2014-01-22,159.1999969482422,159.3000030517578,157.27000427246094,159.3000030517578,0
2014-01-23,159.5,157.64999389648438,157.38999938964844,157.38999938964844,0
2014-01-24,159.89999389648438,159.89999389648438,157.0399932861328,157.0399932861328,0
2014-01-27,158.9600067138672,161.02999877929688,158.89999389648438,158.89999389648438,0
2014-01-28,162.10000610351562,162.10000610351562,160.91000366210938,160.97999572753906,0
2014-01-29,162.0,160.6699981689453,159.97000122070312,160.6699981689453,0
2014-01-30,162.6999969482422,161.02000427246094,160.02999877929688,160.02999877929688,0
2014-01-31,162.1999969482422,162.1999969482422,160.10000610351562,161.58999633789062,0
2014-02-03,160.83999633789062,162.3000030517578,160.61000061035156,160.86000061035156,0
2014-02-04,162.10000610351562,162.10000610351562,160.41000366210938,160.41000366210938,0
2014-02-05,162.60000610351562,160.97000122070312,160.6300048828125,160.97000122070312,0
2014-02-06,163.1999969482422,163.25,160.75999450683594,160.77000427246094,0
2014-02-07,163.10000610351562,163.10000610351562,159.8800048828125,159.8800048828125,0
2014-02-10,160.3800048828125,163.0500030517578,160.47000122070312,160.55999755859375,0
2014-02-11,162.0,162.61000061035156,161.27000427246094,161.27000427246094,0
2014-02-12,162.61000061035156,164.0,162.39999389648438,162.75,0
2014-02-13,164.5,164.5,162.27000427246094,162.27000427246094,0
2014-02-14,163.16000366210938,164.3000030517578,160.69000244140625,163.1300048828125,0
2014-02-17,160.92999267578125,161.42999267578125,160.72999572753906,160.8300018310547,0
2014-02-18,161.42999267578125,164.3000030517578,160.8300018310547,161.44000244140625,0
2014-02-19,162.75,162.75,160.39999389648438,160.39999389648438,0
2014-02-20,163.5,165.74000549316406,161.72999572753906,161.72999572753906,0
2014-02-21,165.0,165.5500030517578,162.3000030517578,165.5500030517578,0
2014-02-24,161.91000366210938,164.4499969482422,161.9199981689453,161.9199981689453,0
2014-02-25,164.3000030517578,165.5,161.5,163.61000061035156,0
2014-02-26,165.5,165.5,161.57000732421875,161.57000732421875,0
2014-02-27,164.6999969482422,163.6300048828125,163.6199951171875,163.6300048828125,0
2014-02-28,165.0,165.0,162.72000122070312,162.72000122070312,0
2014-03-03,162.88999938964844,165.10000610351562,162.5800018310547,163.22000122070312,0
2014-03-04,163.8000030517578,164.5,161.99000549316406,162.9499969482422,0
2014-03-05,164.39999389648438,164.39999389648438,161.50999450683594,162.22000122070312,0
2014-03-06,163.6999969482422,164.4499969482422,162.0500030517578,163.6999969482422,0
2014-03-07,164.39999389648438,164.39999389648438,160.8300018310547,160.8300018310547,0
2014-03-10,162.72000122070312,164.25,162.66000366210938,162.74000549316406,0
2014-03-11,164.3000030517578,164.3000030517578,162.8000030517578,162.85000610351562,0
2014-03-12,165.0,165.0,162.49000549316406,162.77000427246094,0
2014-03-13,164.5,164.5,162.16000366210938,162.16000366210938,0
2014-03-14,164.60000610351562,164.60000610351562,162.49000549316406,164.0,0
2014-03-17,162.13999938964844,162.74000549316406,162.22000122070312,162.25,0
2014-03-18,164.6999969482422,164.6999969482422,162.1999969482422,162.1999969482422,0
2014-03-19,164.1999969482422,164.1999969482422,162.35000610351562,162.6300048828125,0
2014-03-20,164.60000610351562,164.8000030517578,162.6300048828125,163.42999267578125,0
2014-03-21,164.60000610351562,165.0,162.5,162.5,0
2014-03-24,162.83999633789062,164.85000610351562,162.86000061035156,162.91000366210938,0
2014-03-25,164.6999969482422,164.6999969482422,162.0,162.0,0
2014-03-26,165.0,164.75,162.69000244140625,162.97000122070312,0
2014-03-27,164.6999969482422,164.6999969482422,162.6999969482422,162.7100067138672,0
2014-03-28,164.6999969482422,164.9499969482422,162.8699951171875,162.8699951171875,0
2014-03-31,162.63999938964844,164.85000610351562,162.63999938964844,162.66000366210938,0
2014-04-01,164.85000610351562,164.85000610351562,163.02000427246094,163.02000427246094,0
2014-04-02,164.8000030517578,162.5500030517578,161.97999572753906,162.5500030517578,0
2014-04-03,162.2100067138672,164.8000030517578,161.49000549316406,161.49000549316406,0
2014-04-04,163.4499969482422,163.4499969482422,161.77999877929688,161.92999267578125,0
2014-04-07,161.85000610351562,161.83999633789062,161.60000610351562,161.83999633789062,0
2014-04-08,163.6999969482422,163.75,161.3699951171875,161.4499969482422,0
2014-04-09,163.64999389648438,163.64999389648438,161.0500030517578,161.0500030517578,0
2014-04-10,162.8000030517578,162.8000030517578,159.02999877929688,160.7100067138672,0
2014-04-11,160.6999969482422,160.89999389648438,158.75,158.8300018310547,0
2014-04-14,159.27999877929688,161.17999267578125,158.89999389648438,159.25999450683594,0
2014-04-15,161.0500030517578,161.0500030517578,159.5800018310547,159.60000610351562,0
2014-04-16,161.5,161.5,159.47000122070312,159.47000122070312,0
2014-04-17,161.0,162.25,160.05999755859375,160.05999755859375,0
2014-04-18,162.1999969482422,162.25,160.5500030517578,160.66000366210938,0
2014-04-21,160.6199951171875,162.25,160.52000427246094,160.6199951171875,0
2014-04-22,162.1999969482422,162.1999969482422,160.02999877929688,160.86000061035156,0
2014-04-23,162.0,162.0,159.5399932861328,160.22000122070312,0
2014-04-24,161.5,161.5,158.82000732421875,159.8300018310547,0
2014-04-25,160.89999389648438,160.89999389648438,158.72000122070312,158.72000122070312,0
2014-04-28,160.6999969482422,160.9499969482422,158.7899932861328,158.7899932861328,0
2014-04-29,160.9499969482422,160.9499969482422,158.5500030517578,159.00999450683594,0
2014-04-30,160.60000610351562,160.60000610351562,158.42999267578125,159.07000732421875,0
2014-05-01,160.60000610351562,160.60000610351562,157.77999877929688,157.97000122070312,0
2014-05-02,160.5,160.5,157.75999450683594,157.97999572753906,0
2014-05-05,159.60000610351562,159.60000610351562,156.74000549316406,157.61000061035156,0
2014-05-06,158.64999389648438,158.64999389648438,156.8300018310547,156.8300018310547,0
2014-05-07,161.5,161.9499969482422,156.9199981689453,156.9199981689453,0
2014-05-08,161.8000030517578,161.8000030517578,159.4499969482422,159.4499969482422,0
2014-05-09,160.8000030517578,161.1999969482422,159.0500030517578,160.64999389648438,0
2014-05-12,161.0,161.0,159.25,159.44000244140625,0
2014-05-13,161.0,161.0,159.8800048828125,159.8800048828125,0
2014-05-14,162.39999389648438,162.39999389648438,159.88999938964844,159.88999938964844,0
2014-05-15,162.1999969482422,162.4499969482422,160.42999267578125,160.42999267578125,0
2014-05-16,162.3000030517578,162.3000030517578,159.85000610351562,159.89999389648438,0
2014-05-19,159.80999755859375,162.50999450683594,159.63999938964844,159.75,0
2014-05-20,162.5,163.0500030517578,160.22999572753906,160.22999572753906,0
2014-05-21,163.0,163.0,161.0399932861328,161.0399932861328,0
2014-05-22,162.3000030517578,162.3000030517578,159.58999633789062,161.19000244140625,0
2014-05-23,162.00999450683594,162.3000030517578,159.86000061035156,159.86000061035156,0
2014-05-26,162.10000610351562,160.1999969482422,160.0500030517578,160.1999969482422,0
2014-05-27,160.0500030517578,162.64999389648438,160.44000244140625,160.44000244140625,0
2014-05-28,160.57000732421875,162.60000610351562,160.25,160.25,0
2014-05-29,162.5,162.60000610351562,160.4600067138672,160.55999755859375,0
2014-05-30,162.60000610351562,162.64999389648438,160.58999633789062,160.6199951171875,0
2014-06-02,162.5500030517578,162.5500030517578,159.75,160.3699951171875,0
2014-06-03,162.2100067138672,162.4600067138672,159.89999389648438,159.89999389648438,0
2014-06-04,162.25,162.64999389648438,160.1300048828125,160.1300048828125,0
2014-06-05,162.60000610351562,162.9499969482422,160.5,160.5,0
2014-06-06,162.6999969482422,163.35000610351562,162.38999938964844,162.38999938964844,0
2014-06-09,162.2899932861328,163.10000610351562,160.50999450683594,160.50999450683594,0
2014-06-10,162.60000610351562,163.10000610351562,160.72999572753906,160.8699951171875,0
2014-06-11,162.60000610351562,161.22999572753906,160.80999755859375,160.80999755859375,0
2014-06-12,162.8000030517578,161.35000610351562,161.16000366210938,161.19000244140625,0
2014-06-13,163.1999969482422,163.58999633789062,160.99000549316406,160.99000549316406,0
2014-06-16,163.5,163.5,160.83999633789062,161.3699951171875,0
2014-06-17,162.5500030517578,163.10000610351562,160.6199951171875,160.6199951171875,0
2014-06-18,163.0,163.39999389648438,160.9199981689453,160.9199981689453,0
2014-06-19,163.1999969482422,163.1999969482422,160.8300018310547,160.8300018310547,0
2014-06-20,163.10000610351562,161.24000549316406,160.67999267578125,161.24000549316406,0
2014-06-23,160.64999389648438,162.6999969482422,160.4199981689453,160.42999267578125,0
2014-06-24,160.25,162.64999389648438,160.52999877929688,160.52999877929688,0
2014-06-25,162.60000610351562,162.60000610351562,160.5399932861328,160.72000122070312,0
2014-06-26,162.5500030517578,162.6999969482422,160.25999450683594,160.25999450683594,0
2014-06-27,162.6999969482422,163.0,160.83999633789062,160.97000122070312,0
2014-06-30,163.00999450683594,163.00999450683594,160.39999389648438,160.4600067138672,0
2014-07-01,162.8000030517578,162.8000030517578,160.25,160.25,0
2014-07-02,162.64999389648438,163.0500030517578,160.6699981689453,160.6699981689453,0
2014-07-03,163.0,163.0,160.30999755859375,160.77999877929688,0
2014-07-04,162.5,160.83999633789062,160.36000061035156,160.83999633789062,0
2014-07-07,160.36000061035156,162.5,160.38999938964844,160.38999938964844,0
2014-07-08,162.60000610351562,162.60000610351562,160.3800048828125,160.3800048828125,0
2014-07-09,162.35000610351562,162.39999389648438,160.05999755859375,160.05999755859375,0
2014-07-10,159.88999938964844,162.10000610351562,160.0800018310547,160.0800018310547,0
2014-07-11,162.0,162.3000030517578,160.24000549316406,160.25999450683594,0
2014-07-14,162.1999969482422,162.1999969482422,160.11000061035156,160.24000549316406,0
2014-07-15,162.0500030517578,162.0500030517578,159.6999969482422,160.1999969482422,0
2014-07-16,161.8000030517578,161.8000030517578,159.72999572753906,160.22000122070312,0
2014-07-17,161.6999969482422,161.6999969482422,159.61000061035156,159.82000732421875,0
2014-07-18,162.6999969482422,159.82000732421875,159.6999969482422,159.6999969482422,0
2014-07-21,159.72999572753906,161.94000244140625,159.72999572753906,159.72999572753906,0
2014-07-22,161.89999389648438,161.89999389648438,159.8800048828125,159.8800048828125,0
2014-07-23,160.22999572753906,162.10000610351562,159.77000427246094,162.10000610351562,0
2014-07-24,162.0,162.0,159.83999633789062,159.83999633789062,0
2014-07-25,162.0500030517578,161.8000030517578,159.7899932861328,159.7899932861328,0
2014-07-28,161.60000610351562,161.9499969482422,159.77000427246094,160.0500030517578,0
2014-07-29,161.8000030517578,161.9499969482422,159.5500030517578,159.77999877929688,0
2014-07-30,161.85000610351562,161.85000610351562,159.6300048828125,159.86000061035156,0
2014-07-31,161.6999969482422,161.89999389648438,159.47000122070312,159.67999267578125,0
2014-08-01,161.8000030517578,161.8000030517578,159.25,159.4499969482422,0
2014-08-04,161.25,161.25,158.85000610351562,158.85000610351562,0
2014-08-05,161.0,161.0,160.75,161.0,0
2014-08-06,158.58999633789062,161.5800018310547,158.94000244140625,158.94000244140625,0
2014-08-07,161.5,162.35000610351562,158.49000549316406,158.49000549316406,0
2014-08-08,162.3000030517578,162.3000030517578,160.39999389648438,160.39999389648438,0
2014-08-11,162.60000610351562,162.60000610351562,160.39999389648438,160.5500030517578,0
2014-08-12,162.39999389648438,162.39999389648438,159.80999755859375,160.5399932861328,0
2014-08-13,162.0,159.52000427246094,159.42999267578125,159.52000427246094,0
2014-08-14,161.8000030517578,162.3000030517578,159.3699951171875,159.3699951171875,0
2014-08-15,162.1999969482422,162.1999969482422,160.0800018310547,160.16000366210938,0
2014-08-18,159.91000366210938,160.0,160.0,160.0,0
2014-08-19,160.0,160.4199981689453,159.86000061035156,160.4199981689453,0
2014-08-20,159.86000061035156,160.17999267578125,159.91000366210938,160.17999267578125,0
2014-08-21,159.91000366210938,160.14999389648438,159.80999755859375,160.14999389648438,0
2014-08-22,159.80999755859375,159.69000244140625,159.64999389648438,159.64999389648438,0
2014-08-25,159.69000244140625,160.52000427246094,159.8800048828125,160.52000427246094,0
2014-08-26,159.97999572753906,160.0500030517578,159.63999938964844,160.0500030517578,0
2014-08-27,159.63999938964844,160.0,159.77000427246094,160.0,0
2014-08-28,159.6300048828125,159.66000366210938,159.6300048828125,159.6300048828125,0
2014-08-29,159.69000244140625,160.16000366210938,159.69000244140625,159.69000244140625,0
2014-09-01,160.7899932861328,160.83999633789062,160.00999450683594,160.83999633789062,0
2014-09-02,160.11000061035156,160.16000366210938,160.11000061035156,160.11000061035156,0
2014-09-03,159.91000366210938,160.16000366210938,159.9499969482422,159.9499969482422,0
2014-09-04,160.16000366210938,160.2100067138672,160.13999938964844,160.13999938964844,0
2014-09-05,162.52000427246094,162.6300048828125,159.9499969482422,162.6300048828125,0
2014-09-08,159.9499969482422,162.1999969482422,159.8300018310547,159.94000244140625,0
2014-09-09,162.0,162.14999389648438,160.22999572753906,160.50999450683594,0
2014-09-10,159.5800018310547,162.6999969482422,159.5800018310547,159.5800018310547,0
2014-09-11,160.8800048828125,162.6999969482422,160.82000732421875,160.82000732421875,0
2014-09-12,162.60000610351562,162.8000030517578,160.57000732421875,160.94000244140625,0
2014-09-15,160.10000610351562,163.10000610351562,160.19000244140625,160.19000244140625,0
2014-09-16,163.0,162.8000030517578,160.67999267578125,160.67999267578125,0
2014-09-17,160.77999877929688,163.35000610351562,160.7899932861328,160.7899932861328,0
2014-09-18,162.92999267578125,163.60000610351562,161.5500030517578,162.75,0
2014-09-19,161.0399932861328,163.5,161.1300048828125,161.1300048828125,0
2014-09-22,161.91000366210938,163.39999389648438,161.47000122070312,161.47000122070312,0
2014-09-23,161.39999389648438,163.1999969482422,161.36000061035156,161.36000061035156,0
2014-09-24,161.97999572753906,162.60000610351562,161.75999450683594,161.9499969482422,0
2014-09-25,162.57000732421875,162.58999633789062,161.22999572753906,162.58999633789062,0
2014-09-26,160.77000427246094,163.89999389648438,160.7899932861328,160.7899932861328,0
2014-09-29,162.35000610351562,163.85000610351562,161.8300018310547,162.39999389648438,0
2014-09-30,161.7899932861328,163.8000030517578,161.64999389648438,161.80999755859375,0
2014-10-01,160.99000549316406,163.8000030517578,160.99000549316406,160.99000549316406,0
2014-10-02,160.99000549316406,164.10000610351562,160.8800048828125,160.94000244140625,0
2014-10-03,164.0500030517578,164.25,161.33999633789062,161.33999633789062,0
2014-10-06,163.58999633789062,164.35000610351562,162.0,163.57000732421875,0
2014-10-07,160.6300048828125,164.47000122070312,160.8699951171875,160.8699951171875,0
2014-10-08,161.17999267578125,164.5,161.27000427246094,161.27000427246094,0
2014-10-09,164.39999389648438,164.8300018310547,161.3699951171875,161.3699951171875,0
2014-10-10,163.3800048828125,163.41000366210938,162.30999755859375,163.41000366210938,0
2014-10-13,162.8000030517578,164.8300018310547,161.83999633789062,162.66000366210938,0
2014-10-14,161.1300048828125,164.0800018310547,161.44000244140625,161.44000244140625,0
2014-10-15,161.83999633789062,162.0,161.7100067138672,162.0,0
2014-10-16,159.49000549316406,164.4499969482422,159.3300018310547,159.5500030517578,0
2014-10-17,161.58999633789062,165.25,161.50999450683594,161.5800018310547,0
2014-10-20,165.1999969482422,165.1999969482422,162.7100067138672,162.9600067138672,0
2014-10-21,165.14999389648438,165.14999389648438,162.47999572753906,162.47999572753906,0
2014-10-22,163.6199951171875,163.63999938964844,163.3800048828125,163.63999938964844,0
2014-10-23,165.0,165.0,163.39999389648438,164.22000122070312,0
2014-10-24,165.0,164.5500030517578,162.19000244140625,163.60000610351562,0
2014-10-27,161.9600067138672,162.24000549316406,161.6999969482422,161.6999969482422,0
2014-10-28,162.0,163.10000610351562,161.8699951171875,161.89999389648438,0
2014-10-29,162.63999938964844,162.75999450683594,162.64999389648438,162.67999267578125,0
2014-10-30,164.00999450683594,164.16000366210938,163.4199981689453,164.16000366210938,0
2014-10-31,163.4199981689453,163.1999969482422,163.0399932861328,163.0399932861328,0
2014-11-03,163.91000366210938,164.60000610351562,164.22999572753906,164.60000610351562,0
2014-11-04,165.64999389648438,163.8800048828125,163.22999572753906,163.22999572753906,0
2014-11-05,163.4199981689453,164.11000061035156,163.30999755859375,163.30999755859375,0
2014-11-06,163.99000549316406,167.69000244140625,163.57000732421875,164.02999877929688,0
2014-11-07,169.55999755859375,169.5500030517578,164.52000427246094,169.5500030517578,0
2014-11-10,163.66000366210938,164.80999755859375,163.49000549316406,163.67999267578125,0
2014-11-11,165.6300048828125,166.32000732421875,165.50999450683594,165.50999450683594,0
2014-11-12,165.6199951171875,169.60000610351562,165.83999633789062,165.83999633789062,0
2014-11-13,166.86000061035156,169.99000549316406,166.8300018310547,166.8300018310547,0
2014-11-14,169.8000030517578,171.1999969482422,168.75999450683594,169.92999267578125,0
2014-11-17,167.6999969482422,172.25,167.63999938964844,167.63999938964844,0
2014-11-18,170.3699951171875,173.14999389648438,170.0500030517578,170.13999938964844,0
2014-11-19,173.0,173.85000610351562,170.5500030517578,170.6199951171875,0
2014-11-20,173.7100067138672,176.10000610351562,171.35000610351562,171.35000610351562,0
2014-11-21,172.0500030517578,177.0500030517578,171.8300018310547,171.97999572753906,0
2014-11-24,177.0500030517578,177.0,175.00999450683594,175.00999450683594,0
2014-11-25,174.6699981689453,177.1999969482422,173.22000122070312,174.77999877929688,0
2014-11-26,172.67999267578125,174.33999633789062,172.5800018310547,172.5800018310547,0
2014-11-27,173.72000122070312,174.57000732421875,173.8000030517578,173.8000030517578,0
2014-11-28,174.8000030517578,178.64999389648438,175.02999877929688,175.02999877929688,0
2014-12-01,175.6699981689453,183.89999389648438,175.7899932861328,175.91000366210938,0
2014-12-02,183.75,181.24000549316406,180.6199951171875,180.6199951171875,0
2014-12-03,182.05999755859375,182.02000427246094,179.4499969482422,182.02000427246094,0
2014-12-04,179.39999389648438,180.52000427246094,177.72999572753906,180.52000427246094,0
2014-12-05,179.8000030517578,180.1999969482422,179.61000061035156,179.61000061035156,0
2014-12-08,180.0,182.4499969482422,180.39999389648438,180.39999389648438,0
2014-12-09,182.3000030517578,183.4499969482422,180.3000030517578,180.3000030517578,0
2014-12-10,183.3000030517578,181.66000366210938,179.1300048828125,181.66000366210938,0
2014-12-11,179.75,180.35000610351562,177.22999572753906,177.38999938964844,0
2014-12-12,180.39999389648438,179.89999389648438,178.77000427246094,178.77000427246094,0
2014-12-15,179.7100067138672,178.72999572753906,176.39999389648438,178.72999572753906,0
2014-12-16,179.85000610351562,179.89999389648438,176.27000427246094,176.27000427246094,0
2014-12-17,179.6999969482422,182.41000366210938,179.39999389648438,179.39999389648438,0
2014-12-18,179.6999969482422,185.14999389648438,184.22999572753906,184.22999572753906,0
2014-12-19,179.8000030517578,182.10000610351562,178.75,178.75,0
2014-12-22,179.75,185.64999389648438,182.19000244140625,182.63999938964844,0
2014-12-23,185.39999389648438,185.6999969482422,182.67999267578125,182.74000549316406,0
2014-12-24,185.64999389648438,183.19000244140625,179.5500030517578,183.19000244140625,0
2014-12-25,185.64999389648438,183.19000244140625,179.5500030517578,183.19000244140625,0
2014-12-26,185.64999389648438,183.19000244140625,179.5500030517578,183.19000244140625,0
2014-12-29,181.8000030517578,182.39999389648438,179.50999450683594,179.75,0
2014-12-30,182.25,182.3000030517578,180.0399932861328,180.0399932861328,0
2014-12-31,182.25,182.39999389648438,180.55999755859375,180.74000549316406,0
2015-01-01,182.3000030517578,181.3800048828125,181.3800048828125,181.3800048828125,0
2015-01-02,181.3800048828125,182.89999389648438,181.00999450683594,181.8699951171875,0
2015-01-05,182.6999969482422,183.39999389648438,181.5,182.35000610351562,0
2015-01-06,183.1999969482422,181.9499969482422,180.97999572753906,180.97999572753906,0
2015-01-07,183.60000610351562,182.27999877929688,181.35000610351562,182.27999877929688,0
2015-01-08,183.5500030517578,181.27000427246094,176.1199951171875,181.27000427246094,0
2015-01-09,178.6999969482422,180.4199981689453,175.6699981689453,175.6699981689453,0
2015-01-12,178.61000061035156,182.0,179.63999938964844,179.63999938964844,0
2015-01-13,182.0,180.4499969482422,180.0399932861328,180.0399932861328,0
2015-01-14,183.39999389648438,182.89999389648438,180.6199951171875,180.83999633789062,0
2015-01-15,183.0500030517578,183.0,180.3300018310547,180.3300018310547,0
2015-01-16,185.5500030517578,186.5,183.27000427246094,183.27000427246094,0
2015-01-19,186.60000610351562,185.97000122070312,184.1699981689453,185.97000122070312,0
2015-01-20,184.1699981689453,189.1999969482422,184.3800048828125,184.3800048828125,0
2015-01-21,188.8000030517578,189.89999389648438,186.8800048828125,186.8800048828125,0
2015-01-22,189.85000610351562,190.39999389648438,187.4199981689453,187.4199981689453,0
2015-01-23,190.39999389648438,190.5,189.6999969482422,190.5,0
2015-01-26,190.60000610351562,188.6300048828125,187.9600067138672,188.6300048828125,0
2015-01-27,191.0,191.1999969482422,188.2899932861328,188.2899932861328,0
2015-01-28,191.10000610351562,192.1999969482422,187.1199951171875,188.4499969482422,0
2015-01-29,192.1999969482422,192.25,186.5399932861328,188.30999755859375,0
2015-01-30,189.75,187.75,186.97999572753906,186.97999572753906,0
2015-02-02,187.91000366210938,190.0,186.9499969482422,187.4199981689453,0
2015-02-03,189.6999969482422,189.8000030517578,186.66000366210938,186.66000366210938,0
2015-02-04,189.64999389648438,190.33999633789062,185.02000427246094,185.02000427246094,0
2015-02-05,186.0,192.5,189.6199951171875,191.8699951171875,0
2015-02-06,192.1999969482422,193.89999389648438,188.97000122070312,188.97000122070312,0
2015-02-09,193.85000610351562,195.25,192.9600067138672,193.27999877929688,0
2015-02-10,195.35000610351562,199.25,192.6999969482422,192.6999969482422,0
2015-02-11,199.1999969482422,202.75,196.69000244140625,196.69000244140625,0
2015-02-12,203.8000030517578,204.0,201.22999572753906,201.22999572753906,0
2015-02-13,203.89999389648438,204.10000610351562,202.32000732421875,202.32000732421875,0
2015-02-16,204.0,203.10000610351562,199.4199981689453,203.10000610351562,0
2015-02-17,199.4199981689453,200.89999389648438,198.64999389648438,200.89999389648438,0
2015-02-18,199.35000610351562,199.39999389648438,196.35000610351562,199.39999389648438,0
2015-02-19,198.39999389648438,196.38999938964844,195.88999938964844,195.88999938964844,0
2015-02-20,197.0,199.39999389648438,196.11000061035156,196.86000061035156,0
2015-02-23,199.4499969482422,200.0,195.35000610351562,195.35000610351562,0
2015-02-24,199.85000610351562,200.39999389648438,196.83999633789062,196.83999633789062,0
2015-02-25,200.3000030517578,198.38999938964844,197.9199981689453,197.9199981689453,0
2015-02-26,200.0,201.0,198.0800018310547,198.0800018310547,0
2015-02-27,201.0,201.80999755859375,201.2100067138672,201.80999755859375,0
2015-03-02,200.0,202.25999450683594,199.35000610351562,202.25999450683594,0
2015-03-03,202.0,200.39999389648438,197.83999633789062,200.1199951171875,0
2015-03-04,200.35000610351562,199.60000610351562,197.02999877929688,197.4600067138672,0
2015-03-05,199.5500030517578,197.94000244140625,197.22999572753906,197.94000244140625,0
2015-03-06,199.39999389648438,199.4499969482422,196.61000061035156,197.75999450683594,0
2015-03-09,199.64999389648438,199.39999389648438,196.69000244140625,198.41000366210938,0
2015-03-10,199.3000030517578,198.6999969482422,196.52999877929688,197.22999572753906,0
2015-03-11,198.89999389648438,199.1999969482422,196.61000061035156,197.25,0
2015-03-12,199.1999969482422,197.75,196.75,197.61000061035156,0
2015-03-13,199.25,197.25,196.55999755859375,197.25,0
2015-03-16,199.3000030517578,199.0,196.6999969482422,197.97000122070312,0
2015-03-17,199.0500030517578,199.0,196.13999938964844,196.13999938964844,0
2015-03-18,198.99000549316406,199.0,196.13999938964844,197.05999755859375,0
2015-03-19,198.8000030517578,199.0,190.9600067138672,190.9600067138672,0
2015-03-20,198.89999389648438,199.0,195.83999633789062,196.92999267578125,0
2015-03-23,198.85000610351562,199.0,194.58999633789062,194.58999633789062,0
2015-03-24,198.89999389648438,199.0,195.5399932861328,195.5399932861328,0
2015-03-25,199.0,199.0,199.0,199.0,0
2015-03-26,199.0,199.0,196.25999450683594,196.4499969482422,0
2015-03-27,199.0500030517578,199.0,196.19000244140625,198.14999389648438,0
2015-03-30,199.0,199.0,195.97999572753906,196.24000549316406,0
2015-03-31,199.0,199.0,196.1999969482422,196.33999633789062,0
2015-04-01,196.25,199.10000610351562,196.22999572753906,196.22999572753906,0
2015-04-02,199.10000610351562,199.10000610351562,196.0399932861328,196.0399932861328,0
2015-04-03,195.32000732421875,195.3800048828125,195.3800048828125,195.3800048828125,0
2015-04-06,199.0,199.10000610351562,193.2100067138672,193.25999450683594,0
2015-04-07,199.10000610351562,199.0500030517578,194.1199951171875,194.1199951171875,0
2015-04-08,199.0500030517578,199.0,196.32000732421875,196.94000244140625,0
2015-04-09,199.0500030517578,199.0,196.14999389648438,197.85000610351562,0
2015-04-10,199.10000610351562,198.9499969482422,196.02999877929688,198.02999877929688,0
2015-04-13,198.89999389648438,199.0,195.52000427246094,195.52000427246094,0
2015-04-14,199.0,198.89999389648438,195.3000030517578,195.3000030517578,0
2015-04-15,199.0,199.0,195.5800018310547,195.5800018310547,0
2015-04-16,198.5500030517578,198.9499969482422,193.9600067138672,193.9600067138672,0
2015-04-17,195.25999450683594,198.89999389648438,196.35000610351562,196.35000610351562,0
2015-04-20,196.47000122070312,198.89999389648438,196.07000732421875,196.07000732421875,0
2015-04-21,198.89999389648438,198.9499969482422,195.85000610351562,195.85000610351562,0
2015-04-22,198.89999389648438,199.0,195.16000366210938,195.16000366210938,0
2015-04-23,198.75,199.0,196.19000244140625,196.19000244140625,0
2015-04-24,198.8000030517578,199.0,194.94000244140625,194.94000244140625,0
2015-04-27,195.3000030517578,198.89999389648438,196.3699951171875,196.3699951171875,0
2015-04-28,198.85000610351562,198.9499969482422,195.69000244140625,195.69000244140625,0
2015-04-29,198.8000030517578,198.89999389648438,195.69000244140625,195.69000244140625,0
2015-04-30,198.85000610351562,198.89999389648438,194.17999267578125,194.17999267578125,0
2015-05-01,198.89999389648438,198.10000610351562,194.88999938964844,195.07000732421875,0
2015-05-04,198.25,199.39999389648438,195.4499969482422,195.4499969482422,0
2015-05-05,198.9499969482422,198.9499969482422,196.0800018310547,196.0800018310547,0
2015-05-06,198.9499969482422,199.0,195.30999755859375,195.30999755859375,0
2015-05-07,198.89999389648438,199.0,194.4600067138672,194.4600067138672,0
2015-05-08,198.9499969482422,198.89999389648438,196.25,198.10000610351562,0
2015-05-11,198.89999389648438,200.0,196.25,196.6199951171875,0
2015-05-12,200.0,199.0,196.49000549316406,196.52000427246094,0
2015-05-13,199.0500030517578,198.89999389648438,196.35000610351562,197.02000427246094,0
2015-05-14,198.89999389648438,199.0,194.24000549316406,194.24000549316406,0
2015-05-15,195.66000366210938,199.0,195.91000366210938,195.91000366210938,0
2015-05-18,198.9499969482422,199.0,194.83999633789062,194.9499969482422,0
2015-05-19,198.9499969482422,198.02000427246094,196.39999389648438,198.02000427246094,0
2015-05-20,199.39999389648438,199.0,196.1199951171875,197.55999755859375,0
2015-05-21,198.9499969482422,198.9499969482422,196.11000061035156,196.11000061035156,0
2015-05-22,198.9499969482422,199.0,196.42999267578125,197.33999633789062,0
2015-05-25,199.0,199.85000610351562,195.25,199.85000610351562,0
2015-05-26,195.25,196.13999938964844,195.4199981689453,195.4199981689453,0
2015-05-27,199.0,196.72000122070312,196.13999938964844,196.72000122070312,0
2015-05-28,199.0,198.9499969482422,195.99000549316406,195.99000549316406,0
2015-05-29,199.0,196.22000122070312,195.80999755859375,195.80999755859375,0
2015-06-01,199.0,198.9499969482422,196.3000030517578,196.32000732421875,0
2015-06-02,198.9499969482422,198.9499969482422,196.02000427246094,196.25,0
2015-06-03,198.9499969482422,199.0,194.0399932861328,194.0399932861328,0
2015-06-04,199.0,198.89999389648438,193.85000610351562,193.85000610351562,0
2015-06-05,198.89999389648438,199.0,196.19000244140625,198.75999450683594,0
2015-06-08,198.89999389648438,198.57000732421875,196.02999877929688,198.36000061035156,0
2015-06-09,198.85000610351562,198.89999389648438,193.64999389648438,193.64999389648438,0
2015-06-10,198.89999389648438,198.89999389648438,195.80999755859375,195.80999755859375,0
2015-06-11,198.8000030517578,198.89999389648438,195.88999938964844,196.02999877929688,0
2015-06-12,198.8000030517578,198.89999389648438,196.4499969482422,196.6699981689453,0
2015-06-15,198.89999389648438,198.89999389648438,195.77999877929688,195.77999877929688,0
2015-06-16,198.8000030517578,199.0,195.58999633789062,195.58999633789062,0
2015-06-17,198.89999389648438,199.0,196.1199951171875,196.1199951171875,0
2015-06-18,198.8000030517578,198.89999389648438,196.1699981689453,196.1699981689453,0
2015-06-19,198.89999389648438,198.89999389648438,196.14999389648438,196.74000549316406,0
2015-06-22,195.30999755859375,196.24000549316406,195.10000610351562,195.10000610351562,0
2015-06-23,198.89999389648438,199.0,196.22999572753906,196.32000732421875,0
2015-06-24,198.89999389648438,198.9499969482422,196.36000061035156,196.36000061035156,0
2015-06-25,198.89999389648438,199.0,196.27000427246094,196.27000427246094,0
2015-06-26,198.9499969482422,198.9499969482422,196.22999572753906,196.22999572753906,0
2015-06-29,198.89999389648438,200.2899932861328,196.35000610351562,200.2899932861328,0
2015-06-30,198.89999389648438,198.9499969482422,194.69000244140625,194.69000244140625,0
2015-07-01,198.89999389648438,199.0,196.24000549316406,196.24000549316406,0
2015-07-02,198.9499969482422,198.85000610351562,196.25,197.52000427246094,0
2015-07-03,196.02000427246094,198.9499969482422,196.42999267578125,196.42999267578125,0
2015-07-06,198.89999389648438,199.0,196.24000549316406,197.92999267578125,0
2015-07-07,199.0,196.52999877929688,196.0399932861328,196.0399932861328,0
2015-07-08,198.85000610351562,196.08999633789062,195.8300018310547,195.8300018310547,0
2015-07-09,198.85000610351562,198.89999389648438,195.05999755859375,195.05999755859375,0
2015-07-10,198.89999389648438,198.9499969482422,195.9499969482422,195.9499969482422,0
2015-07-13,198.89999389648438,198.85000610351562,196.1999969482422,197.60000610351562,0
2015-07-14,198.85000610351562,198.89999389648438,196.3300018310547,197.86000061035156,0
2015-07-15,198.89999389648438,198.89999389648438,196.47999572753906,196.83999633789062,0
2015-07-16,198.89999389648438,198.85000610351562,196.1300048828125,197.92999267578125,0
2015-07-17,198.8000030517578,198.85000610351562,196.44000244140625,198.85000610351562,0
2015-07-20,197.4199981689453,198.9499969482422,196.25,197.4499969482422,0
2015-07-21,198.89999389648438,198.89999389648438,196.24000549316406,196.3300018310547,0
2015-07-22,198.9499969482422,196.27000427246094,194.8300018310547,194.8300018310547,0
2015-07-23,198.85000610351562,198.9499969482422,196.16000366210938,196.24000549316406,0
2015-07-24,198.85000610351562,198.8000030517578,196.3699951171875,196.3699951171875,0
2015-07-27,198.89999389648438,196.11000061035156,12.0,196.0800018310547,0
2015-07-28,198.89999389648438,198.85000610351562,195.8699951171875,195.8699951171875,0
2015-07-29,1.0,198.85000610351562,195.91000366210938,195.91000366210938,0
2015-07-30,198.8000030517578,198.85000610351562,196.47999572753906,196.47999572753906,0
2015-07-31,198.8000030517578,198.85000610351562,195.3300018310547,196.83999633789062,0
2015-08-03,198.8000030517578,199.0,195.27000427246094,195.27000427246094,0
2015-08-04,198.9499969482422,198.89999389648438,196.22000122070312,196.72000122070312,0
2015-08-05,198.9499969482422,199.0,196.42999267578125,198.00999450683594,0
2015-08-06,198.9499969482422,195.33999633789062,195.33999633789062,195.33999633789062,0
2015-08-07,199.0,199.0,194.97000122070312,194.97000122070312,0
2015-08-10,199.0,195.97999572753906,195.63999938964844,195.83999633789062,0
2015-08-11,198.85000610351562,198.6999969482422,194.47999572753906,194.47999572753906,0
2015-08-12,198.6999969482422,199.14999389648438,195.25999450683594,195.25999450683594,0
2015-08-13,199.14999389648438,198.89999389648438,195.16000366210938,195.16000366210938,0
2015-08-14,198.89999389648438,198.85000610351562,195.55999755859375,195.55999755859375,0
2015-08-17,198.8000030517578,197.7899932861328,195.86000061035156,197.7899932861328,0
2015-08-18,195.86000061035156,196.32000732421875,195.99000549316406,195.99000549316406,0
2015-08-19,196.32000732421875,196.9199981689453,195.8000030517578,196.9199981689453,0
2015-08-20,194.39999389648438,196.47999572753906,196.47999572753906,196.47999572753906,0
2015-08-21,196.47999572753906,196.44000244140625,195.35000610351562,195.35000610351562,0
2015-08-24,196.44000244140625,195.8000030517578,194.05999755859375,194.88999938964844,0
2015-08-25,195.8000030517578,196.4499969482422,194.44000244140625,194.44000244140625,0
2015-08-26,196.4499969482422,196.38999938964844,195.60000610351562,195.60000610351562,0
2015-08-27,196.38999938964844,197.83999633789062,196.61000061035156,197.83999633789062,0
2015-08-28,196.61000061035156,197.33999633789062,196.39999389648438,197.33999633789062,0
2015-08-31,196.39999389648438,197.57000732421875,196.41000366210938,197.57000732421875,0
2015-09-01,196.41000366210938,196.5,196.1300048828125,196.1300048828125,0
2015-09-02,196.5,196.49000549316406,196.49000549316406,196.49000549316406,0
2015-09-03,196.49000549316406,197.19000244140625,196.6699981689453,197.19000244140625,0
2015-09-04,198.33999633789062,196.3300018310547,196.3300018310547,196.3300018310547,0
2015-09-07,196.3300018310547,199.0,195.36000061035156,196.10000610351562,0
2015-09-08,199.0,196.44000244140625,195.3000030517578,195.3000030517578,0
2015-09-09,199.0,198.75,195.52999877929688,195.67999267578125,0
2015-09-10,198.6999969482422,198.75,194.27000427246094,194.27000427246094,0
2015-09-11,198.6999969482422,196.33999633789062,195.02999877929688,195.02999877929688,0
2015-09-14,198.9499969482422,198.9499969482422,194.58999633789062,194.99000549316406,0
2015-09-15,198.9499969482422,199.0,196.5399932861328,196.5399932861328,0
2015-09-16,199.0,199.0,196.72000122070312,197.14999389648438,0
2015-09-17,198.89999389648438,196.57000732421875,195.33999633789062,195.33999633789062,0
2015-09-18,198.85000610351562,198.8000030517578,194.83999633789062,194.83999633789062,0
2015-09-21,198.89999389648438,199.0,196.4199981689453,198.63999938964844,0
2015-09-22,198.9499969482422,199.0,196.19000244140625,198.0,0
2015-09-23,199.0,198.9499969482422,196.27999877929688,196.27999877929688,0
2015-09-24,198.9499969482422,198.89999389648438,195.82000732421875,195.82000732421875,0
2015-09-25,198.9499969482422,198.89999389648438,196.42999267578125,197.27999877929688,0
2015-09-28,198.9499969482422,198.89999389648438,195.86000061035156,195.86000061035156,0
2015-09-29,198.89999389648438,198.89999389648438,194.6999969482422,194.6999969482422,0
2015-09-30,198.9499969482422,198.89999389648438,195.25,195.25,0
2015-10-01,198.9499969482422,196.32000732421875,196.1199951171875,196.1199951171875,0
2015-10-02,199.0,199.0,195.61000061035156,195.61000061035156,0
2015-10-05,198.89999389648438,198.9499969482422,195.3000030517578,195.3000030517578,0
2015-10-06,198.9499969482422,198.89999389648438,196.57000732421875,197.27999877929688,0
2015-10-07,195.67999267578125,198.89999389648438,196.49000549316406,196.49000549316406,0
2015-10-08,198.89999389648438,198.9499969482422,196.4199981689453,196.7899932861328,0
2015-10-09,198.9499969482422,198.9499969482422,196.39999389648438,196.5500030517578,0
2015-10-12,196.3000030517578,196.33999633789062,196.33999633789062,196.33999633789062,0
2015-10-13,196.33999633789062,198.9499969482422,196.6300048828125,196.6300048828125,0
2015-10-14,198.89999389648438,198.9499969482422,196.2100067138672,196.50999450683594,0
2015-10-15,198.9499969482422,198.89999389648438,195.08999633789062,195.08999633789062,0
2015-10-16,198.89999389648438,198.9499969482422,196.1300048828125,197.82000732421875,0
2015-10-19,198.89999389648438,199.0,195.88999938964844,195.88999938964844,0
2015-10-20,198.89999389648438,198.85000610351562,196.35000610351562,196.50999450683594,0
2015-10-21,198.85000610351562,198.8800048828125,196.39999389648438,196.77000427246094,0
2015-10-22,198.8000030517578,199.0,196.13999938964844,196.13999938964844,0
2015-10-23,198.9499969482422,198.9499969482422,196.6199951171875,196.6199951171875,0
2015-10-26,198.9499969482422,198.9499969482422,195.97999572753906,197.5500030517578,0
2015-10-27,198.9499969482422,199.0,196.42999267578125,196.42999267578125,0
2015-10-28,199.0,199.0,196.6199951171875,196.9199981689453,0
2015-10-29,198.89999389648438,199.27000427246094,196.66000366210938,199.24000549316406,0
2015-10-30,198.89999389648438,196.61000061035156,196.61000061035156,196.61000061035156,0
2015-11-02,198.9499969482422,196.47999572753906,196.2100067138672,196.47999572753906,0
2015-11-03,197.5,198.9499969482422,196.24000549316406,196.25999450683594,0
2015-11-04,198.89999389648438,198.88999938964844,196.35000610351562,196.8000030517578,0
2015-11-05,198.1999969482422,199.0,195.88999938964844,197.6699981689453,0
2015-11-06,199.0,198.89999389648438,196.52000427246094,196.52000427246094,0
2015-11-09,198.9499969482422,198.89999389648438,196.36000061035156,198.02999877929688,0
2015-11-10,196.9499969482422,196.83999633789062,196.2100067138672,196.83999633789062,0
2015-11-11,198.9499969482422,196.13999938964844,196.0800018310547,196.0800018310547,0
2015-11-12,195.5800018310547,196.3699951171875,195.30999755859375,195.30999755859375,0
2015-11-13,194.67999267578125,196.13999938964844,194.8300018310547,194.8300018310547,0
2015-11-16,198.85000610351562,197.32000732421875,196.25999450683594,197.32000732421875,0
2015-11-17,198.9499969482422,197.13999938964844,196.0,197.13999938964844,0
2015-11-18,196.30999755859375,198.89999389648438,196.10000610351562,196.4499969482422,0
2015-11-19,198.89999389648438,196.41000366210938,195.85000610351562,195.85000610351562,0
2015-11-20,196.41000366210938,196.35000610351562,196.3000030517578,196.35000610351562,0
2015-11-23,196.85000610351562,197.0500030517578,196.3800048828125,197.0500030517578,0
2015-11-24,196.22000122070312,196.3699951171875,196.25,196.25,0
2015-11-25,196.3800048828125,196.3000030517578,196.1999969482422,196.3000030517578,0
2015-11-26,195.75999450683594,196.16000366210938,195.7899932861328,195.7899932861328,0
2015-11-27,196.30999755859375,198.89999389648438,195.63999938964844,196.38999938964844,0
2015-11-30,195.42999267578125,196.33999633789062,195.57000732421875,195.6699981689453,0
2015-12-01,198.9499969482422,198.89999389648438,196.4199981689453,196.50999450683594,0
2015-12-02,195.88999938964844,196.39999389648438,195.92999267578125,195.92999267578125,0
2015-12-03,196.22000122070312,198.8000030517578,196.0800018310547,196.25999450683594,0
2015-12-04,189.22000122070312,198.89999389648438,189.2100067138672,189.2100067138672,0
2015-12-07,195.85000610351562,196.07000732421875,195.75999450683594,196.07000732421875,0
2015-12-08,195.25,199.0,195.27000427246094,195.27000427246094,0
2015-12-09,195.82000732421875,196.19000244140625,196.05999755859375,196.05999755859375,0
2015-12-10,194.42999267578125,198.8000030517578,194.50999450683594,194.50999450683594,0
2015-12-11,198.85000610351562,198.39999389648438,196.66000366210938,196.8300018310547,0
2015-12-14,196.07000732421875,199.0,196.22999572753906,196.2899932861328,0
2015-12-15,195.89999389648438,198.8000030517578,195.99000549316406,195.99000549316406,0
2015-12-16,197.6300048828125,198.8000030517578,196.67999267578125,197.49000549316406,0
2015-12-17,196.8000030517578,199.0,196.17999267578125,197.47000122070312,0
2015-12-18,196.4600067138672,198.9499969482422,196.27999877929688,196.27999877929688,0
2015-12-21,198.85000610351562,199.0,195.72999572753906,195.72999572753906,0
2015-12-22,195.61000061035156,198.5500030517578,195.74000549316406,195.74000549316406,0
2015-12-23,196.3000030517578,198.25,195.82000732421875,196.3699951171875,0
2015-12-24,196.17999267578125,196.38999938964844,196.02000427246094,196.02000427246094,0
2015-12-25,196.0,196.0,196.0,196.0,0
2015-12-28,195.77000427246094,196.27000427246094,195.8699951171875,195.8699951171875,0
2015-12-29,196.6199951171875,198.85000610351562,196.1199951171875,196.38999938964844,0
2015-12-30,196.9600067138672,198.75,196.19000244140625,196.8800048828125,0
2015-12-31,196.22000122070312,198.9499969482422,196.0500030517578,196.0500030517578,0
2016-01-01,196.8000030517578,196.8000030517578,196.8000030517578,196.8000030517578,0
2016-01-04,196.75,197.02999877929688,195.72000122070312,197.02999877929688,0
2016-01-05,197.33999633789062,198.9499969482422,195.97999572753906,197.3000030517578,0
2016-01-06,196.27000427246094,196.32000732421875,196.08999633789062,196.32000732421875,0
2016-01-07,198.89999389648438,199.0,195.6999969482422,195.6999969482422,0
2016-01-08,194.6999969482422,196.5500030517578,194.80999755859375,194.80999755859375,0
2016-01-11,195.5500030517578,196.22999572753906,195.38999938964844,195.38999938964844,0
2016-01-12,196.4499969482422,196.69000244140625,196.4499969482422,196.69000244140625,0
2016-01-13,196.4499969482422,196.8000030517578,196.2899932861328,196.8000030517578,0
2016-01-14,195.22000122070312,195.86000061035156,194.9199981689453,194.9199981689453,0
2016-01-15,195.86000061035156,196.8800048828125,196.33999633789062,196.8800048828125,0
2016-01-18,196.25,198.64999389648438,196.1699981689453,196.1699981689453,0
2016-01-19,196.5500030517578,199.0,195.5500030517578,196.64999389648438,0
2016-01-20,194.92999267578125,198.85000610351562,194.6300048828125,194.6300048828125,0
2016-01-21,196.77999877929688,198.89999389648438,196.55999755859375,197.07000732421875,0
2016-01-22,197.11000061035156,199.0,196.36000061035156,197.5800018310547,0
2016-01-25,196.88999938964844,199.0,196.4600067138672,196.89999389648438,0
2016-01-26,195.91000366210938,198.6999969482422,195.89999389648438,195.89999389648438,0
2016-01-27,195.52999877929688,199.0,195.72000122070312,195.72000122070312,0
2016-01-28,196.0,196.3800048828125,196.05999755859375,196.05999755859375,0
2016-01-29,195.8699951171875,198.89999389648438,195.99000549316406,195.99000549316406,0
2016-02-01,198.22000122070312,199.0,196.47999572753906,198.07000732421875,0
2016-02-02,196.02999877929688,199.0,195.27999877929688,195.97999572753906,0
2016-02-03,195.30999755859375,199.0,195.08999633789062,195.08999633789062,0
2016-02-04,193.6999969482422,198.89999389648438,193.1300048828125,193.1300048828125,0
2016-02-05,198.89999389648438,198.89999389648438,195.83999633789062,195.99000549316406,0
2016-02-08,198.85000610351562,198.8000030517578,195.32000732421875,196.69000244140625,0
2016-02-09,198.8000030517578,198.85000610351562,193.8300018310547,193.8300018310547,0
2016-02-10,195.25999450683594,198.85000610351562,195.19000244140625,195.19000244140625,0
2016-02-11,198.85000610351562,196.61000061035156,194.8000030517578,194.8000030517578,0
2016-02-12,197.0,198.85000610351562,196.58999633789062,197.08999633789062,0
2016-02-15,196.97000122070312,197.33999633789062,195.32000732421875,197.33999633789062,0
2016-02-16,198.75,198.75,195.3000030517578,198.75,0
2016-02-17,198.85000610351562,195.80999755859375,195.77999877929688,195.80999755859375,0
2016-02-18,196.17999267578125,196.39999389648438,195.97000122070312,195.97000122070312,0
2016-02-19,196.1699981689453,198.89999389648438,1.0,196.0399932861328,0
2016-02-22,195.86000061035156,196.5500030517578,196.1300048828125,196.2899932861328,0
2016-02-23,196.64999389648438,196.52999877929688,196.2899932861328,196.52999877929688,0
2016-02-24,199.0,199.0,195.89999389648438,195.89999389648438,0
2016-02-25,195.32000732421875,199.0,195.27999877929688,195.3699951171875,0
2016-02-26,195.4600067138672,199.0,194.9199981689453,194.9199981689453,0
2016-02-29,198.1999969482422,199.0,195.2100067138672,198.3000030517578,0
2016-03-01,195.3699951171875,199.0,195.47999572753906,195.47999572753906,0
2016-03-02,196.63999938964844,199.0,196.2899932861328,196.5399932861328,0
2016-03-03,199.0,199.0,195.99000549316406,195.99000549316406,0
2016-03-04,194.97999572753906,199.0,195.02000427246094,195.02000427246094,0
2016-03-07,196.10000610351562,196.38999938964844,196.3000030517578,196.3000030517578,0
2016-03-08,196.38999938964844,196.60000610351562,195.27999877929688,195.27999877929688,0
2016-03-09,196.63999938964844,196.83999633789062,196.32000732421875,196.83999633789062,0
2016-03-10,196.32000732421875,196.1300048828125,195.88999938964844,196.1300048828125,0
2016-03-11,195.88999938964844,195.1999969482422,192.1999969482422,192.1999969482422,0
2016-03-14,194.61000061035156,199.0,194.52999877929688,194.52999877929688,0
2016-03-15,196.6300048828125,199.0,196.22999572753906,199.0,0
2016-03-16,199.0,199.0,196.2899932861328,199.0,0
2016-03-17,194.2100067138672,199.0,194.1699981689453,194.1699981689453,0
2016-03-18,196.55999755859375,199.0,196.36000061035156,196.5800018310547,0
2016-03-21,196.6300048828125,196.72000122070312,196.41000366210938,196.50999450683594,0
2016-03-22,18.0,199.0,196.5,196.8800048828125,0
2016-03-23,199.0,197.16000366210938,196.5,196.69000244140625,0
2016-03-24,199.0,199.0,196.00999450683594,196.5399932861328,0
2016-03-25,199.0,199.0,195.92999267578125,199.0,0
2016-03-28,199.0,199.0,195.99000549316406,196.10000610351562,0
2016-03-29,199.0,199.0,195.2100067138672,195.38999938964844,0
2016-03-30,199.0,199.0,196.2899932861328,196.2899932861328,0
2016-03-31,195.97000122070312,199.0,196.55999755859375,196.55999755859375,0
2016-04-01,199.0,199.0,196.42999267578125,196.42999267578125,0
2016-04-04,198.9499969482422,199.0,195.35000610351562,196.64999389648438,0
2016-04-05,199.0,199.0,194.94000244140625,194.94000244140625,0
2016-04-06,199.0,199.0,196.0399932861328,196.0399932861328,0
2016-04-07,195.75,199.0,196.07000732421875,196.07000732421875,0
2016-04-08,196.4499969482422,199.0,196.64999389648438,196.64999389648438,0
2016-04-11,199.0,199.0,195.4199981689453,195.97999572753906,0
2016-04-12,199.0,199.0,196.52000427246094,196.52000427246094,0
2016-04-13,199.0,198.9499969482422,196.2100067138672,196.8699951171875,0
2016-04-14,198.89999389648438,199.0,195.9499969482422,199.0,0
2016-04-15,199.0,199.0,196.14999389648438,196.1699981689453,0
2016-04-18,199.0,199.0,195.9199981689453,195.99000549316406,0
2016-04-19,199.0,199.0,196.3300018310547,196.3300018310547,0
2016-04-20,199.0,199.0,196.1199951171875,196.1199951171875,0
2016-04-21,199.0,199.0,196.61000061035156,197.5500030517578,0
2016-04-22,196.9499969482422,199.0,196.4199981689453,196.4199981689453,0
2016-04-25,199.0,199.0,196.32000732421875,197.19000244140625,0
2016-04-26,199.0,199.0,195.3800048828125,196.17999267578125,0
2016-04-27,199.0,199.0,195.14999389648438,195.14999389648438,0
2016-04-28,196.0800018310547,199.0,196.4199981689453,196.4199981689453,0
2016-04-29,199.0,199.0,196.22000122070312,196.22000122070312,0
2016-05-02,195.72000122070312,196.4600067138672,195.4600067138672,195.4600067138672,0
2016-05-03,196.4600067138672,196.5,195.6300048828125,195.6300048828125,0
2016-05-04,197.8699951171875,199.0,196.4199981689453,196.4199981689453,0
2016-05-05,199.0,199.0,196.5,196.5399932861328,0
2016-05-06,199.0,199.0,197.0500030517578,197.0500030517578,0
2016-05-09,199.0,199.0,196.47000122070312,197.3000030517578,0
2016-05-10,199.0,199.0,196.52000427246094,196.5399932861328,0
2016-05-11,199.0,199.0,196.27000427246094,196.27000427246094,0
2016-05-12,199.0,199.0,195.8000030517578,195.8000030517578,0
2016-05-13,199.0,199.0,196.44000244140625,196.7100067138672,0
2016-05-16,199.0,197.00999450683594,196.3800048828125,197.00999450683594,0
2016-05-17,196.52999877929688,196.41000366210938,196.41000366210938,196.41000366210938,0
2016-05-18,199.0,199.0,196.5399932861328,196.5399932861328,0
2016-05-19,199.0,199.0,196.35000610351562,197.4600067138672,0
2016-05-20,199.0,199.0,196.39999389648438,196.39999389648438,0
2016-05-23,199.0,199.0,196.41000366210938,196.41000366210938,0
2016-05-24,199.0,199.0,196.3300018310547,196.39999389648438,0
2016-05-25,199.0,199.0,195.36000061035156,197.1300048828125,0
2016-05-26,199.0,199.0,195.1199951171875,195.1199951171875,0
2016-05-27,199.0,199.0,196.02000427246094,196.02000427246094,0
2016-05-30,199.0,197.57000732421875,196.36000061035156,197.57000732421875,0
2016-05-31,196.36000061035156,199.0,195.27000427246094,196.17999267578125,0
2016-06-01,199.0,199.0,195.66000366210938,195.66000366210938,0
2016-06-02,199.0,199.0,196.0,196.0,0
2016-06-03,199.0,199.0,195.3300018310547,197.42999267578125,0
2016-06-06,199.0,199.0,191.74000549316406,191.74000549316406,0
2016-06-07,199.0,199.0,196.10000610351562,196.10000610351562,0
2016-06-08,198.89999389648438,198.9499969482422,196.33999633789062,196.64999389648438,0
2016-06-09,198.8000030517578,198.89999389648438,195.8800048828125,195.8800048828125,0
2016-06-10,198.85000610351562,198.89999389648438,195.27000427246094,196.97999572753906,0
2016-06-13,198.8000030517578,198.8000030517578,195.25999450683594,196.27000427246094,0
2016-06-14,198.8000030517578,198.85000610351562,19.799999237060547,195.0800018310547,0
2016-06-15,198.89999389648438,198.85000610351562,195.2899932861328,196.5,0
2016-06-16,194.6999969482422,198.89999389648438,194.6699981689453,194.6699981689453,0
2016-06-17,198.8000030517578,199.0,195.8300018310547,195.8300018310547,0
2016-06-20,195.05999755859375,257.8800048828125,199.0,257.8800048828125,0
2016-06-21,199.0,279.0899963378906,199.0,257.9700012207031,0
2016-06-22,280.67999267578125,280.8299865722656,199.0,280.79998779296875,0
2016-06-23,279.4800109863281,283.0,280.0899963378906,280.0899963378906,0
2016-06-24,281.2799987792969,283.0,278.0400085449219,282.69000244140625,0
2016-06-27,276.8500061035156,280.2200012207031,278.9599914550781,278.9599914550781,0
2016-06-28,28.0,282.0,279.7300109863281,280.010009765625,0
2016-06-29,281.0,280.1700134277344,279.6499938964844,280.1700134277344,0
2016-06-30,278.6400146484375,282.0,278.7200012207031,278.7200012207031,0
2016-07-01,280.57000732421875,282.0,279.5799865722656,280.5199890136719,0
2016-07-04,279.6499938964844,279.989990234375,279.82000732421875,279.82000732421875,0
2016-07-05,279.3299865722656,281.5,279.32000732421875,279.6099853515625,0
2016-07-06,281.3800048828125,282.0,279.32000732421875,281.489990234375,0
2016-07-07,278.6300048828125,281.0,278.7699890136719,278.7699890136719,0
2016-07-08,279.75,281.5,278.94000244140625,279.6000061035156,0
2016-07-11,279.3900146484375,282.5,279.5400085449219,279.5400085449219,0
2016-07-12,2.799999952316284,282.0,279.8599853515625,279.8599853515625,0
2016-07-13,281.5899963378906,282.0,280.1400146484375,281.7099914550781,0
2016-07-14,279.79998779296875,282.0,279.75,279.75,0
2016-07-15,280.4700012207031,281.67999267578125,279.0,280.6300048828125,0
2016-07-18,284.260009765625,283.6000061035156,279.92999267578125,283.6000061035156,0
2016-07-19,279.3500061035156,280.1499938964844,279.5799865722656,279.5799865722656,0
2016-07-20,281.07000732421875,292.0,281.2300109863281,281.2300109863281,0
2016-07-21,291.7200012207031,295.4200134277344,291.6300048828125,291.6300048828125,0
2016-07-22,295.2900085449219,296.94000244140625,294.0,295.1499938964844,0
2016-07-25,295.0,303.1199951171875,295.0,298.25,0
2016-07-26,302.8900146484375,308.1499938964844,299.0,303.05999755859375,0
2016-07-27,308.4700012207031,312.5400085449219,299.54998779296875,308.45001220703125,0
2016-07-28,310.79998779296875,316.4700012207031,310.0,310.3699951171875,0
2016-07-29,316.7300109863281,322.0,312.760009765625,316.6499938964844,0
2016-08-01,311.0299987792969,322.0,311.1700134277344,311.1700134277344,0
2016-08-02,317.6099853515625,318.0,314.6600036621094,317.5,0
2016-08-03,313.82000732421875,317.4800109863281,317.0,317.4800109863281,0
2016-08-04,318.9700012207031,322.0,313.42999267578125,319.0,0
2016-08-05,322.0,322.0,313.3399963378906,313.3399963378906,0
2016-08-08,318.2200012207031,322.0,316.989990234375,318.2699890136719,0
2016-08-09,316.94000244140625,322.0,315.7300109863281,316.92999267578125,0
2016-08-10,314.92999267578125,322.0,314.6199951171875,314.6199951171875,0
2016-08-11,319.32000732421875,321.0,317.4200134277344,319.1199951171875,0
2016-08-12,317.80999755859375,321.0,316.05999755859375,317.7200012207031,0
2016-08-15,315.7699890136719,320.0,315.760009765625,315.760009765625,0
2016-08-16,319.1600036621094,320.0,312.07000732421875,319.25,0
2016-08-17,331.0,331.0,312.5,312.6000061035156,0
2016-08-18,320.0,344.45001220703125,320.0,344.45001220703125,0
2016-08-19,343.6700134277344,347.45001220703125,340.0,347.45001220703125,0
2016-08-22,341.0,348.3500061035156,341.0,348.3500061035156,0
2016-08-23,350.0,341.19000244140625,312.2200012207031,341.19000244140625,0
2016-08-24,313.1199951171875,333.1600036621094,313.20001220703125,313.20001220703125,0
2016-08-25,333.07000732421875,339.9200134277344,325.0,333.1400146484375,0
2016-08-26,318.0,339.8800048828125,312.0,339.8800048828125,0
2016-08-29,314.7799987792969,314.6499938964844,312.8299865722656,314.6499938964844,0
2016-08-30,312.55999755859375,313.1199951171875,312.5799865722656,312.5799865722656,0
2016-08-31,313.6099853515625,307.6600036621094,307.6600036621094,307.6600036621094,0
2016-09-01,307.1600036621094,312.1199951171875,307.1400146484375,307.1400146484375,0
2016-09-02,310.760009765625,310.7799987792969,307.4599914550781,310.7799987792969,0
2016-09-05,308.3500061035156,315.0,307.92999267578125,308.25,0
2016-09-06,308.2099914550781,315.0,307.6400146484375,308.17999267578125,0
2016-09-07,314.0,315.0,312.1300048828125,312.1300048828125,0
2016-09-08,312.3500061035156,315.0,312.17999267578125,312.29998779296875,0
2016-09-09,312.8299865722656,314.0,311.9700012207031,312.80999755859375,0
2016-09-12,312.7799987792969,313.0,312.489990234375,312.489990234375,0
2016-09-13,312.1700134277344,322.0,312.1499938964844,312.1499938964844,0
2016-09-14,313.0,315.0,312.9800109863281,312.9800109863281,0
2016-09-15,312.45001220703125,315.0,312.4800109863281,312.4800109863281,0
2016-09-16,314.0,315.0,312.6099853515625,312.6099853515625,0
2016-09-19,314.9800109863281,315.0,312.5,314.9800109863281,0
2016-09-20,312.05999755859375,320.0,311.5799865722656,312.1300048828125,0
2016-09-21,312.30999755859375,321.0,312.3299865722656,312.3299865722656,0
2016-09-22,319.0,319.0,311.260009765625,311.260009765625,0
2016-09-23,312.80999755859375,315.0,312.70001220703125,312.8299865722656,0
2016-09-26,312.510009765625,315.0,308.5899963378906,312.1199951171875,0
2016-09-27,308.3599853515625,315.0,308.42999267578125,308.42999267578125,0
2016-09-28,314.0,314.0,308.6400146484375,313.0400085449219,0
2016-09-29,308.54998779296875,312.6099853515625,308.1400146484375,308.3699951171875,0
2016-09-30,312.5799865722656,315.0,312.2300109863281,312.55999755859375,0
2016-10-03,310.19000244140625,319.6700134277344,310.42999267578125,310.42999267578125,0
2016-10-04,320.3800048828125,320.510009765625,307.5899963378906,320.4100036621094,0
2016-10-05,306.6700134277344,310.0,302.010009765625,306.5899963378906,0
2016-10-06,302.510009765625,314.0,304.0,314.0,0
2016-10-07,313.6700134277344,313.8699951171875,304.0,313.8699951171875,0
2016-10-10,310.6300048828125,312.69000244140625,310.79998779296875,310.79998779296875,0
2016-10-11,313.3299865722656,317.3999938964844,304.0,313.3800048828125,0
2016-10-12,304.0,318.1300048828125,304.0,318.1300048828125,0
2016-10-13,312.2200012207031,314.0,304.0,312.239990234375,0
2016-10-14,314.0,316.5899963378906,307.5899963378906,307.5899963378906,0
2016-10-17,317.94000244140625,318.0899963378906,312.54998779296875,317.94000244140625,0
2016-10-18,312.4800109863281,315.0,312.1700134277344,312.1700134277344,0
2016-10-19,314.0,314.0,312.739990234375,313.45001220703125,0
2016-10-20,315.0,316.0,315.0,315.0,0
2016-10-21,315.0,315.0,315.0,315.0,0
2016-10-24,315.0,316.0,315.0,315.0,0
2016-10-25,315.0,316.0,315.0,315.0,0
2016-10-26,315.0,316.0,315.0,315.0,0
2016-10-27,315.0,316.0,315.0,315.0,0
2016-10-28,315.0,316.0,315.0,315.0,0
2016-10-31,315.0,315.0,315.0,315.0,0
2016-11-01,318.0,319.0,318.0,318.0,0
2016-11-02,319.0,319.0,315.0,319.0,0
2016-11-03,316.0,316.0,314.0,316.0,0
2016-11-04,315.0,315.0,315.0,315.0,0
2016-11-07,315.0,315.0,315.0,315.0,0
2016-11-08,315.0,315.0,315.0,315.0,0
2016-11-09,315.0,315.0,314.0,315.0,0
2016-11-10,314.0,315.0,314.0,314.0,0
2016-11-11,314.0,315.0,314.0,314.0,0
2016-11-14,315.0,315.0,314.75,314.75,0
2016-11-15,315.0,315.0,315.0,315.0,0
2016-11-16,315.0,315.25,314.5,315.25,0
2016-11-17,315.0,315.0,314.1199951171875,314.6199951171875,0
2016-11-18,314.0,315.0,314.0,314.0,0
2016-11-21,315.0,315.0,314.0,315.0,0
2016-11-22,315.0,315.0,314.0,315.0,0
2016-11-23,315.0,315.0,315.0,315.0,0
2016-11-24,315.0,315.0,315.0,315.0,0
2016-11-25,315.0,315.0,312.0,315.0,0
2016-11-28,314.0,315.0,314.0,314.0,0
2016-11-29,314.0,315.0,314.0,314.0,0
2016-11-30,314.0,315.0,314.0,314.0,0
2016-12-01,314.0,315.0,314.0,314.0,0
2016-12-02,33.0,315.0,314.0,315.0,0
2016-12-05,314.0,315.0,314.5,315.0,0
2016-12-06,313.0,315.1199951171875,312.0,312.0,0
2016-12-07,315.0,315.0,315.0,315.0,0
2016-12-08,314.0,315.0,314.0,315.0,0
2016-12-09,315.0,315.0,314.0,315.0,0
2016-12-12,315.0,316.0,314.0,316.0,0
2016-12-13,314.0,314.5,314.5,314.5,0
2016-12-14,315.0,315.0,314.0,314.5,0
2016-12-15,315.0,314.5,314.0,314.30999755859375,0
2016-12-16,315.0,315.0,314.0,315.0,0
2016-12-19,314.30999755859375,315.0,314.0,314.5,0
2016-12-20,315.0,315.0,314.0,314.0,0
2016-12-21,315.0,315.0,315.0,315.0,0
2016-12-22,315.0,314.0,314.0,314.0,0
2016-12-23,315.0,315.0,314.0,315.0,0
2016-12-26,314.0,315.0,315.0,315.0,0
2016-12-27,314.0,315.0,315.0,315.0,0
2016-12-28,314.0,314.5,314.5,314.5,0
2016-12-29,314.5,315.0,314.0,314.30999755859375,0
2016-12-30,314.5,315.0,314.0,314.30999755859375,0
2017-01-02,314.30999755859375,314.30999755859375,314.30999755859375,314.30999755859375,0
2017-01-03,314.30999755859375,314.0,314.0,314.0,0
2017-01-04,314.0,314.5,314.5,314.5,0
2017-01-05,314.5,314.5,314.3800048828125,314.3800048828125,0
2017-01-06,314.5,315.0,314.0,315.0,0
2017-01-09,315.0,314.5,314.0,314.5,0
2017-01-10,314.0,314.5,314.5,314.5,0
2017-01-11,314.5,314.69000244140625,314.0,314.0,0
2017-01-12,314.69000244140625,314.5,314.0,314.0,0
2017-01-13,315.0,315.0,314.0,314.0,0
2017-01-16,315.0,315.0,314.0,314.0,0
2017-01-17,315.0,315.0,314.0,314.5,0
2017-01-18,315.0,314.57000732421875,314.0,314.57000732421875,0
2017-01-19,315.0,315.0,305.25,305.25,0
2017-01-20,315.0,314.0,305.5,305.5,0
2017-01-23,315.0,315.0,305.5,305.5,0
2017-01-24,315.0,315.0,314.0,315.0,0
2017-01-25,315.0,315.0,304.5,305.5,0
2017-01-26,314.0,315.0,304.45001220703125,304.45001220703125,0
2017-01-27,314.0,315.0,304.25,305.25,0
2017-01-30,315.0,308.0,304.25,308.0,0
2017-01-31,315.0,315.0,305.25,305.25,0
2017-02-01,315.0,315.0,304.25,304.25,0
2017-02-02,315.0,304.20001220703125,304.20001220703125,304.20001220703125,0
2017-02-03,314.0,315.0,304.25,304.25,0
2017-02-06,315.0,315.0,314.0,314.5,0
2017-02-07,314.0,315.0,314.0,314.0,0
2017-02-08,315.0,314.70001220703125,314.0,314.29998779296875,0
2017-02-09,315.0,315.0,314.0,315.0,0
2017-02-10,315.0,315.0,314.0,315.0,0
2017-02-13,315.0,315.0,314.0,314.5,0
2017-02-14,314.0,314.0,314.0,314.0,0
2017-02-15,3.140000104904175,315.0,314.0,315.0,0
2017-02-16,314.0,315.0,314.0,314.0,0
2017-02-17,314.0,315.0,314.0,315.0,0
2017-02-20,314.0,314.5,314.5,314.5,0
2017-02-21,314.5,315.0,314.0,315.0,0
2017-02-22,315.0,315.0,314.0,314.5,0
2017-02-23,314.0,315.0,314.0,314.0,0
2017-02-24,314.0,315.0,314.0,314.0,0
2017-02-27,314.0,315.0,314.0,315.0,0
2017-02-28,314.0,315.0,314.0,314.0,0
2017-03-01,315.0,315.0,314.0,314.5,0
2017-03-02,314.0,315.0,314.0,314.5,0
2017-03-03,315.0,315.0,314.0,314.5,0
2017-03-06,315.0,315.0,314.0,315.0,0
2017-03-07,315.0,315.0,314.0,314.5,0
2017-03-08,315.0,315.0,314.0,314.5,0
2017-03-09,315.0,315.0,314.0,314.5,0
2017-03-10,315.0,315.0,314.0,314.5,0
2017-03-13,315.0,315.0,314.0,315.0,0
2017-03-14,315.0,314.5,314.0,314.29998779296875,0
2017-03-15,314.0,315.0,314.0,314.20001220703125,0
2017-03-16,315.0,315.0,314.0,314.5,0
2017-03-17,315.0,315.0,310.0,310.0,0
2017-03-20,315.0,315.0,314.0,315.0,0
2017-03-21,315.0,315.0,314.0,314.5,0
2017-03-22,314.0,315.0,307.5,307.5,0
2017-03-23,314.0,315.0,306.5,306.5,0
2017-03-24,314.0,315.0,314.0,315.0,0
2017-03-27,315.0,315.0,314.0,315.0,0
2017-03-28,314.0,315.0,314.0,314.0,0
2017-03-29,315.0,315.0,314.0,315.0,0
2017-03-30,314.0,315.0,314.0,314.0,0
2017-03-31,315.0,315.0,314.0,315.0,0
2017-04-03,315.0,315.0,314.0,315.0,0
2017-04-04,314.0,315.0,314.0,315.0,0
2017-04-05,315.0,315.0,314.0,315.0,0
2017-04-06,315.0,315.0,314.0,314.0,0
2017-04-07,315.0,315.0,314.0,315.0,0
2017-04-10,315.0,315.0,306.1499938964844,306.1499938964844,0
2017-04-11,315.0,315.0,314.0,315.0,0
2017-04-12,315.0,315.0,314.0,315.0,0
2017-04-13,315.0,315.0,306.1000061035156,306.1000061035156,0
2017-04-14,314.0,315.0,314.0,314.0,0
2017-04-17,314.0,315.0,313.0,314.0,0
2017-04-18,314.0,315.0,314.0,314.0,0
2017-04-19,314.0,315.0,314.0,314.0,0
2017-04-20,314.0,315.0,314.0,314.0,0
2017-04-21,315.0,315.0,314.0,315.0,0
2017-04-24,315.0,315.0,315.0,315.0,0
2017-04-25,314.0,315.0,314.0,314.0,0
2017-04-26,314.0,315.0,314.0,314.0,0
2017-04-27,314.0,315.0,314.0,314.0,0
2017-04-28,315.0,315.0,314.0,315.0,0
2017-05-01,314.0,315.0,314.0,315.0,0
2017-05-02,314.0,315.0,314.0,314.0,0
2017-05-03,314.0,314.5,314.0,314.5,0
2017-05-04,315.0,315.0,314.0,315.0,0
2017-05-05,315.0,315.0,314.5,315.0,0
2017-05-08,314.0,315.0,314.1000061035156,314.1000061035156,0
2017-05-09,314.0,315.0,314.5,314.5,0
2017-05-10,314.0,315.0,314.0,314.0,0
2017-05-11,315.0,315.0,314.0,314.5,0
2017-05-12,314.0,315.0,314.0,314.0,0
2017-05-15,315.0,315.0,314.0,314.5,0
2017-05-16,316.0,316.0,315.0,315.0,0
2017-05-17,315.0,314.5,314.5,314.5,0
2017-05-18,314.0,315.0,314.0,315.0,0
2017-05-19,315.0,315.0,314.0,314.5,0
2017-05-22,314.0,315.0,314.0,314.5,0
2017-05-23,315.0,316.0,314.5,314.5,0
2017-05-24,317.0,320.0,315.0,316.0,0
2017-05-25,321.0,321.0,320.0,321.0,0
2017-05-26,321.0,321.0,320.0,320.0,0
2017-05-29,321.0,321.0,320.0,320.0,0
2017-05-30,314.5,324.0,320.0,320.0,0
2017-05-31,324.0,324.0,323.0,324.0,0
2017-06-01,324.0,324.0,323.0,324.0,0
2017-06-02,314.5,323.0,321.0,321.0,0
2017-06-05,322.0,322.0,320.0,322.0,0
2017-06-06,321.0,323.0,321.0,321.0,0
2017-06-07,322.0,322.0,321.0,322.0,0
2017-06-08,322.0,322.0,321.0,322.0,0
2017-06-09,322.0,322.0,321.0,322.0,0
2017-06-12,321.0,321.0,320.0,321.0,0
2017-06-13,321.0,322.0,321.0,321.0,0
2017-06-14,322.0,322.0,322.0,322.0,0
2017-06-15,232.0,321.0,321.0,321.0,0
2017-06-16,232.0,322.0,321.0,321.0,0
2017-06-19,322.0,322.0,320.0,322.0,0
2017-06-20,320.0,323.0,320.0,320.0,0
2017-06-21,321.0,315.0,314.29998779296875,315.0,0
2017-06-22,320.0,321.0,320.0,320.0,0
2017-06-23,322.0,322.0,321.0,322.0,0
2017-06-26,321.0,320.0,320.0,320.0,0
2017-06-27,345.0,348.0,345.0,345.0,0
2017-06-28,347.0,315.0,314.3999938964844,314.8999938964844,0
2017-06-29,348.0,349.0,346.0,348.0,0
2017-06-30,345.0,345.0,314.5,314.5,0
2017-07-03,345.0,346.0,315.0,315.0,0
2017-07-04,346.0,315.0,314.5,314.5,0
2017-07-05,314.5,346.0,314.5,314.5,0
2017-07-06,349.0,315.0,314.0,314.0,0
2017-07-07,348.0,348.0,314.5,314.5,0
2017-07-10,347.0,348.0,315.0,315.0,0
2017-07-12,348.0,315.0,314.20001220703125,315.0,0
2017-07-13,349.0,348.0,314.5,315.0,0
2017-07-14,347.0,349.0,314.5,348.0,0
2017-07-17,348.0,348.0,314.29998779296875,315.0,0
2017-07-18,348.0,314.5,314.20001220703125,314.5,0
2017-07-19,346.0,348.0,314.5,315.0,0
2017-07-20,347.0,348.0,346.0,348.0,0
2017-07-21,346.0,346.0,315.0,315.0,0
2017-07-24,348.0,347.0,314.3999938964844,314.3999938964844,0
2017-07-25,346.0,348.0,314.5,314.5,0
2017-07-26,348.0,348.0,314.5,314.5,0
2017-07-27,347.0,347.0,315.0,315.0,0
2017-07-28,348.0,314.29998779296875,314.29998779296875,314.29998779296875,0
2017-07-31,314.29998779296875,348.0,314.5,314.5,0
2017-08-01,342.0,365.0,356.0,365.0,0
2017-08-02,364.0,366.0,364.0,366.0,0
2017-08-03,364.0,365.0,361.0,365.0,0
2017-08-04,362.0,366.0,361.0,363.5,0
2017-08-07,361.0,365.0,361.0,365.0,0
2017-08-08,3.619999885559082,365.0,363.5,365.0,0
2017-08-09,361.0,368.0,365.0,365.0,0
2017-08-10,365.0,368.0,365.0,365.0,0
2017-08-11,365.0,368.0,365.0,365.0,0
2017-08-14,364.67999267578125,366.0,365.0,366.0,0
2017-08-15,365.0,368.0,363.0,366.0,0
2017-08-16,363.0,363.0,361.0,361.0,0
2017-08-17,363.0,362.0,362.0,362.0,0
2017-08-18,362.0,362.0,361.0,361.5,0
2017-08-21,362.0,365.0,362.0,365.0,0
2017-08-22,362.0,360.5,360.0,360.5,0
2017-08-23,360.0,367.0,360.5,367.0,0
2017-08-24,361.0,365.0,359.0,359.0,0
2017-08-25,365.0,365.0,359.0,359.0,0
2017-08-28,351.0,361.0,350.0,361.0,0
2017-08-29,352.0,359.0,352.0,359.0,0
2017-08-30,355.0,360.0,350.0,359.0,0
2017-08-31,350.0,358.0,350.0,358.0,0
2017-09-01,350.0,354.0,350.0,350.0,0
2017-09-04,350.0,354.0,350.0,350.0,0
2017-09-05,358.0,361.0,358.5,359.0,0
2017-09-06,357.0,359.0,357.0,358.5,0
2017-09-07,358.0,358.0,358.0,358.0,0
2017-09-08,359.0,359.0,354.0,359.0,0
2017-09-11,353.0,359.0,350.0,358.0,0
2017-09-12,351.0,359.1600036621094,352.0,359.0,0
2017-09-13,351.0,359.0,351.0,359.0,0
2017-09-14,351.0,361.0,350.0,361.0,0
2017-09-15,350.0,360.0,350.0,359.0,0
2017-09-18,350.0,360.0,350.0,360.0,0
2017-09-19,358.0,358.0,352.0,358.0,0
2017-09-20,353.0,359.5,352.0,359.5,0
2017-09-21,352.0,353.0,351.0,352.0,0
2017-09-22,351.0,359.5,350.0,359.5,0
2017-09-25,351.0,351.0,351.0,351.0,0
2017-09-26,351.0,361.0,351.0,359.0,0
2017-09-27,351.0,359.7200012207031,351.0,359.7200012207031,0
2017-09-28,350.0,359.0,350.0,359.0,0
2017-09-29,351.0,358.5,351.0,358.5,0
2017-10-02,351.0,358.5,351.0,358.5,0
2017-10-03,358.5,360.0,359.5,359.5,0
2017-10-04,360.0,359.0,352.0,359.0,0
2017-10-05,351.0,361.0,353.0,360.0,0
2017-10-06,351.0,360.0,351.0,359.0,0
2017-10-09,351.0,360.0,359.0,360.0,0
2017-10-10,359.0,359.7900085449219,351.0,359.0,0
2017-10-11,352.0,360.0,351.0,359.0,0
2017-10-12,351.0,360.0,351.0,359.0,0
2017-10-13,351.0,360.0,350.0,359.0,0
2017-10-16,352.0,359.7900085449219,359.5,359.5,0
2017-10-17,360.5,360.5,352.0,360.5,0
2017-10-18,352.0,360.0,351.0,360.0,0
2017-10-19,351.0,359.0,351.0,359.0,0
2017-10-20,352.0,359.0,351.0,359.0,0
2017-10-23,357.0,359.0,356.0,359.0,0
2017-10-24,359.0,359.0,356.0,359.0,0
2017-10-25,353.0,360.0,353.0,360.0,0
2017-10-26,360.0,360.0,352.0,359.0,0
2017-10-27,352.0,359.0,352.0,359.0,0
2017-10-30,353.0,360.0,353.0,359.0,0
2017-10-31,357.0,359.0,356.0,359.0,0
2017-11-01,356.0,357.0,353.0,356.0,0
2017-11-02,353.0,354.0,353.0,353.0,0
2017-11-03,354.0,354.0,352.0,354.0,0
2017-11-06,354.0,354.0,353.0,354.0,0
2017-11-07,352.0,352.0,352.0,352.0,0
2017-11-08,353.0,354.0,353.0,354.0,0
2017-11-09,352.0,354.0,352.0,352.0,0
2017-11-10,353.0,353.5,353.0,353.0,0
2017-11-13,352.0,355.0,352.0,352.0,0
2017-11-14,355.0,357.0,355.0,355.0,0
2017-11-15,356.0,357.0,357.0,357.0,0
2017-11-17,357.0,357.0,357.0,357.0,0
2017-11-20,358.0,358.0,355.0,358.0,0
2017-11-21,355.0,356.0,355.0,356.0,0
2017-11-22,356.0,356.0,355.0,356.0,0
2017-11-23,356.0,356.0,355.0,356.0,0
2017-11-24,355.0,356.0,355.0,355.0,0
2017-11-27,356.0,356.0,356.0,356.0,0
2017-11-28,357.0,357.0,356.0,357.0,0
2017-11-29,356.0,358.0,355.0,355.0,0
2017-11-30,357.0,357.0,256.0,357.0,0
2017-12-01,357.0,357.0,355.0,357.0,0
2017-12-04,356.0,356.0,355.0,356.0,0
2017-12-05,356.0,357.0,356.0,356.0,0
2017-12-06,358.0,358.0,356.0,358.0,0
2017-12-07,355.0,356.0,355.0,355.0,0
2017-12-08,356.0,358.0,356.0,356.0,0
2017-12-11,359.0,356.0,355.0,356.0,0
2017-12-12,356.0,356.0,356.0,356.0,0
2017-12-13,357.0,357.0,357.0,357.0,0
2017-12-14,358.0,358.0,357.0,358.0,0
2017-12-15,358.0,358.0,357.0,358.0,0
2017-12-18,358.0,358.0,355.0,358.0,0
2017-12-19,356.0,356.0,356.0,356.0,0
2017-12-20,358.0,358.0,357.0,358.0,0
2017-12-21,358.0,356.0,356.0,356.0,0
2017-12-22,358.0,356.0,356.0,356.0,0
2017-12-25,356.0,357.0,356.0,356.0,0
2017-12-26,356.0,357.0,356.0,356.0,0
2017-12-27,356.0,357.0,355.0,356.0,0
2017-12-28,357.0,358.0,355.0,355.0,0
2017-12-29,357.0,357.0,356.0,357.0,0
2018-01-01,357.0,357.0,356.0,357.0,0
2018-01-02,357.0,357.0,357.0,357.0,0
2018-01-03,356.0,357.0,355.0,355.0,0
2018-01-04,356.0,357.0,356.0,356.0,0
2018-01-05,358.0,358.0,357.0,358.0,0
2018-01-08,357.0,357.0,355.0,357.0,0
2018-01-09,355.0,358.0,355.0,355.0,0
2018-01-10,358.0,358.0,357.0,358.0,0
2018-01-11,358.0,358.0,358.0,358.0,0
2018-01-12,358.0,358.0,358.0,358.0,0
2018-01-15,358.0,358.0,357.0,358.0,0
2018-01-16,357.0,358.0,357.0,357.0,0
2018-01-17,358.0,358.0,358.0,358.0,0
2018-01-18,357.0,358.0,358.0,358.0,0
2018-01-19,358.0,358.0,358.0,358.0,0
2018-01-22,358.0,358.0,355.0,358.0,0
2018-01-23,355.0,359.0,355.0,355.0,0
2018-01-24,358.0,358.0,357.0,357.0,0
2018-01-25,358.0,359.0,358.0,358.0,0
2018-01-26,359.0,359.0,358.0,359.0,0
2018-01-29,359.0,359.0,358.0,359.0,0
2018-01-30,357.0,358.0,357.0,357.0,0
2018-01-31,357.0,359.0,357.0,357.0,0
2018-02-01,358.0,359.0,358.0,358.0,0
2018-02-02,357.0,358.0,357.0,357.0,0
2018-02-05,357.0,356.0,355.0,355.0,0
2018-02-06,355.0,359.0,355.0,355.0,0
2018-02-07,358.0,359.0,358.0,358.0,0
2018-02-08,357.0,357.0,357.0,357.0,0
2018-02-09,358.0,359.0,358.0,358.0,0
2018-02-12,359.0,358.0,358.0,358.0,0
2018-02-13,358.0,359.0,358.0,358.0,0
2018-02-14,359.0,359.0,358.0,359.0,0
2018-02-15,357.0,358.0,357.0,357.0,0
2018-02-16,357.0,359.0,357.0,357.0,0
2018-02-19,357.0,359.0,357.0,357.0,0
2018-02-20,357.0,359.0,357.0,357.0,0
2018-02-21,359.0,359.0,355.0,359.0,0
2018-02-22,356.0,359.0,355.0,356.0,0
2018-02-23,359.0,359.0,358.0,359.0,0
2018-02-26,358.0,359.0,358.0,358.0,0
2018-02-27,357.0,358.0,357.0,357.0,0
2018-02-28,358.0,359.0,358.0,358.0,0
2018-03-01,359.0,358.0,358.0,358.0,0
2018-03-02,358.0,358.0,358.0,358.0,0
2018-03-05,359.0,359.0,355.0,359.0,0
2018-03-06,356.0,356.0,356.0,356.0,0
2018-03-07,359.0,358.0,356.0,358.0,0
2018-03-08,355.0,356.0,355.0,355.0,0
2018-03-09,356.0,356.0,355.0,356.0,0
2018-03-12,355.0,356.0,355.0,355.0,0
2018-03-13,355.0,355.0,355.0,355.0,0
2018-03-14,355.0,358.0,355.0,355.0,0
2018-03-15,357.0,359.0,357.0,357.0,0
2018-03-16,357.0,358.0,357.0,357.0,0
2018-03-19,357.0,357.0,357.0,357.0,0
2018-03-20,355.0,357.0,355.0,355.0,0
2018-03-21,357.0,357.0,357.0,357.0,0
2018-03-22,357.0,358.0,357.0,357.0,0
2018-03-23,357.0,358.0,357.0,357.0,0
2018-03-26,357.0,357.0,355.0,357.0,0
2018-03-27,356.0,356.0,356.0,356.0,0
2018-03-28,357.0,358.0,355.0,357.0,0
2018-03-29,356.0,356.0,355.0,356.0,0
2018-03-30,355.0,356.0,355.0,355.0,0
2018-04-02,355.0,355.0,355.0,355.0,0
2018-04-03,357.0,358.0,357.0,357.0,0
2018-04-04,358.0,358.0,355.0,358.0,0
2018-04-05,355.0,359.0,355.0,355.0,0
2018-04-06,355.0,359.0,355.0,355.0,0
2018-04-09,359.0,359.0,359.0,359.0,0
2018-04-10,358.0,359.0,358.0,358.0,0
2018-04-11,358.0,359.0,358.0,358.0,0
2018-04-12,358.0,359.0,358.0,358.0,0
2018-04-13,359.0,359.0,359.0,359.0,0
2018-04-16,359.0,359.0,356.0,359.0,0
2018-04-17,359.0,359.0,359.0,359.0,0
2018-04-18,358.0,359.0,358.0,358.0,0
2018-04-19,358.0,358.0,358.0,358.0,0
2018-04-20,359.0,359.0,358.0,359.0,0
2018-04-23,359.0,359.0,359.0,359.0,0
2018-04-24,359.0,359.0,359.0,359.0,0
2018-04-25,358.0,358.0,358.0,358.0,0
2018-04-26,358.0,359.0,358.0,358.0,0
2018-04-27,358.0,358.0,358.0,358.0,0
2018-04-30,359.0,359.0,358.0,359.0,0
2018-05-01,359.0,359.0,358.0,359.0,0
2018-05-02,359.0,358.0,358.0,358.0,0
2018-05-03,359.0,359.0,358.0,359.0,0
2018-05-04,359.0,359.0,358.0,359.0,0
2018-05-07,358.0,359.0,358.0,358.0,0
2018-05-08,358.0,359.0,359.0,359.0,0
2018-05-09,359.0,359.0,359.0,359.0,0
2018-05-10,359.0,360.0,359.0,359.0,0
2018-05-11,360.0,359.0,359.0,359.0,0
2018-05-14,358.0,360.0,358.0,358.0,0
2018-05-15,360.0,360.0,359.0,360.0,0
2018-05-16,360.0,360.0,358.0,360.0,0
2018-05-17,360.0,360.0,358.0,360.0,0
2018-05-18,360.0,360.0,358.0,360.0,0
2018-05-21,358.0,359.0,358.0,358.0,0
2018-05-22,360.0,360.0,360.0,360.0,0
2018-05-23,360.0,360.0,359.0,360.0,0
2018-05-24,360.0,360.0,359.0,360.0,0
2018-05-25,359.0,359.0,359.0,359.0,0
2018-05-28,359.0,359.0,358.0,359.0,0
2018-05-29,359.0,359.0,355.0,359.0,0
2018-05-30,356.0,356.0,356.0,356.0,0
2018-05-31,359.0,359.0,359.0,359.0,0
2018-06-01,359.0,359.0,359.0,359.0,0
2018-06-04,358.0,359.0,358.0,358.0,0
2018-06-05,358.0,359.0,358.0,358.0,0
2018-06-06,358.0,359.0,358.0,358.0,0
2018-06-07,358.0,358.0,357.0,358.0,0
2018-06-08,358.0,358.0,357.0,358.0,0
2018-06-11,358.0,359.0,359.0,359.0,0
2018-06-12,358.0,359.0,359.0,359.0,0
2018-06-13,358.0,359.0,358.0,358.0,0
2018-06-14,359.0,359.0,355.0,359.0,0
2018-06-15,356.0,359.0,356.0,356.0,0
2018-06-18,358.0,358.0,358.0,358.0,0
2018-06-19,358.0,358.0,358.0,358.0,0
2018-06-20,358.0,358.0,358.0,358.0,0
2018-06-21,360.0,360.0,359.0,360.0,0
2018-06-22,358.0,358.0,358.0,358.0,0
2018-06-25,358.0,358.0,358.0,358.0,0
2018-06-26,358.0,358.0,357.0,358.0,0
2018-06-27,357.0,358.0,357.0,357.0,0
2018-06-28,357.0,357.0,357.0,357.0,0
2018-06-29,357.0,360.3800048828125,359.2799987792969,360.3800048828125,0
2018-07-02,359.5,360.0,358.3599853515625,358.3599853515625,0
2018-07-03,360.0,360.0,359.45001220703125,359.7799987792969,0
2018-07-04,360.0,359.6099853515625,359.1199951171875,359.55999755859375,0
2018-07-05,359.6099853515625,360.0,358.0,359.260009765625,0
2018-07-06,360.0,360.0,359.29998779296875,359.29998779296875,0
2018-07-09,360.0,360.0,358.1300048828125,360.0,0
2018-07-10,358.0,360.04998779296875,359.5,360.04998779296875,0
2018-07-11,360.5,360.5,359.5,360.5,0
2018-07-12,360.0,360.6400146484375,360.260009765625,360.32000732421875,0
2018-07-13,360.5,360.5,359.0,360.5,0
2018-07-16,360.0,361.0,358.0,360.0,0
2018-07-17,360.5,360.5,360.5,360.5,0
2018-07-18,360.5,360.5,360.0,360.5,0
2018-07-19,360.5,361.489990234375,359.0,360.5,0
2018-07-20,3.5899999141693115,360.7300109863281,359.42999267578125,359.42999267578125,0
2018-07-23,360.5,358.9700012207031,358.25,358.25,0
2018-07-24,358.9700012207031,361.04998779296875,359.2900085449219,359.2900085449219,0
2018-07-25,361.04998779296875,361.8599853515625,360.95001220703125,361.45001220703125,0
2018-07-26,360.95001220703125,361.5,359.6199951171875,360.2799987792969,0
2018-07-27,361.5,363.6099853515625,361.04998779296875,362.55999755859375,0
2018-07-30,361.04998779296875,360.5,359.80999755859375,360.0199890136719,0
2018-07-31,360.5,361.3500061035156,359.17999267578125,359.17999267578125,0
2018-08-01,359.5,362.82000732421875,359.5,361.1600036621094,0
2018-08-02,359.0,361.7200012207031,359.5,361.7200012207031,0
2018-08-03,359.5,362.6600036621094,358.0,361.0799865722656,0
2018-08-06,360.0,360.5799865722656,359.9200134277344,360.0,0
2018-08-07,360.0,361.04998779296875,359.3399963378906,359.70001220703125,0
2018-08-08,359.5,361.95001220703125,359.5,360.1600036621094,0
2018-08-09,360.0,361.5299987792969,358.0,360.760009765625,0
2018-08-10,360.0,363.69000244140625,360.0,361.8399963378906,0
2018-08-13,360.0,361.20001220703125,360.0,361.20001220703125,0
2018-08-14,360.0,362.1600036621094,360.0,360.1600036621094,0
2018-08-15,360.0,361.07000732421875,359.5,360.0,0
2018-08-16,360.0,361.29998779296875,359.5,360.1099853515625,0
2018-08-17,360.0,362.05999755859375,360.0,360.6199951171875,0
2018-08-20,360.510009765625,362.1600036621094,359.5,360.55999755859375,0
2018-08-21,360.0,362.239990234375,359.5799865722656,359.7900085449219,0
2018-08-22,361.5,362.04998779296875,360.0,361.0,0
2018-08-23,361.0,362.3599853515625,361.6600036621094,361.6600036621094,0
2018-08-24,362.0,363.44000244140625,361.3999938964844,362.7200012207031,0
2018-08-27,360.0799865722656,360.8500061035156,359.5199890136719,359.5199890136719,0
2018-08-28,360.8500061035156,361.55999755859375,358.7300109863281,359.7900085449219,0
2018-08-29,361.55999755859375,361.6700134277344,361.25,361.6099853515625,0
2018-08-30,361.25,361.54998779296875,359.5899963378906,360.4200134277344,0
2018-08-31,361.54998779296875,362.5,361.6700134277344,362.0199890136719,0
2018-09-03,361.6700134277344,363.6400146484375,359.0199890136719,363.6400146484375,0
2018-09-04,359.0199890136719,359.17999267578125,359.04998779296875,359.04998779296875,0
2018-09-05,359.17999267578125,361.0199890136719,358.17999267578125,358.67999267578125,0
2018-09-06,361.0199890136719,360.3800048828125,358.9599914550781,360.3800048828125,0
2018-09-07,358.9599914550781,359.29998779296875,359.1000061035156,359.1000061035156,0
2018-09-10,359.29998779296875,362.94000244140625,359.29998779296875,359.29998779296875,0
2018-09-11,361.5,362.8500061035156,361.8599853515625,361.8599853515625,0
2018-09-12,362.7099914550781,362.92999267578125,357.0,362.57000732421875,0
2018-09-13,360.5,363.1300048828125,361.0400085449219,361.0400085449219,0
2018-09-14,362.5,362.5,359.0199890136719,361.8800048828125,0
2018-09-17,362.0,362.0,361.4100036621094,361.4100036621094,0
2018-09-18,361.0,362.0,358.8699951171875,361.1499938964844,0
2018-09-19,362.0,362.0,361.5,362.0,0
2018-09-20,361.5,362.6400146484375,362.0,362.0,0
2018-09-21,360.0,362.4200134277344,360.82000732421875,360.82000732421875,0
2018-09-24,362.0,363.0,362.0,362.9100036621094,0
2018-09-25,363.44000244140625,363.3900146484375,361.0199890136719,363.3900146484375,0
2018-09-26,362.5,363.5400085449219,360.9700012207031,361.739990234375,0
2018-09-27,363.0,363.6099853515625,360.0,363.29998779296875,0
2018-09-28,360.0,364.2300109863281,362.3500061035156,362.3500061035156,0
2018-10-01,362.0,364.1000061035156,363.3500061035156,363.3500061035156,0
2018-10-02,362.5,365.1000061035156,363.7699890136719,363.79998779296875,0
2018-10-03,362.760009765625,362.989990234375,360.0,362.989990234375,0
2018-10-04,360.0,364.9200134277344,360.0,364.9200134277344,0
2018-10-05,363.0,363.20001220703125,361.94000244140625,362.4700012207031,0
2018-10-08,363.0,362.55999755859375,362.4700012207031,362.4700012207031,0
2018-10-09,362.55999755859375,363.54998779296875,361.8299865722656,362.20001220703125,0
2018-10-10,362.5,362.6099853515625,361.7799987792969,362.1400146484375,0
2018-10-11,362.5,363.75,361.5799865722656,362.0400085449219,0
2018-10-12,362.5,363.6199951171875,362.5,362.8599853515625,0
2018-10-15,362.5,364.7200012207031,362.5,364.7200012207031,0
2018-10-16,363.5,363.5,361.0,363.25,0
2018-10-17,363.0,363.5400085449219,362.5899963378906,363.2699890136719,0
2018-10-18,363.5,363.9800109863281,363.0,363.739990234375,0
2018-10-19,363.0,363.0,361.4200134277344,363.0,0
2018-10-22,363.0,363.1099853515625,359.9700012207031,359.9700012207031,0
2018-10-23,363.0,364.3800048828125,362.5,363.69000244140625,0
2018-10-24,363.0,363.1199951171875,361.0,363.05999755859375,0
2018-10-25,362.5,363.2699890136719,361.4100036621094,361.9599914550781,0
2018-10-26,362.5,364.19000244140625,362.5,363.3399963378906,0
2018-10-29,361.6600036621094,363.0,360.489990234375,361.6600036621094,0
2018-10-30,363.0,363.0,362.30999755859375,363.0,0
2018-10-31,363.0,363.0,362.5,363.0,0
2018-11-01,363.0,363.0,362.44000244140625,363.0,0
2018-11-02,363.0,363.0,362.32000732421875,363.0,0
2018-11-05,362.5,363.1600036621094,251.0,362.5,0
2018-11-06,362.5,363.0,361.739990234375,362.5,0
2018-11-07,362.5,363.25,362.5,362.5,0
2018-11-08,362.5,364.79998779296875,362.489990234375,362.5,0
2018-11-09,363.0,364.0,359.05999755859375,363.0,0
2018-11-12,364.0,364.0,362.8500061035156,364.0,0
2018-11-13,362.8500061035156,363.5,360.0,362.8500061035156,0
2018-11-14,362.5,364.5,360.0,362.5,0
2018-11-15,364.0,364.0,361.0,364.0,0
2018-11-16,363.0,363.0,362.55999755859375,363.0,0
2018-11-19,364.0,364.0,358.0,364.0,0
2018-11-20,362.0,363.04998779296875,362.0,362.0,0
2018-11-21,363.5,363.5,361.0,363.5,0
2018-11-22,363.5,363.5,359.1099853515625,363.5,0
2018-11-23,359.1099853515625,359.4700012207031,358.8599853515625,359.1099853515625,0
2018-11-26,363.5,363.7099914550781,358.57000732421875,363.5,0
2018-11-27,362.75,363.0,362.45001220703125,362.75,0
2018-11-28,361.0,364.0,363.0,363.5,0
2018-11-29,364.010009765625,364.010009765625,362.3500061035156,364.010009765625,0
2018-11-30,363.5,363.510009765625,363.5,363.5,0
2018-12-03,363.5,364.5899963378906,362.6000061035156,363.5,0
2018-12-04,363.5,363.5,360.0,363.5,0
2018-12-05,361.0,364.25,362.57000732421875,363.0,0
2018-12-06,363.0,363.4200134277344,362.7200012207031,363.0,0
2018-12-07,363.5,364.0,362.3800048828125,363.5,0
2018-12-10,364.0,364.0,363.5,364.0,0
2018-12-11,363.5,364.19000244140625,361.0,363.5,0
2018-12-12,364.5,364.5299987792969,364.0,364.5,0
2018-12-13,362.0,364.0,362.9200134277344,364.0,0
2018-12-14,363.5,364.5799865722656,362.3800048828125,363.5,0
2018-12-17,362.5,364.0,361.80999755859375,362.5,0
2018-12-18,364.0,364.5,362.0,364.0,0
2018-12-19,364.5,364.5,362.57000732421875,364.5,0
2018-12-20,363.5,364.0,363.1700134277344,363.5,0
2018-12-21,363.25,364.2799987792969,363.25,363.25,0
2018-12-24,363.5,363.9100036621094,363.0,363.5,0
2018-12-25,363.0,363.2699890136719,363.0,363.0,0
2018-12-26,363.2699890136719,363.5199890136719,363.2699890136719,363.2699890136719,0
2018-12-27,364.0,364.6400146484375,362.8299865722656,364.0,0
2018-12-28,364.0,364.0,363.0799865722656,364.0,0
2018-12-31,363.5,364.5,363.1499938964844,363.5,0
2019-01-01,364.0,364.0,362.1099853515625,364.0,0
2019-01-02,362.1099853515625,364.0,359.1600036621094,362.1099853515625,0
2019-01-03,364.0,364.0,361.989990234375,364.0,0
2019-01-04,363.5,364.0,363.0,363.5,0
2019-01-07,364.0,364.7300109863281,362.760009765625,364.0,0
2019-01-08,364.0,365.2900085449219,362.0,364.0,0
2019-01-09,363.0,365.55999755859375,363.0,363.0,0
2019-01-10,364.8800048828125,364.8800048828125,364.0,364.8800048828125,0
2019-01-11,364.5,364.82000732421875,363.7200012207031,364.5,0
2019-01-14,364.5,365.489990234375,363.2300109863281,364.5,0
2019-01-15,363.5,363.5,361.0,363.5,0
2019-01-16,363.5,363.5,362.42999267578125,363.5,0
2019-01-17,363.5,363.5,361.8699951171875,363.5,0
2019-01-18,362.0,363.0,362.0,362.0,0
2019-01-21,362.5,363.25,361.92999267578125,362.5,0
2019-01-22,361.92999267578125,363.0,361.760009765625,361.92999267578125,0
2019-01-23,363.0,363.0,361.5899963378906,363.0,0
2019-01-24,362.0,362.5,360.95001220703125,362.0,0
2019-01-25,362.0,362.1300048828125,361.55999755859375,362.0,0
2019-01-28,361.25,362.0,361.0,361.25,0
2019-01-29,361.5,362.0,360.8699951171875,361.5,0
2019-01-30,361.0,362.20001220703125,361.0,361.0,0
2019-01-31,361.5,361.5,360.0,361.5,0
2019-02-01,362.4200134277344,362.8500061035156,361.5,362.4200134277344,0
2019-02-04,360.5,361.25,360.5,360.5,0
2019-02-05,360.5,361.5,358.0,360.5,0
2019-02-06,361.0,362.9800109863281,361.0,361.0,0
2019-02-07,360.5,362.6499938964844,360.5,360.5,0
2019-02-08,360.5,361.0,358.0,360.5,0
2019-02-11,360.5,361.0299987792969,360.5,360.5,0
2019-02-12,358.0,361.19000244140625,360.5,360.5,0
2019-02-13,361.0,362.67999267578125,360.5,361.0,0
2019-02-14,361.0,361.0,360.75,361.0,0
2019-02-15,359.0,361.0,360.0199890136719,361.0,0
2019-02-18,361.0,361.2900085449219,359.739990234375,361.0,0
2019-02-19,361.2900085449219,362.6400146484375,360.5,361.2900085449219,0
2019-02-20,361.0,361.57000732421875,359.0,361.0,0
2019-02-21,361.5,361.5,361.0,361.5,0
2019-02-22,361.5,362.5400085449219,3.0,361.5,0
2019-02-25,361.0,361.54998779296875,361.0,361.0,0
2019-02-26,361.5,361.6099853515625,360.7900085449219,361.5,0
2019-02-27,359.0,361.6400146484375,359.9100036621094,361.0,0
2019-02-28,361.0,362.20001220703125,358.0,361.0,0
2019-03-01,361.0,361.739990234375,360.5,361.0,0
2019-03-04,361.0,361.989990234375,360.0,361.0,0
2019-03-05,360.0,361.4800109863281,358.0,360.0,0
2019-03-06,360.0,361.4200134277344,359.5,360.0,0
2019-03-07,359.0,361.17999267578125,359.0,359.0,0
2019-03-08,359.5,361.2300109863281,356.0,359.5,0
2019-03-11,358.5,361.54998779296875,358.5,358.5,0
2019-03-12,358.5,360.989990234375,358.5,358.5,0
2019-03-13,358.5,361.44000244140625,357.0,358.5,0
2019-03-14,359.0,361.3800048828125,359.0,359.0,0
2019-03-15,357.0,361.1700134277344,359.0,359.0,0
2019-03-18,358.5,361.2900085449219,358.5,358.5,0
2019-03-19,360.739990234375,361.9800109863281,360.4599914550781,361.9800109863281,0
2019-03-20,359.5,360.760009765625,359.5,359.5,0
2019-03-21,360.0,360.57000732421875,357.42999267578125,360.0,0
2019-03-22,359.0,361.3399963378906,359.0,359.0,0
2019-03-25,358.5,361.1600036621094,358.5,358.5,0
2019-03-26,359.0,361.5299987792969,356.0,359.0,0
2019-03-27,359.5,361.0299987792969,359.5,359.5,0
2019-03-28,359.5,360.2699890136719,359.5,359.5,0
2019-03-29,360.2699890136719,360.489990234375,360.04998779296875,360.2699890136719,0
2019-04-01,359.5,360.7200012207031,357.0,359.5,0
2019-04-02,359.5,361.1300048828125,357.0,360.30999755859375,0
2019-04-03,359.0,359.7699890136719,358.8999938964844,358.95001220703125,0
2019-04-04,359.5,359.7099914550781,357.0,359.6099853515625,0
2019-04-05,357.0,359.5,358.9700012207031,359.17999267578125,0
2019-04-08,360.0,360.0,358.0,359.30999755859375,0
2019-04-09,359.5,359.5,358.6000061035156,359.04998779296875,0
2019-04-10,357.0,359.760009765625,357.0,359.3900146484375,0
2019-04-11,359.5,359.739990234375,359.0,359.6199951171875,0
2019-04-12,359.8699951171875,359.82000732421875,357.0,359.82000732421875,0
2019-04-15,359.5,360.0799865722656,357.0,359.5,0
2019-04-16,357.0,359.94000244140625,359.5,359.94000244140625,0
2019-04-17,359.5,360.2699890136719,357.0,359.8900146484375,0
2019-04-18,357.0,360.1700134277344,359.0,360.1700134277344,0
2019-04-19,359.5,359.6000061035156,359.5,359.54998779296875,0
2019-04-22,359.5,359.5,357.0,359.32000732421875,0
2019-04-23,357.0,359.5,357.0,358.8599853515625,0
2019-04-24,360.0,360.0,359.5,359.9599914550781,0
2019-04-25,359.5,361.55999755859375,358.0,360.5299987792969,0
2019-04-26,360.0,360.0,359.0799865722656,359.8299865722656,0
2019-04-29,360.0,360.0,358.6099853515625,360.0,0
2019-04-30,356.0,359.0299987792969,357.989990234375,357.989990234375,0
2019-05-01,359.0299987792969,358.95001220703125,358.8800048828125,358.95001220703125,0
2019-05-02,358.8800048828125,361.1700134277344,359.2699890136719,359.2699890136719,0
2019-05-03,361.1700134277344,362.2300109863281,359.510009765625,362.2300109863281,0
2019-05-06,359.5,361.2799987792969,357.0,359.2200012207031,0
2019-05-07,359.5,361.19000244140625,358.9700012207031,361.19000244140625,0
2019-05-08,359.5,360.7799987792969,359.0,359.2900085449219,0
2019-05-09,355.0,360.9599914550781,355.0,360.9599914550781,0
2019-05-10,356.0,359.5,358.6300048828125,358.6300048828125,0
2019-05-13,359.5,360.510009765625,358.5,359.4800109863281,0
2019-05-14,359.5,360.57000732421875,355.0,360.57000732421875,0
2019-05-15,359.5,361.0799865722656,356.0,361.0799865722656,0
2019-05-16,356.0,360.0,357.0,359.3900146484375,0
2019-05-17,356.0,360.80999755859375,357.0,360.80999755859375,0
2019-05-20,360.0,360.1000061035156,359.5,360.0,0
2019-05-21,355.0,360.0199890136719,359.3299865722656,359.3299865722656,0
2019-05-23,360.510009765625,360.4800109863281,356.0,360.4800109863281,0
2019-05-24,355.0,359.7300109863281,355.0,358.2099914550781,0
2019-05-27,359.5,359.739990234375,359.0899963378906,359.0899963378906,0
2019-05-28,359.739990234375,359.7099914550781,358.9800109863281,359.7099914550781,0
2019-05-29,359.7900085449219,359.67999267578125,359.2200012207031,359.67999267578125,0
2019-05-30,356.0,360.19000244140625,355.0,359.6000061035156,0
2019-05-31,356.0,360.489990234375,360.3699951171875,360.489990234375,0
2019-06-03,359.5,359.5,305.95001220703125,359.5,0
2019-06-04,355.0,358.0299987792969,305.95001220703125,358.0299987792969,0
2019-06-05,306.20001220703125,306.20001220703125,305.9599914550781,306.20001220703125,0
2019-06-06,305.95001220703125,306.70001220703125,305.95001220703125,305.95001220703125,0
2019-06-07,306.20001220703125,306.70001220703125,305.8999938964844,306.20001220703125,0
2019-06-10,306.20001220703125,356.0,305.95001220703125,305.9700012207031,0
2019-06-11,305.9100036621094,359.8599853515625,305.9100036621094,305.9100036621094,0
2019-06-12,356.0,356.0,355.0,356.0,0
2019-06-13,356.0,359.5,355.0,359.5,0
2019-06-14,356.0,359.5,355.0,359.5,0
2019-06-17,359.5,361.8500061035156,359.5,361.5299987792969,0
2019-06-18,360.5,360.260009765625,356.0,359.8500061035156,0
2019-06-19,356.0,360.1600036621094,360.04998779296875,360.1600036621094,0
2019-06-20,355.0,359.9599914550781,356.0,359.0799865722656,0
2019-06-21,355.0,360.2900085449219,360.0299987792969,360.2900085449219,0
2019-06-24,359.489990234375,359.8699951171875,357.5299987792969,359.489990234375,0
2019-06-25,359.5,360.1700134277344,359.510009765625,359.75,0
2019-06-26,356.0,360.5299987792969,355.0,360.5299987792969,0
2019-06-27,356.0,360.1099853515625,355.0,359.7099914550781,0
2019-06-28,355.0,360.25,355.0,360.25,0
2019-07-01,359.5,361.2799987792969,356.0,360.20001220703125,0
2019-07-02,361.739990234375,361.8599853515625,355.0,361.8599853515625,0
2019-07-03,360.2699890136719,360.2799987792969,360.239990234375,360.2799987792969,0
2019-07-04,356.0,360.6700134277344,359.7900085449219,360.6099853515625,0
2019-07-05,359.7900085449219,360.0,355.0,359.7699890136719,0
2019-07-08,359.5,361.1199951171875,356.0,361.1199951171875,0
2019-07-09,356.0,360.0,355.0,360.0,0
2019-07-10,355.0,359.67999267578125,355.0,359.67999267578125,0
2019-07-11,356.0,359.5,358.1700134277344,358.1700134277344,0
2019-07-12,355.0,360.2200012207031,359.510009765625,360.20001220703125,0
2019-07-15,359.5,359.7200012207031,359.5,359.7200012207031,0
2019-07-16,355.0,361.30999755859375,360.07000732421875,360.07000732421875,0
2019-07-17,361.30999755859375,361.6099853515625,360.010009765625,361.6099853515625,0
2019-07-18,356.0,359.67999267578125,355.0,359.67999267578125,0
2019-07-19,356.0,361.260009765625,359.2699890136719,359.2699890136719,0
2019-07-22,361.4100036621094,361.9100036621094,355.0,361.9100036621094,0
2019-07-23,355.0,360.55999755859375,360.0,360.55999755859375,0
2019-07-24,355.0,361.3399963378906,360.9599914550781,360.9700012207031,0
2019-07-25,355.0,361.6600036621094,359.5,361.6600036621094,0
2019-07-26,355.0,361.6099853515625,360.7300109863281,361.6099853515625,0
2019-07-29,359.510009765625,359.510009765625,356.0,359.510009765625,0
2019-07-30,359.5,361.7200012207031,355.0,361.4100036621094,0
2019-07-31,359.5,361.7900085449219,355.0,359.5,0
2019-08-01,355.0,364.1499938964844,356.0,364.1499938964844,0
2019-08-02,355.0,361.45001220703125,356.0,360.5299987792969,0
2019-08-05,360.989990234375,361.6700134277344,357.0,360.989990234375,0
2019-08-06,362.0,362.25,361.989990234375,362.0,0
2019-08-07,363.0,362.5,358.0,362.0,0
2019-08-08,361.5,362.2699890136719,357.0,361.6700134277344,0
2019-08-09,361.5,363.3800048828125,362.7200012207031,362.7200012207031,0
2019-08-12,362.0,363.3399963378906,363.1199951171875,363.1199951171875,0
2019-08-13,363.3299865722656,363.260009765625,362.6400146484375,362.6400146484375,0
2019-08-14,363.260009765625,364.54998779296875,362.6700134277344,364.54998779296875,0
2019-08-15,362.6700134277344,363.94000244140625,363.1600036621094,363.94000244140625,0
2019-08-16,363.1600036621094,364.6600036621094,363.20001220703125,364.6600036621094,0
2019-08-19,363.20001220703125,363.2699890136719,362.7699890136719,362.7699890136719,0
2019-08-20,363.2699890136719,363.2699890136719,362.0299987792969,363.2699890136719,0
2019-08-21,362.0299987792969,362.010009765625,361.5,361.510009765625,0
2019-08-22,362.0199890136719,362.4800109863281,361.8599853515625,362.4599914550781,0
2019-08-23,361.8599853515625,361.7300109863281,361.20001220703125,361.20001220703125,0
2019-08-26,361.7300109863281,361.2550048828125,357.0,361.24700927734375,0
2019-08-27,361.2099914550781,359.6000061035156,356.0,359.6000061035156,0
2019-08-28,356.0,357.0,356.0,356.0,0
2019-08-29,358.0,358.0,357.0,358.0,0
2019-08-30,358.0,358.0,358.0,358.0,0
2019-09-02,358.0,358.0,357.0,358.0,0
2019-09-03,358.0,358.0,357.0,358.0,0
2019-09-04,357.0,357.0,357.0,357.0,0
2019-09-05,357.0,357.0,357.0,357.0,0
2019-09-06,357.0,357.0,357.0,357.0,0
2019-09-09,358.0,358.0,358.0,358.0,0
2019-09-10,357.0,357.0,357.0,357.0,0
2019-09-11,357.0,358.0,357.0,357.0,0
2019-09-12,357.0,358.0,357.0,357.0,0
2019-09-13,357.0,361.0,357.0,357.0,0
2019-09-16,361.0,361.0,358.0,361.0,0
2019-09-17,359.0,359.0,358.0,359.0,0
2019-09-18,358.0,358.0,358.0,358.0,0
2019-09-19,359.0,358.0,358.0,358.0,0
2019-09-20,358.0,358.0,357.0,357.0,0
2019-09-23,358.0,359.0,358.0,358.0,0
2019-09-24,359.0,359.0,358.0,359.0,0
2019-09-25,358.0,359.0,358.0,358.0,0
2019-09-26,358.0,358.0,358.0,358.0,0
2019-09-27,359.0,359.0,358.0,359.0,0
2019-09-30,358.0,358.0,358.0,358.0,0
2019-10-01,358.0,358.0,358.0,358.0,0
2019-10-02,359.0,359.0,358.0,359.0,0
2019-10-03,358.0,359.0,358.0,358.0,0
2019-10-04,358.0,359.0,358.0,358.0,0
2019-10-07,358.0,359.0,358.0,358.0,0
2019-10-08,359.0,359.0,358.0,359.0,0
2019-10-09,357.0,358.0,357.0,357.0,0
2019-10-10,357.0,359.0,357.0,357.0,0
2019-10-11,359.0,359.0,359.0,359.0,0
2019-10-14,359.0,359.0,358.0,359.0,0
2019-10-15,358.0,360.0,358.0,358.0,0
2019-10-16,359.0,360.0,359.0,359.0,0
2019-10-17,359.0,360.0,359.0,359.0,0
2019-10-18,360.0,360.0,360.0,360.0,0
2019-10-21,359.0,360.0,359.0,359.0,0
2019-10-22,359.0,360.0,359.0,359.0,0
2019-10-23,360.0,360.0,360.0,360.0,0
2019-10-24,359.0,359.0,359.0,359.0,0
2019-10-25,360.0,360.0,359.0,360.0,0
2019-10-28,358.0,359.0,358.0,358.0,0
2019-10-29,359.0,359.0,358.0,358.0,0
2019-10-30,358.0,359.0,358.0,358.0,0
2019-10-31,360.0,361.0,360.0,360.0,0
2019-11-01,360.0,361.0,360.0,360.0,0
2019-11-04,360.0,361.0,360.0,360.0,0
2019-11-05,357.0,357.0,357.0,357.0,0
2019-11-06,359.0,358.0,358.0,358.0,0
2019-11-07,358.0,361.0,358.0,358.0,0
2019-11-08,360.0,360.0,359.0,360.0,0
2019-11-11,360.0,360.0,360.0,360.0,0
2019-11-12,359.0,359.0,358.0,359.0,0
2019-11-13,358.0,358.0,358.0,358.0,0
2019-11-14,358.0,359.0,358.0,358.0,0
2019-11-15,358.0,359.0,358.0,358.0,0
2019-11-18,358.0,359.0,358.0,358.0,0
2019-11-19,359.0,360.0,360.0,360.0,0
2019-11-20,359.0,359.0,359.0,359.0,0
2019-11-21,360.0,360.0,360.0,360.0,0
2019-11-22,360.0,360.0,359.0,360.0,0
2019-11-25,360.0,360.0,360.0,360.0,0
2019-11-26,360.0,360.0,360.0,360.0,0
2019-11-27,360.0,360.0,360.0,360.0,0
2019-11-28,360.0,360.0,360.0,360.0,0
2019-11-29,360.0,360.0,360.0,360.0,0
2019-12-02,360.0,360.0,360.0,360.0,0
2019-12-03,360.0,360.0,360.0,360.0,0
2019-12-04,360.0,360.0,360.0,360.0,0
2019-12-05,359.0,359.0,359.0,359.0,0
2019-12-06,360.0,360.0,359.0,360.0,0
2019-12-09,360.0,360.0,360.0,360.0,0
2019-12-10,359.0,359.0,359.0,359.0,0
2019-12-11,360.0,360.0,359.0,360.0,0
2019-12-12,359.0,360.0,359.0,359.0,0
2019-12-13,359.0,360.0,360.0,360.0,0
2019-12-16,360.0,360.0,360.0,360.0,0
2019-12-17,360.0,360.0,360.0,360.0,0
2019-12-18,360.0,360.0,360.0,360.0,0
2019-12-19,359.0,360.0,359.0,359.0,0
2019-12-20,359.0,360.0,359.0,359.0,0
2019-12-23,360.0,360.0,360.0,360.0,0
2019-12-24,359.0,359.0,359.0,359.0,0
2019-12-25,359.0,360.0,359.0,359.0,0
2019-12-26,360.0,360.0,359.0,360.0,0
2019-12-27,359.0,359.0,359.0,359.0,0
2019-12-30,360.0,360.0,360.0,360.0,0
2019-12-31,359.0,360.0,359.0,359.0,0
2020-01-01,359.0,360.0,359.0,359.0,0
2020-01-02,360.0,360.0,360.0,360.0,0
2020-01-03,359.0,360.0,360.0,360.0,0
2020-01-06,359.0,360.0,359.0,359.0,0
2020-01-07,360.0,360.0,360.0,360.0,0
2020-01-08,360.0,360.0,359.0,360.0,0
2020-01-09,359.0,360.0,359.0,360.0,0
2020-01-10,360.0,360.0,360.0,360.0,0
2020-01-13,359.0,360.0,359.0,359.0,0
2020-01-14,360.0,360.0,360.0,360.0,0
2020-01-15,360.0,360.0,359.0,360.0,0
2020-01-16,360.0,360.0,359.0,360.0,0
2020-01-17,360.0,360.0,359.0,360.0,0
2020-01-20,359.0,360.0,360.0,360.0,0
2020-01-21,360.0,360.0,360.0,360.0,0
2020-01-22,360.0,360.0,360.0,360.0,0
2020-01-23,360.0,360.0,359.0,360.0,0
2020-01-24,359.0,360.0,360.0,360.0,0
2020-01-27,360.0,360.0,360.0,360.0,0
2020-01-28,360.0,360.0,359.0,360.0,0
2020-01-29,360.0,360.0,359.0,360.0,0
2020-01-30,360.0,360.0,360.0,360.0,0
2020-01-31,359.0,360.0,359.0,359.0,0
2020-02-03,359.0,360.0,359.0,359.0,0
2020-02-04,359.0,361.0,359.0,359.0,0
2020-02-05,361.0,361.0,360.0,360.0,0
2020-02-06,361.0,360.0,360.0,360.0,0
2020-02-07,360.0,360.0,360.0,360.0,0
2020-02-10,360.0,361.0,360.0,360.0,0
2020-02-11,361.0,361.0,360.0,360.0,0
2020-02-12,361.0,360.0,360.0,360.0,0
2020-02-13,360.0,360.0,360.0,360.0,0
2020-02-14,361.0,361.0,360.0,361.0,0
2020-02-17,361.0,361.0,360.0,361.0,0
2020-02-18,360.0,360.0,360.0,360.0,0
2020-02-19,361.0,362.0,361.0,361.0,0
2020-02-20,362.0,362.0,362.0,362.0,0
2020-02-21,362.0,362.0,362.0,362.0,0
2020-02-24,362.0,362.0,362.0,362.0,0
2020-02-25,361.0,364.0,361.0,361.0,0
2020-02-26,363.0,364.0,363.0,363.0,0
2020-02-27,364.0,364.0,364.0,364.0,0
2020-02-28,364.0,364.0,364.0,364.0,0
2020-03-02,364.0,364.0,364.0,364.0,0
2020-03-03,363.0,363.0,363.0,363.0,0
2020-03-04,364.0,364.0,364.0,364.0,0
2020-03-05,363.0,364.0,363.0,363.0,0
2020-03-06,364.0,364.0,363.0,364.0,0
2020-03-09,364.0,365.0,364.0,364.0,0
2020-03-10,364.0,365.0,364.0,364.0,0
2020-03-11,364.0,365.0,364.0,364.0,0
2020-03-12,364.0,364.0,364.0,364.0,0
2020-03-13,364.0,365.0,363.0,364.0,0
2020-03-16,364.0,364.0,364.0,364.0,0
2020-03-17,365.0,365.0,365.0,365.0,0
2020-03-18,364.0,364.0,364.0,364.0,0
2020-03-19,364.0,365.0,364.0,364.0,0
2020-03-20,364.0,365.0,364.0,364.0,0
2020-03-23,364.0,365.0,364.0,364.0,0
2020-03-24,364.0,365.0,364.0,364.0,0
2020-03-25,364.0,365.0,364.0,364.0,0
2020-03-26,364.0,369.8089294433594,369.7755432128906,369.7858581542969,0
2020-03-27,364.0,369.8089294433594,369.7755432128906,369.7858581542969,0
2020-03-30,364.0,369.8089294433594,369.7755432128906,369.7858581542969,0
2020-03-31,364.0,369.8089294433594,369.7755432128906,369.7858581542969,0
2020-04-01,364.0,369.8089294433594,369.7755432128906,369.7858581542969,0
2020-04-02,364.0,369.8089294433594,369.7755432128906,369.7858581542969,0
2020-04-03,364.0,369.8089294433594,369.7755432128906,369.7858581542969,0
2020-04-06,364.0,369.8089294433594,369.7755432128906,369.7858581542969,0
2020-04-07,364.0,369.8089294433594,369.7755432128906,369.7858581542969,0
2020-04-08,364.0,369.8089294433594,369.7755432128906,369.7858581542969,0
2020-04-09,364.0,369.8089294433594,369.7755432128906,369.7858581542969,0
2020-04-10,364.0,369.8089294433594,369.7755432128906,369.7858581542969,0
2020-04-13,364.0,369.8089294433594,369.7755432128906,369.7858581542969,0
2020-04-14,387.0,386.0,385.0,385.0,0
2020-04-15,385.0,386.0,383.0,385.0,0
2020-04-16,385.5,386.5,385.5,385.5,0
2020-04-17,386.0,386.07000732421875,385.9100036621094,386.0,0
2020-04-20,384.6099853515625,386.0,381.82000732421875,384.6099853515625,0
2020-04-21,389.0,389.0,385.8500061035156,389.0,0
2020-04-22,360.0,389.510986328125,387.0,389.487548828125,0
2020-04-23,389.5,390.6300048828125,389.0,389.5,0
2020-04-24,389.5,390.3434143066406,360.0,389.98583984375,0
2020-04-27,360.0,389.6400146484375,360.0,360.0,0
2020-04-28,389.5,390.0000915527344,387.3111267089844,389.96929931640625,0
2020-04-29,389.0,390.9700012207031,389.0,389.0,0
2020-04-30,389.0,389.5,386.76544189453125,389.0,0
2020-05-01,389.489990234375,389.5,388.0,389.489990234375,0
2020-05-04,389.010009765625,389.3999938964844,389.0,389.010009765625,0
2020-05-05,388.0,390.17999267578125,389.3900146484375,389.489990234375,0
2020-05-06,389.5,389.510009765625,389.5,389.5,0
2020-05-07,389.5,389.5,366.3500061035156,389.5,0
2020-05-08,389.0,389.0299987792969,389.0,389.0,0
2020-05-11,389.0,389.55999755859375,388.55999755859375,389.1000061035156,0
2020-05-12,389.010009765625,389.5,389.0,389.010009765625,0
2020-05-13,389.96673583984375,390.4800109863281,388.0,390.4800109863281,0
2020-05-14,389.5,389.7799987792969,387.0,389.5,0
2020-05-15,387.0,389.5,385.7200012207031,389.5,0
2020-05-18,386.510009765625,386.510009765625,385.5899963378906,386.510009765625,0
2020-05-19,389.5,390.0,389.5,389.5,0
2020-05-20,389.510009765625,390.57000732421875,387.0,389.510009765625,0
2020-05-21,388.0,389.5,387.2300109863281,388.0,0
2020-05-22,389.5,389.5199890136719,387.0,389.5,0
2020-05-25,390.0,390.07000732421875,390.0,390.0,0
2020-05-26,390.07000732421875,390.07000732421875,389.510009765625,390.07000732421875,0
2020-05-27,390.0,390.0,382.0899963378906,390.0,0
2020-05-28,389.5,390.0,380.1340637207031,389.5,0
2020-05-29,387.0,387.0,386.07000732421875,387.0,0
2020-06-01,360.0,387.4790344238281,386.1099853515625,387.4735107421875,0
2020-06-02,384.0,387.0,360.75,387.0,0
2020-06-03,387.0,387.6300048828125,385.0,387.5,0
2020-06-04,387.0,387.5,384.0,387.0,0
2020-06-05,384.0,387.7200012207031,387.0,387.0,0
2020-06-08,387.0,387.3999938964844,387.0,387.0,0
2020-06-09,387.0,387.5,386.3399963378906,387.0,0
2020-06-10,384.0,387.5,384.2900085449219,387.0,0
2020-06-11,387.0,387.5299987792969,385.393310546875,387.0,0
2020-06-12,385.0,387.5,387.04998779296875,387.5,0
2020-06-15,387.0,387.6300048828125,384.0,387.0,0
2020-06-16,387.0,387.5,382.3603515625,387.0,0
2020-06-17,384.0,387.5,386.1099853515625,387.0,0
2020-06-18,387.0,387.4813537597656,384.0,387.460205078125,0
2020-06-19,384.0,387.5,384.0,387.0,0
2020-06-22,387.0,387.0,384.0,387.0,0
2020-06-23,387.5,387.5,385.989990234375,387.5,0
2020-06-24,387.5,387.5,384.989990234375,387.5,0
2020-06-25,387.5,388.2699890136719,387.04998779296875,387.5,0
2020-06-26,384.0,387.0,386.8299865722656,387.0,0
2020-06-29,387.0,387.0,384.0,387.0,0
2020-06-30,387.0,387.5,385.8599853515625,387.0,0
2020-07-01,387.5,387.7900085449219,384.7900085449219,387.5,0
2020-07-02,387.0,387.5,385.0,387.0,0
2020-07-03,387.5,388.3399963378906,385.0,387.5,0
2020-07-06,387.5,387.5,384.28045654296875,387.5,0
2020-07-07,387.0,387.1499938964844,384.75,387.0,0
2020-07-08,387.0,387.54998779296875,384.0,387.0,0
2020-07-09,384.0,387.5,384.0,387.0,0
2020-07-10,387.5,387.5899963378906,386.80999755859375,387.5,0
2020-07-13,386.9599914550781,387.0199890136719,386.5,386.9599914550781,0
2020-07-14,387.0,387.010009765625,384.0,387.0,0
2020-07-15,386.5,387.6400146484375,385.55999755859375,386.5,0
2020-07-16,387.0,387.5,385.0,387.0,0
2020-07-17,387.5,388.29998779296875,386.17999267578125,387.5,0
2020-07-20,387.0,388.010009765625,387.0,387.0,0
2020-07-21,385.0,388.2699890136719,383.6810302734375,387.5,0
2020-07-22,387.0,387.0,382.739990234375,387.0,0
2020-07-23,387.5,387.69000244140625,385.8599853515625,387.5,0
2020-07-24,387.5,387.5,385.69000244140625,387.5,0
2020-07-27,387.0,389.5799865722656,384.0,387.0,0
2020-07-28,387.5,388.2099914550781,387.0,387.5,0
2020-07-29,387.5,388.7900085449219,384.21875,387.5,0
2020-07-30,387.0,387.5,371.0,387.0,0
2020-07-31,373.0,387.67999267578125,374.0,381.5,0
2020-08-03,383.5,387.9700012207031,377.5,383.5,0
2020-08-04,379.0,386.0899963378906,379.0,379.0,0
2020-08-05,379.0,385.8900146484375,379.0,379.0,0
2020-08-06,385.8900146484375,388.0299987792969,373.0,385.8900146484375,0
2020-08-07,378.5,385.32000732421875,376.0,378.5,0
2020-08-10,386.3599853515625,386.3599853515625,378.0,386.3599853515625,0
2020-08-11,380.79998779296875,386.1700134277344,373.0,378.0,0
2020-08-12,372.0,385.1199951171875,372.0,380.0,0
2020-08-13,374.0,385.7200012207031,374.0,381.0,0
2020-08-14,380.0,385.7300109863281,380.0,380.0,0
2020-08-17,385.7300109863281,385.7300109863281,380.0,385.7300109863281,0
2020-08-18,378.0,383.7200012207031,380.5,380.5,0
2020-08-19,382.0,384.8900146484375,381.510009765625,382.0,0
2020-08-20,384.8900146484375,387.9700012207031,384.8900146484375,384.8900146484375,0
2020-08-21,386.0899963378906,386.0899963378906,384.6700134277344,386.0899963378906,0
2020-08-24,386.0199890136719,386.0899963378906,385.3399963378906,386.0199890136719,0
2020-08-25,385.3399963378906,386.3299865722656,385.3399963378906,385.3399963378906,0
2020-08-26,385.55999755859375,385.55999755859375,385.5199890136719,385.55999755859375,0
2020-08-27,385.5199890136719,386.54998779296875,384.5064697265625,385.5199890136719,0
2020-08-28,386.2200012207031,386.9599914550781,385.760009765625,386.2200012207031,0
2020-08-31,386.9599914550781,386.9599914550781,384.67999267578125,386.9599914550781,0
2020-09-01,384.67999267578125,385.8900146484375,384.2900085449219,384.67999267578125,0
2020-09-02,385.8900146484375,388.6099853515625,385.7799987792969,385.8900146484375,0
2020-09-03,385.7799987792969,386.7900085449219,373.0,385.7799987792969,0
2020-09-04,373.0,385.0799865722656,380.5,380.5,0
2020-09-07,381.0,386.19000244140625,381.0,381.0,0
2020-09-08,386.19000244140625,386.6199951171875,374.0,386.19000244140625,0
2020-09-09,378.0,383.8399963378906,381.0,383.0,0
2020-09-10,380.0,383.0199890136719,380.0,380.0,0
2020-09-11,380.5,383.1000061035156,380.5,380.5,0
2020-09-14,380.5,385.0400085449219,377.0,380.5,0
2020-09-15,376.0,385.1700134277344,375.0,383.0,0
2020-09-16,376.0,387.0799865722656,374.0,383.0,0
2020-09-17,384.0,387.9800109863281,383.20751953125,384.0,0
2020-09-18,384.0,384.92999267578125,382.8935852050781,384.0,0
2020-09-21,382.5,385.19000244140625,375.0,382.5,0
2020-09-22,381.0,385.2200012207031,381.0,381.0,0
2020-09-23,381.0,386.989990234375,381.0,381.0,0
2020-09-24,386.989990234375,388.1600036621094,377.0,386.989990234375,0
2020-09-25,376.0,386.55999755859375,376.0,380.5,0
2020-09-28,380.0,384.94000244140625,376.0,380.0,0
2020-09-29,382.5,384.7799987792969,377.0,382.5,0
2020-09-30,382.5,385.1499938964844,378.0,382.5,0
2020-10-01,380.5,381.0,378.16107177734375,380.5,0
2020-10-02,378.0,383.55999755859375,377.0,382.0,0
2020-10-05,382.0,386.4100036621094,377.0,382.0,0
2020-10-06,377.0,384.4700012207031,377.0,382.5,0
2020-10-07,382.5,385.94000244140625,382.5,382.5,0
2020-10-08,384.17999267578125,385.4100036621094,384.17999267578125,384.17999267578125,0
2020-10-09,377.0,383.0400085449219,382.5,382.5,0
2020-10-12,382.5,383.0400085449219,382.5,382.5,0
2020-10-13,383.0400085449219,383.0400085449219,382.8999938964844,383.0400085449219,0
2020-10-14,380.5,380.5,378.0,380.5,0
2020-10-15,380.5,383.0799865722656,379.5199890136719,380.5,0
2020-10-16,376.0,383.20001220703125,377.3478698730469,379.5,0
2020-10-19,380.5,383.0,378.0,380.5,0
2020-10-20,380.0,383.0,380.0,380.0,0
2020-10-21,380.0,382.3500061035156,377.0,380.0,0
2020-10-22,378.0,381.1000061035156,380.5,381.0,0
2020-10-23,377.0,382.0400085449219,380.5,380.5,0
2020-10-26,377.0,381.4700012207031,380.5,380.5,0
2020-10-27,377.0,381.5799865722656,379.5,380.5,0
2020-10-28,380.510009765625,381.4200134277344,380.05999755859375,380.510009765625,0
2020-10-29,380.0,385.79998779296875,379.32000732421875,380.0,0
2020-10-30,386.9599914550781,386.9599914550781,379.94000244140625,386.9599914550781,0
2020-11-02,380.0,385.2900085449219,376.0,380.0,0
2020-11-03,377.0,385.260009765625,379.0,381.0,0
2020-11-04,382.5,384.9700012207031,377.0,382.5,0
2020-11-05,382.5,384.70001220703125,381.5084228515625,382.5,0
2020-11-06,378.0,383.489990234375,377.0,382.5,0
2020-11-09,377.0,385.2799987792969,378.0,381.5,0
2020-11-10,379.5,380.70001220703125,378.0,379.5,0
2020-11-11,379.5,386.0899963378906,379.5,379.5,0
2020-11-12,380.70001220703125,380.75,378.0,380.70001220703125,0
2020-11-13,379.0,385.19000244140625,377.0,379.0,0
2020-11-16,378.0,382.7015686035156,378.0,380.70001220703125,0
2020-11-17,377.0,382.22076416015625,378.0,380.70001220703125,0
2020-11-18,379.0,383.1533508300781,379.0,380.70001220703125,0
2020-11-19,378.0,382.97296142578125,379.0,380.70001220703125,0
2020-11-20,379.0,383.9412536621094,378.0,380.70001220703125,0
2020-11-23,378.0,383.3710021972656,377.0,380.70001220703125,0
2020-11-24,377.0,380.70001220703125,377.0,380.70001220703125,0
2020-11-25,378.0,380.70001220703125,377.0,380.70001220703125,0
2020-11-26,377.0,380.70001220703125,378.0,380.70001220703125,0
2020-11-27,380.70001220703125,380.70001220703125,378.0,380.70001220703125,0
2020-11-30,377.0,383.3215026855469,376.8728332519531,380.70001220703125,0
2020-12-01,376.0,380.70001220703125,377.0,380.70001220703125,0
2020-12-02,378.0,380.70001220703125,374.7236022949219,380.70001220703125,0
2020-12-03,378.0,380.70001220703125,376.1140441894531,380.70001220703125,0
2020-12-04,378.0,380.70001220703125,378.0,380.70001220703125,0
2020-12-07,377.0,381.1726379394531,377.0,380.70001220703125,0
2020-12-08,378.0,381.1600341796875,377.0,380.70001220703125,0
2020-12-09,378.0,380.90557861328125,377.0,380.70001220703125,0
2020-12-10,377.0,380.70001220703125,377.67279052734375,380.70001220703125,0
2020-12-11,377.0,386.1209716796875,375.4653015136719,375.4653015136719,0
2020-12-14,376.0,386.1180725097656,375.0,380.70001220703125,0
2020-12-15,374.0,390.3907470703125,375.0,380.70001220703125,0
2020-12-16,376.0,386.1067810058594,375.0,380.70001220703125,0
2020-12-17,376.0,386.087646484375,379.75,380.70001220703125,0
2020-12-18,375.0,380.75,375.0,380.70001220703125,0
2020-12-21,376.0,394.2422790527344,380.70001220703125,380.70001220703125,0
2020-12-22,376.0,392.3766174316406,375.0,380.70001220703125,0
2020-12-23,376.0,392.3025817871094,376.0,380.70001220703125,0
2020-12-24,375.0,392.3662414550781,375.0,380.70001220703125,0
2020-12-25,376.0,380.70001220703125,380.70001220703125,380.70001220703125,0
2020-12-28,380.70001220703125,392.2998046875,374.0,380.70001220703125,0
2020-12-29,376.0,392.2256774902344,375.0,391.2410583496094,0
2020-12-30,378.0,392.32574462890625,375.0,380.70001220703125,0
2020-12-31,375.0,392.2215576171875,378.0,391.2259216308594,0
2021-01-01,380.70001220703125,380.70001220703125,380.70001220703125,380.70001220703125,0
2021-01-04,380.70001220703125,392.70452880859375,380.70001220703125,380.70001220703125,0
2021-01-05,374.0,392.7750549316406,374.0,380.70001220703125,0
2021-01-06,374.0,392.78973388671875,379.75,380.70001220703125,0
2021-01-07,374.0,392.39752197265625,380.70001220703125,380.70001220703125,0
2021-01-08,380.70001220703125,380.75,375.0,380.70001220703125,0
2021-01-11,393.8813781738281,395.4324035644531,374.0,380.70001220703125,0
2021-01-12,374.0,394.8971862792969,379.75,380.70001220703125,0
2021-01-13,375.0,380.70001220703125,379.75,380.70001220703125,0
2021-01-14,375.0,392.31951904296875,380.70001220703125,380.70001220703125,0
2021-01-15,375.0,392.3733215332031,380.70001220703125,380.70001220703125,0
2021-01-18,393.7083435058594,393.77679443359375,380.70001220703125,380.70001220703125,0
2021-01-19,380.70001220703125,380.75,375.0,380.70001220703125,0
2021-01-20,375.0,392.2706604003906,380.70001220703125,380.70001220703125,0
2021-01-21,374.0,392.1497497558594,380.70001220703125,380.70001220703125,0
2021-01-22,375.0,392.48388671875,380.70001220703125,380.70001220703125,0
2021-01-25,378.0,380.75,378.0,380.70001220703125,0
2021-01-26,378.0,392.1089172363281,376.0,380.70001220703125,0
2021-01-27,376.0,380.75,375.0,380.67999267578125,0
2021-01-28,376.0,394.690185546875,375.0,380.67999267578125,0
2021-01-29,375.0,380.70001220703125,374.0,380.70001220703125,0
2021-02-01,380.70001220703125,380.70001220703125,380.70001220703125,380.70001220703125,0
2021-02-02,375.0,380.75,380.25,380.70001220703125,0
2021-02-03,375.0,380.75,374.0,380.70001220703125,0
2021-02-04,376.0,380.75,374.0,380.70001220703125,0
2021-02-05,375.0,380.75,375.0,380.70001220703125,0
2021-02-08,376.0,380.75,375.0,380.70001220703125,0
2021-02-09,376.0,380.75,375.0,380.70001220703125,0
2021-02-10,376.0,380.75,375.0,380.70001220703125,0
2021-02-11,376.0,380.75,375.0,380.70001220703125,0
2021-02-12,375.0,380.70001220703125,375.0,380.70001220703125,0
2021-02-15,380.6499938964844,380.75,380.6499938964844,380.6499938964844,0
2021-02-16,380.6499938964844,380.75,380.6499938964844,380.6499938964844,0
2021-02-17,376.0,380.75,375.0,380.6499938964844,0
2021-02-18,376.0,380.6499938964844,375.0,380.6499938964844,0
2021-02-19,375.0,380.75,376.0,380.6000061035156,0
2021-02-22,376.0,380.75,376.0,380.6000061035156,0
2021-02-23,376.0,380.75,375.0,380.6000061035156,0
2021-02-24,375.0,380.75,375.0,380.6000061035156,0
2021-02-25,375.0,380.75,376.0,380.6000061035156,0
2021-02-26,380.5799865722656,380.75,380.5799865722656,380.5799865722656,0
2021-03-01,380.5799865722656,380.75,380.54998779296875,380.5799865722656,0
2021-03-02,376.0,380.54998779296875,380.5,380.5,0
2021-03-03,380.5,380.75,375.0,380.5,0
2021-03-04,380.5,411.1099853515625,380.5,380.5,0
2021-03-05,379.5,380.6300048828125,379.5,379.5,0
2021-03-08,376.0,381.0820007324219,380.25,380.5,0
2021-03-09,380.0,380.0,380.0,380.0,0
2021-03-10,379.5,380.3399963378906,379.5,379.5,0
2021-03-11,380.0,411.3500061035156,377.0,380.0,0
2021-03-12,380.5,380.75,378.0,380.5,0
2021-03-15,380.5,381.0580139160156,380.5,381.0580139160156,0
2021-03-16,380.5,380.54998779296875,377.0,380.5,0
2021-03-17,376.0,379.5,379.5,379.5,0
2021-03-18,380.58599853515625,381.0,378.0,380.54998779296875,0
2021-03-19,380.0,409.8699951171875,380.0,380.0,0
2021-03-22,380.0,380.75,379.5,380.75,0
2021-03-23,378.0,411.1300048828125,379.5,379.5,0
2021-03-24,379.0,380.54998779296875,379.0,380.0,0
2021-03-25,380.0,380.54998779296875,379.0,380.0,0
2021-03-26,380.5,409.1600036621094,380.5,380.5,0
2021-03-29,380.54998779296875,390.1700134277344,379.0,380.54998779296875,0
2021-03-30,379.5,380.54998779296875,378.0,379.5,0
2021-03-31,380.0,381.0,379.5,380.0,0
2021-04-01,381.0,381.0,379.0,381.0,0
2021-04-02,380.5,380.5,379.0,380.5,0
2021-04-05,380.5,408.8599853515625,380.5,380.5,0
2021-04-06,408.8599853515625,409.5,380.75,380.75,0
2021-04-07,380.75,380.54998779296875,380.54998779296875,380.54998779296875,0
2021-04-08,380.54998779296875,380.8739929199219,380.54998779296875,380.54998779296875,0
2021-04-09,380.54998779296875,380.8800048828125,380.8800048828125,380.8800048828125,0
2021-04-12,380.54998779296875,380.75,378.0,380.54998779296875,0
2021-04-13,380.0,381.0,380.0,380.0,0
2021-04-14,381.5,381.5,380.25,381.5,0
2021-04-15,380.0,381.0,380.0,380.0,0
2021-04-16,380.5,380.6000061035156,380.25,380.5,0
2021-04-19,410.5299987792969,380.7699890136719,376.0,380.760009765625,0
2021-04-20,379.5,380.75,379.5,379.5,0
2021-04-21,380.5,408.2699890136719,380.0,380.5,0
2021-04-22,380.0,380.5299987792969,377.0,380.0,0
2021-04-23,378.0,380.75,378.0,380.5,0
2021-04-26,380.54998779296875,381.0,380.25,380.54998779296875,0
2021-04-27,380.5,380.75,380.0,380.5,0
2021-04-28,379.0,379.0,376.0,379.0,0
2021-04-29,376.0,408.1600036621094,379.5,379.5,0
2021-04-30,380.5,380.5,380.0,380.5,0
2021-05-03,410.2900085449219,379.5,379.5,379.5,0
2021-05-04,380.0,380.57000732421875,379.5,380.0,0
2021-05-05,380.0,380.0,376.0,380.0,0
2021-05-06,380.0,408.2699890136719,376.0,380.0,0
2021-05-07,380.5,381.5,380.0,380.5,0
2021-05-10,380.0,410.1300048828125,380.0,380.0,0
2021-05-11,380.0,408.2099914550781,380.0,380.0,0
2021-05-12,380.0,408.1600036621094,381.0899963378906,381.0899963378906,0
2021-05-13,408.1600036621094,409.7300109863281,408.1400146484375,408.1600036621094,0
2021-05-14,376.0,408.0,379.5,379.5,0
2021-05-17,412.5,412.8999938964844,408.25,412.5,0
2021-05-18,410.0,412.6000061035156,406.989990234375,412.0,0
2021-05-19,410.0,412.29998779296875,410.0,412.0,0
2021-05-20,412.0,412.29998779296875,408.82000732421875,412.0,0
2021-05-21,412.0,412.1600036621094,412.0,412.0,0
2021-05-24,412.20001220703125,413.2900085449219,409.75,412.20001220703125,0
2021-05-25,410.0,412.1000061035156,409.739990234375,412.0,0
2021-05-26,409.0,412.1000061035156,408.25,412.0,0
2021-05-27,409.0,412.19000244140625,412.0,412.0,0
2021-05-28,410.0,412.7099914550781,407.0,412.0,0
2021-05-31,412.5,412.5,410.0,412.5,0
2021-06-01,412.5,412.5,409.4100036621094,412.5,0
2021-06-02,412.0,412.04998779296875,410.0,412.0,0
2021-06-03,412.5,412.5,409.75,412.5,0
2021-06-04,412.0,412.04998779296875,409.9200134277344,412.0,0
2021-06-07,412.04998779296875,412.04998779296875,408.0,412.04998779296875,0
2021-06-08,412.0400085449219,412.0400085449219,408.0,412.0400085449219,0
2021-06-09,411.5,412.5,409.75,411.5,0
2021-06-10,412.0400085449219,412.5,408.0,412.0400085449219,0
2021-06-11,411.5,412.2300109863281,409.8500061035156,411.5,0
2021-06-14,411.5,412.5,411.5,411.5,0
2021-06-15,412.0,412.6499938964844,409.3299865722656,412.0400085449219,0
2021-06-16,412.0,412.0,408.0,412.0,0
2021-06-17,410.0,412.0,407.9700012207031,410.0,0
2021-06-18,409.5,410.5,409.0,409.5,0
2021-06-21,410.0,411.2300109863281,410.0,410.0,0
2021-06-22,410.5,411.0,408.0,410.5,0
2021-06-23,410.0,411.0,409.1600036621094,410.8800048828125,0
2021-06-24,411.0,411.7200012207031,409.44000244140625,411.0,0
2021-06-25,410.0,411.0,409.5400085449219,410.0,0
2021-06-28,409.67999267578125,411.4599914550781,409.5799865722656,409.5799865722656,0
2021-06-29,410.0,411.0,409.6199951171875,410.0,0
2021-06-30,411.0,411.0,409.6600036621094,411.0,0
2021-07-01,411.0,411.0,410.5,410.5199890136719,0
2021-07-02,409.0,411.1400146484375,410.5,410.5,0
2021-07-05,411.0,411.0,410.1199951171875,411.0,0
2021-07-06,410.9599914550781,411.510009765625,410.9599914550781,410.9599914550781,0
2021-07-07,411.0,411.6300048828125,410.75,411.0,0
2021-07-08,411.0,412.2900085449219,410.5,411.0,0
2021-07-09,410.0,410.989990234375,410.0,410.0,0
2021-07-12,411.0,411.1300048828125,409.5,411.0,0
2021-07-13,410.0,411.4200134277344,410.0,410.0,0
2021-07-14,410.5,410.5,409.80999755859375,410.5,0
2021-07-15,410.5,410.95001220703125,408.760009765625,410.5,0
2021-07-16,410.5,411.2900085449219,410.5,410.5,0
2021-07-19,411.0,411.25,410.75,411.0,0
2021-07-20,410.2799987792969,411.0400085449219,409.0,410.2799987792969,0
2021-07-21,410.5,411.0799865722656,410.5,410.5,0
2021-07-22,410.5,411.1499938964844,410.0,410.5,0
2021-07-23,410.5,411.4599914550781,410.5,410.5,0
2021-07-26,410.7300109863281,411.2900085449219,410.7300109863281,410.7300109863281,0
2021-07-27,411.0,411.0,409.0,411.0,0
2021-07-28,411.0,411.010009765625,411.0,411.0,0
2021-07-29,411.0,411.07000732421875,409.6099853515625,411.0,0
2021-07-30,411.07000732421875,411.07000732421875,410.739990234375,411.07000732421875,0
2021-08-02,410.9700012207031,412.1099853515625,410.75,410.9700012207031,0
2021-08-03,411.0,411.8999938964844,411.0,411.0,0
2021-08-04,411.0,411.8999938964844,410.5,411.0,0
2021-08-05,410.5,411.8299865722656,410.0,410.5,0
2021-08-06,411.0,411.7099914550781,410.9800109863281,411.0,0
2021-08-09,411.0,411.0,410.9200134277344,411.0,0
2021-08-10,410.9200134277344,411.5400085449219,410.9200134277344,410.9200134277344,0
2021-08-11,411.0899963378906,411.45001220703125,411.0799865722656,411.0899963378906,0
2021-08-12,411.0799865722656,411.0799865722656,409.0,411.0799865722656,0
2021-08-13,411.0,411.0,410.0,411.0,0
2021-08-16,411.0,411.25,409.3800048828125,411.0,0
2021-08-17,411.25,411.8900146484375,411.20001220703125,411.25,0
2021-08-18,411.20001220703125,411.5,411.20001220703125,411.20001220703125,0
2021-08-19,411.3999938964844,411.3999938964844,410.8599853515625,411.3999938964844,0
2021-08-20,411.29998779296875,411.29998779296875,410.0,411.29998779296875,0
2021-08-23,411.20001220703125,411.29998779296875,411.0,411.20001220703125,0
2021-08-24,411.04998779296875,411.0899963378906,409.0,411.04998779296875,0
2021-08-25,411.0899963378906,411.3399963378906,411.0400085449219,411.0899963378906,0
2021-08-26,411.04998779296875,411.04998779296875,410.510009765625,411.04998779296875,0
2021-08-27,411.0,412.0299987792969,410.0,411.0,0
2021-08-30,411.0,411.510009765625,409.6400146484375,411.0,0
2021-08-31,411.0,411.5,409.0,411.0,0
2021-09-01,411.0,411.5299987792969,410.07000732421875,411.0,0
2021-09-02,411.0,411.6000061035156,410.6600036621094,411.0,0
2021-09-03,411.0,411.3900146484375,410.54998779296875,411.0,0
2021-09-06,411.0199890136719,411.2300109863281,411.0,411.0199890136719,0
2021-09-07,411.0199890136719,411.2900085449219,410.75,411.0199890136719,0
2021-09-08,411.0,411.0,410.5,411.0,0
2021-09-09,410.79998779296875,411.3500061035156,410.75,410.79998779296875,0
2021-09-10,410.8999938964844,411.19000244140625,410.75,410.8999938964844,0
2021-09-13,410.92999267578125,412.1600036621094,410.92999267578125,410.92999267578125,0
2021-09-14,411.0,411.0,408.79998779296875,411.0,0
2021-09-15,411.0,411.0,410.9700012207031,411.0,0
2021-09-16,410.9700012207031,411.5,410.9700012207031,410.9700012207031,0
2021-09-17,411.4200134277344,411.7300109863281,411.2300109863281,411.4200134277344,0
2021-09-20,411.2300109863281,411.3500061035156,411.0,411.2300109863281,0
2021-09-21,411.3500061035156,411.3500061035156,410.5,411.3500061035156,0
2021-09-22,411.0,412.30999755859375,411.0,411.0,0
2021-09-23,411.0,413.8500061035156,411.0,411.0,0
2021-09-24,411.0,411.92999267578125,409.95001220703125,411.0,0
2021-09-27,410.92999267578125,413.0,410.92999267578125,410.92999267578125,0
2021-09-28,411.0,411.0,411.0,411.0,0
2021-09-29,409.260009765625,413.0,409.260009765625,409.260009765625,0
2021-09-30,409.260009765625,411.0199890136719,409.260009765625,409.260009765625,0
2021-10-01,410.29998779296875,411.17999267578125,410.2699890136719,410.29998779296875,0
2021-10-04,410.2699890136719,413.2300109863281,410.2699890136719,410.2699890136719,0
2021-10-05,410.29998779296875,410.8599853515625,410.29998779296875,410.29998779296875,0
2021-10-06,410.8599853515625,411.04998779296875,410.32000732421875,410.8599853515625,0
2021-10-07,409.8399963378906,411.75,409.75,409.8399963378906,0
2021-10-08,410.30999755859375,410.6199951171875,410.30999755859375,410.30999755859375,0
2021-10-11,410.30999755859375,413.2900085449219,410.0799865722656,410.30999755859375,0
2021-10-12,410.2699890136719,413.2300109863281,410.25,410.2699890136719,0
2021-10-13,410.3699951171875,412.25,410.29998779296875,410.3699951171875,0
2021-10-14,410.32000732421875,410.4200134277344,409.19000244140625,410.32000732421875,0
2021-10-15,410.3500061035156,411.1000061035156,410.32000732421875,410.3500061035156,0
2021-10-18,410.3699951171875,413.19000244140625,410.3699951171875,410.3699951171875,0
2021-10-19,410.4100036621094,412.0199890136719,410.3900146484375,410.4100036621094,0
2021-10-20,410.3900146484375,411.3999938964844,410.32000732421875,410.3900146484375,0
2021-10-21,410.32000732421875,410.4599914550781,409.70001220703125,410.32000732421875,0
2021-10-22,410.3800048828125,411.010009765625,410.3800048828125,410.3800048828125,0
2021-10-25,410.3999938964844,413.239990234375,409.7099914550781,410.3999938964844,0
2021-10-26,409.7099914550781,410.4800109863281,409.7099914550781,409.7099914550781,0
2021-10-27,409.739990234375,411.2099914550781,409.7300109863281,409.739990234375,0
2021-10-28,409.7699890136719,410.57000732421875,409.75,409.7699890136719,0
2021-10-29,409.75,410.6000061035156,409.75,409.75,0
2021-11-01,409.80999755859375,413.1499938964844,409.79998779296875,409.80999755859375,0
2021-11-02,409.79998779296875,412.32000732421875,409.79998779296875,409.79998779296875,0
2021-11-03,409.9200134277344,413.7300109863281,409.8999938964844,409.9200134277344,0
2021-11-04,409.9599914550781,413.3299865722656,409.9200134277344,409.9599914550781,0
2021-11-05,409.989990234375,410.6400146484375,409.989990234375,409.989990234375,0
2021-11-08,410.0199890136719,413.1400146484375,409.0,410.0199890136719,0
2021-11-09,410.0400085449219,410.4700012207031,410.0400085449219,410.0400085449219,0
2021-11-10,410.07000732421875,410.0899963378906,409.9800109863281,410.07000732421875,0
2021-11-11,410.0899963378906,410.1199951171875,409.8800048828125,410.0899963378906,0
2021-11-12,410.1199951171875,411.1300048828125,410.0799865722656,410.1199951171875,0
2021-11-15,410.0799865722656,413.3900146484375,409.6499938964844,410.1400146484375,0
2021-11-16,410.1700134277344,410.54998779296875,410.1499938964844,410.1700134277344,0
2021-11-17,410.17999267578125,411.3299865722656,410.17999267578125,410.17999267578125,0
2021-11-18,411.3299865722656,411.3299865722656,410.32000732421875,411.3299865722656,0
2021-11-19,410.32000732421875,410.3399963378906,410.05999755859375,410.32000732421875,0
2021-11-22,410.3399963378906,413.32000732421875,410.3399963378906,410.3399963378906,0
2021-11-23,410.3399963378906,410.3900146484375,409.3800048828125,410.3399963378906,0
2021-11-24,409.3800048828125,410.6400146484375,409.3800048828125,409.3800048828125,0
2021-11-25,409.3800048828125,410.8999938964844,409.3800048828125,409.3800048828125,0
2021-11-26,410.8999938964844,411.04998779296875,409.3900146484375,410.8999938964844,0
2021-11-29,409.3900146484375,413.2900085449219,409.3900146484375,409.3900146484375,0
2021-11-30,409.3900146484375,410.510009765625,409.3900146484375,409.3900146484375,0
2021-12-01,409.3900146484375,410.3599853515625,409.3900146484375,409.3900146484375,0
2021-12-02,409.4100036621094,410.6400146484375,409.4100036621094,409.4100036621094,0
2021-12-03,409.45001220703125,410.42999267578125,409.45001220703125,409.45001220703125,0
2021-12-06,409.4800109863281,413.1700134277344,409.4800109863281,409.4800109863281,0
2021-12-07,409.489990234375,410.57000732421875,409.489990234375,409.489990234375,0
2021-12-08,410.57000732421875,410.75,409.489990234375,410.57000732421875,0
2021-12-09,409.489990234375,410.739990234375,408.3900146484375,409.489990234375,0
2021-12-10,411.30999755859375,411.30999755859375,409.4700012207031,411.30999755859375,0
2021-12-13,409.4700012207031,413.260009765625,408.7799987792969,408.7799987792969,0
2021-12-14,409.70001220703125,413.4200134277344,409.4700012207031,409.70001220703125,0
2021-12-15,409.4700012207031,413.239990234375,409.4700012207031,409.4700012207031,0
2021-12-16,409.4800109863281,412.6300048828125,409.4800109863281,409.4800109863281,0
2021-12-17,409.5799865722656,410.5299987792969,409.5799865722656,409.5799865722656,0
2021-12-20,409.6600036621094,413.44000244140625,409.6600036621094,413.3599853515625,0
2021-12-21,409.6600036621094,410.6600036621094,409.6600036621094,409.6600036621094,0
2021-12-22,410.6600036621094,410.6700134277344,410.44000244140625,410.6600036621094,0
2021-12-23,410.6700134277344,410.7099914550781,410.6499938964844,410.6700134277344,0
2021-12-24,410.67999267578125,410.67999267578125,410.44000244140625,410.67999267578125,0
2021-12-27,410.44000244140625,410.8500061035156,410.44000244140625,410.44000244140625,0
2021-12-28,410.70001220703125,410.70001220703125,410.3299865722656,410.70001220703125,0
2021-12-29,410.70001220703125,413.42999267578125,410.69000244140625,410.70001220703125,0
2021-12-30,410.70001220703125,412.20001220703125,410.6099853515625,410.70001220703125,0
2021-12-31,410.75,411.45001220703125,410.5899963378906,410.75,0
2022-01-03,411.45001220703125,412.239990234375,409.0899963378906,411.45001220703125,0
2022-01-04,412.239990234375,413.0799865722656,412.239990234375,412.239990234375,0
2022-01-05,412.239990234375,412.9100036621094,410.6499938964844,412.239990234375,0
2022-01-06,412.29998779296875,412.5400085449219,411.0299987792969,412.29998779296875,0
2022-01-07,412.5400085449219,412.7099914550781,411.0400085449219,412.5400085449219,0
2022-01-10,412.7099914550781,413.260009765625,408.9800109863281,408.9800109863281,0
2022-01-11,413.1400146484375,413.1400146484375,410.44000244140625,413.1400146484375,0
2022-01-12,413.1000061035156,414.0,413.1000061035156,413.1000061035156,0
2022-01-13,413.44000244140625,413.6099853515625,410.6600036621094,413.44000244140625,0
2022-01-14,413.6000061035156,413.7900085449219,410.8900146484375,413.6000061035156,0
2022-01-17,413.7900085449219,415.2099914550781,410.8900146484375,410.8900146484375,0
2022-01-18,413.7900085449219,415.32000732421875,413.7900085449219,413.7900085449219,0
2022-01-19,414.0,414.1700134277344,410.5400085449219,414.0,0
2022-01-20,414.1700134277344,414.20001220703125,411.0799865722656,414.1700134277344,0
2022-01-21,414.45001220703125,414.5,410.6099853515625,414.45001220703125,0
2022-01-24,414.45001220703125,415.0,414.45001220703125,414.45001220703125,0
2022-01-25,415.3500061035156,415.3500061035156,413.9599914550781,415.3500061035156,0
2022-01-26,414.6199951171875,414.82000732421875,414.6199951171875,414.6199951171875,0
2022-01-27,414.82000732421875,414.989990234375,414.82000732421875,414.82000732421875,0
2022-01-28,414.989990234375,415.1600036621094,414.989990234375,414.989990234375,0
2022-01-31,415.1600036621094,415.3299865722656,415.0,415.1600036621094,0
2022-02-01,415.3299865722656,415.54998779296875,414.260009765625,415.3299865722656,0
2022-02-02,414.260009765625,415.3800048828125,414.260009765625,414.260009765625,0
2022-02-03,415.3299865722656,415.8599853515625,415.0899963378906,415.3299865722656,0
2022-02-04,415.5400085449219,415.70001220703125,415.5400085449219,415.5400085449219,0
2022-02-07,415.70001220703125,416.8500061035156,415.0,415.70001220703125,0
2022-02-08,415.8800048828125,416.04998779296875,415.0,415.8800048828125,0
2022-02-09,416.04998779296875,416.25,415.3699951171875,416.04998779296875,0
2022-02-10,416.25,416.54998779296875,416.25,416.25,0
2022-02-11,416.3699951171875,417.5899963378906,416.3699951171875,416.3699951171875,0
2022-02-14,416.510009765625,418.1700134277344,415.0,418.1700134277344,0
2022-02-15,415.239990234375,415.95001220703125,415.239990234375,415.239990234375,0
2022-02-16,415.30999755859375,415.6499938964844,415.260009765625,415.30999755859375,0
2022-02-17,415.30999755859375,415.6199951171875,415.260009765625,415.30999755859375,0
2022-02-18,415.3699951171875,416.0199890136719,415.3699951171875,415.3699951171875,0
2022-02-21,415.3699951171875,416.3299865722656,415.3699951171875,415.3699951171875,0
2022-02-22,415.4800109863281,415.4800109863281,415.3900146484375,415.4800109863281,0
2022-02-23,415.3900146484375,415.8999938964844,415.3900146484375,415.3900146484375,0
2022-02-24,415.4599914550781,415.6400146484375,415.4599914550781,415.4599914550781,0
2022-02-25,415.6400146484375,415.6400146484375,414.3900146484375,415.6400146484375,0
2022-02-28,415.05999755859375,416.5400085449219,415.0,415.3900146484375,0
2022-03-01,415.5199890136719,415.5899963378906,415.0,415.5199890136719,0
2022-03-02,415.5899963378906,416.5400085449219,415.3699951171875,415.5899963378906,0
2022-03-03,415.3999938964844,415.4599914550781,415.2300109863281,415.3999938964844,0
2022-03-04,416.2900085449219,417.9100036621094,415.4100036621094,416.2900085449219,0
2022-03-07,417.989990234375,415.4100036621094,414.82000732421875,415.4100036621094,0
2022-03-08,415.2699890136719,415.3399963378906,414.6099853515625,415.2699890136719,0
2022-03-09,415.3399963378906,415.6000061035156,414.6000061035156,415.3399963378906,0
2022-03-10,415.3399963378906,415.3500061035156,415.3399963378906,415.3399963378906,0
2022-03-11,415.3399963378906,415.3399963378906,414.7699890136719,415.3399963378906,0
2022-03-14,415.3399963378906,415.3500061035156,414.8699951171875,415.3399963378906,0
2022-03-15,415.29998779296875,415.45001220703125,414.82000732421875,415.29998779296875,0
2022-03-16,415.45001220703125,416.1700134277344,415.0,415.45001220703125,0
2022-03-17,415.4200134277344,415.760009765625,414.1099853515625,415.4200134277344,0
2022-03-18,415.760009765625,415.760009765625,414.1300048828125,415.760009765625,0
2022-03-21,415.4200134277344,415.4200134277344,414.3999938964844,415.4200134277344,0
2022-03-22,415.3900146484375,416.5899963378906,414.7300109863281,415.3900146484375,0
2022-03-23,414.94000244140625,415.3900146484375,414.94000244140625,414.94000244140625,0
2022-03-24,415.25,415.82000732421875,410.5,414.45001220703125,0
2022-03-25,415.25,415.25,415.0,415.25,0
2022-03-28,415.25,415.25,415.0,415.25,0
2022-03-29,415.2300109863281,415.25,415.2200012207031,415.2300109863281,0
2022-03-30,415.25,415.25,415.25,415.25,0
2022-03-31,415.25,415.25,415.2200012207031,415.25,0
2022-04-01,415.25,415.25,415.2200012207031,415.25,0
2022-04-04,415.2200012207031,415.25,415.0,415.2200012207031,0
2022-04-05,415.2200012207031,415.2300109863281,415.2200012207031,415.2200012207031,0
2022-04-06,415.2200012207031,415.2200012207031,415.20001220703125,415.2200012207031,0
2022-04-07,415.2200012207031,415.25,415.1499938964844,415.2200012207031,0
2022-04-08,415.1499938964844,415.1499938964844,415.1400146484375,415.1499938964844,0
2022-04-11,415.1499938964844,415.1499938964844,415.1199951171875,415.1499938964844,0
2022-04-12,415.1199951171875,415.1300048828125,414.0899963378906,415.1199951171875,0
2022-04-13,414.0899963378906,414.1000061035156,414.0799865722656,414.0899963378906,0
2022-04-14,414.0799865722656,414.1000061035156,414.0299987792969,414.0799865722656,0
2022-04-15,414.0299987792969,414.0299987792969,414.0199890136719,414.0299987792969,0
2022-04-18,414.0199890136719,414.04998779296875,414.0,414.0199890136719,0
2022-04-19,414.0,414.0199890136719,414.0,414.0,0
2022-04-20,414.0,415.0,414.0,414.0,0
2022-04-21,415.0,415.0799865722656,415.0,415.0,0
2022-04-22,415.0799865722656,415.0799865722656,415.04998779296875,415.0799865722656,0
2022-04-25,415.0799865722656,415.0799865722656,414.0799865722656,415.0799865722656,0
2022-04-26,414.0799865722656,414.9800109863281,414.07000732421875,414.0799865722656,0
2022-04-27,414.9800109863281,414.9800109863281,414.9200134277344,414.9800109863281,0
2022-04-28,414.9200134277344,414.9200134277344,414.8299865722656,414.9200134277344,0
2022-04-29,414.8299865722656,414.8299865722656,414.760009765625,414.8299865722656,0
2022-05-02,414.760009765625,414.7699890136719,414.69000244140625,414.760009765625,0
2022-05-03,414.69000244140625,414.69000244140625,414.67999267578125,414.69000244140625,0
2022-05-04,414.69000244140625,415.0,414.6499938964844,414.69000244140625,0
2022-05-05,414.69000244140625,414.69000244140625,414.6199951171875,414.69000244140625,0
2022-05-06,414.6199951171875,414.69000244140625,414.6199951171875,414.6199951171875,0
2022-05-09,414.69000244140625,415.0,414.6000061035156,414.69000244140625,0
2022-05-10,414.79998779296875,414.79998779296875,413.8299865722656,414.79998779296875,0
2022-05-11,413.8299865722656,413.8299865722656,413.79998779296875,413.8299865722656,0
2022-05-12,413.8299865722656,415.0,413.8299865722656,413.8299865722656,0
2022-05-13,414.8299865722656,414.8299865722656,414.760009765625,414.8299865722656,0
2022-05-16,414.760009765625,414.760009765625,414.75,414.760009765625,0
2022-05-17,414.75,414.79998779296875,414.75,414.75,0
2022-05-18,414.75,414.75,414.67999267578125,414.75,0
2022-05-19,414.67999267578125,414.67999267578125,414.6499938964844,414.67999267578125,0
2022-05-20,414.6199951171875,414.6199951171875,414.6000061035156,414.6199951171875,0
2022-05-23,414.6199951171875,415.0,414.5799865722656,414.6199951171875,0
2022-05-24,414.5799865722656,414.67999267578125,414.54998779296875,414.5799865722656,0
2022-05-25,414.67999267578125,414.67999267578125,414.6499938964844,414.67999267578125,0
2022-05-26,414.67999267578125,414.7200012207031,414.67999267578125,414.67999267578125,0
2022-05-27,414.7200012207031,414.7200012207031,414.70001220703125,414.7200012207031,0
2022-05-30,414.7200012207031,414.7200012207031,414.7200012207031,414.7200012207031,0
2022-05-31,414.7200012207031,414.7200012207031,414.70001220703125,414.7200012207031,0
2022-06-01,414.70001220703125,414.7200012207031,414.6499938964844,414.70001220703125,0
2022-06-02,414.6499938964844,414.6499938964844,414.5799865722656,414.6499938964844,0
2022-06-03,414.5799865722656,414.6199951171875,414.54998779296875,414.5799865722656,0
2022-06-06,414.6199951171875,414.6199951171875,414.6199951171875,414.6199951171875,0
2022-06-07,414.6199951171875,414.6300048828125,414.6000061035156,414.6199951171875,0
2022-06-08,414.6300048828125,414.6300048828125,414.6199951171875,414.6300048828125,0
2022-06-09,414.6300048828125,418.0,414.6199951171875,414.6300048828125,0
2022-06-10,414.6300048828125,414.6300048828125,414.6199951171875,414.6300048828125,0
2022-06-13,414.6300048828125,414.6300048828125,414.6199951171875,414.6300048828125,0
2022-06-14,414.6300048828125,419.0,414.6300048828125,414.6300048828125,0
2022-06-15,419.0,414.7200012207031,414.6300048828125,414.6300048828125,0
2022-06-16,414.7200012207031,414.7900085449219,414.70001220703125,414.7200012207031,0
2022-06-17,414.7900085449219,414.8699951171875,414.7799987792969,414.7900085449219,0
2022-06-20,414.8699951171875,419.0,414.8699951171875,414.8699951171875,0
2022-06-21,418.989990234375,414.8699951171875,414.75,414.8699951171875,0
2022-06-22,414.75,414.7699890136719,414.6400146484375,414.75,0
2022-06-23,414.6400146484375,414.6400146484375,414.5899963378906,414.6400146484375,0
2022-06-24,414.5899963378906,419.0,414.489990234375,414.5899963378906,0
2022-06-27,414.489990234375,419.0,414.489990234375,414.489990234375,0
2022-06-28,414.5,414.6400146484375,414.5,414.5,0
2022-06-29,414.6400146484375,414.6400146484375,414.6000061035156,414.6400146484375,0
2022-06-30,414.6000061035156,414.7699890136719,414.5799865722656,414.6000061035156,0
2022-07-01,414.7699890136719,414.7699890136719,414.75,414.7699890136719,0
2022-07-04,414.7699890136719,419.0,414.7699890136719,414.7699890136719,0
2022-07-05,414.7699890136719,414.79998779296875,414.75,414.7699890136719,0
2022-07-06,414.79998779296875,425.0,414.79998779296875,414.79998779296875,0
2022-07-07,414.8299865722656,425.0,414.760009765625,414.8299865722656,0
2022-07-08,414.760009765625,414.8299865722656,414.75,414.760009765625,0
2022-07-11,414.8299865722656,414.8500061035156,414.8299865722656,414.8299865722656,0
2022-07-12,414.8299865722656,414.8299865722656,414.82000732421875,414.8299865722656,0
2022-07-13,414.82000732421875,425.0,414.82000732421875,414.82000732421875,0
2022-07-14,414.8299865722656,414.8299865722656,414.82000732421875,414.8299865722656,0
2022-07-15,414.8299865722656,414.8999938964844,414.82000732421875,414.8299865722656,0
2022-07-18,414.8999938964844,425.0,414.8999938964844,414.8999938964844,0
2022-07-19,414.8999938964844,414.9200134277344,414.8999938964844,414.8999938964844,0
2022-07-20,414.8999938964844,414.9200134277344,414.8999938964844,414.8999938964844,0
2022-07-21,414.8999938964844,414.9200134277344,414.8999938964844,414.8999938964844,0
2022-07-22,414.8999938964844,414.9200134277344,414.2200012207031,414.8999938964844,0
2022-07-25,414.2200012207031,425.0,414.20001220703125,414.2200012207031,0
2022-07-26,414.75,414.75,414.70001220703125,414.75,0
2022-07-27,414.75,415.1400146484375,414.739990234375,414.75,0
2022-07-28,415.1400146484375,415.1499938964844,414.9599914550781,415.1400146484375,0
2022-07-29,414.9599914550781,415.3699951171875,414.95001220703125,414.9599914550781,0
2022-08-01,415.3699951171875,415.67999267578125,415.3500061035156,415.3699951171875,0
2022-08-02,415.67999267578125,415.8999938964844,415.6499938964844,415.67999267578125,0
2022-08-03,415.8999938964844,416.19000244140625,415.8800048828125,415.8999938964844,0
2022-08-04,416.19000244140625,416.69000244140625,416.17999267578125,416.19000244140625,0
2022-08-05,416.69000244140625,417.07000732421875,416.67999267578125,416.69000244140625,0
2022-08-08,417.07000732421875,425.0,417.04998779296875,417.07000732421875,0
2022-08-09,417.4700012207031,417.4700012207031,417.45001220703125,417.4700012207031,0
2022-08-10,417.4700012207031,418.19000244140625,417.45001220703125,417.4700012207031,0
2022-08-11,418.19000244140625,418.3699951171875,418.19000244140625,418.19000244140625,0
2022-08-12,418.3699951171875,418.7200012207031,418.3500061035156,418.3699951171875,0
2022-08-15,418.7200012207031,425.0,418.70001220703125,418.7200012207031,0
2022-08-16,418.8900146484375,418.8900146484375,418.8800048828125,418.8900146484375,0
2022-08-17,418.8900146484375,419.9599914550781,418.8800048828125,418.8900146484375,0
2022-08-18,419.9599914550781,419.9599914550781,419.0,419.9599914550781,0
2022-08-19,419.8299865722656,419.8299865722656,419.79998779296875,419.8299865722656,0
2022-08-22,419.8299865722656,420.3999938964844,419.79998779296875,419.8299865722656,0
2022-08-23,420.3999938964844,425.0,420.3999938964844,420.3999938964844,0
2022-08-24,420.7099914550781,421.0799865722656,420.70001220703125,420.7099914550781,0
2022-08-25,421.0799865722656,421.3900146484375,421.04998779296875,421.0799865722656,0
2022-08-26,421.3900146484375,421.70001220703125,421.3500061035156,421.3900146484375,0
2022-08-29,421.70001220703125,421.70001220703125,421.70001220703125,421.70001220703125,0
2022-08-30,421.70001220703125,422.3800048828125,419.0,421.70001220703125,0
2022-08-31,422.3800048828125,422.3800048828125,421.3800048828125,422.3800048828125,0
2022-09-01,421.3800048828125,422.4800109863281,421.3500061035156,421.3800048828125,0
2022-09-02,422.4599914550781,422.9200134277344,422.45001220703125,422.4599914550781,0
2022-09-05,422.9200134277344,435.0,422.9200134277344,422.9200134277344,0
2022-09-06,435.0,425.2799987792969,422.8999938964844,422.9200134277344,0
2022-09-07,425.2799987792969,425.6099853515625,425.25,425.2799987792969,0
2022-09-08,425.6099853515625,426.42999267578125,425.54998779296875,425.6099853515625,0
2022-09-09,426.42999267578125,426.760009765625,426.42999267578125,426.42999267578125,0
2022-09-12,426.760009765625,435.0,426.760009765625,426.760009765625,0
2022-09-13,427.1000061035156,427.510009765625,427.1000061035156,427.1000061035156,0
2022-09-14,427.510009765625,435.0,427.510009765625,427.510009765625,0
2022-09-15,427.80999755859375,428.1099853515625,427.79998779296875,427.80999755859375,0
2022-09-16,428.1099853515625,435.0,428.1099853515625,428.1099853515625,0
2022-09-19,428.3800048828125,435.0,428.3800048828125,428.3800048828125,0
2022-09-20,428.67999267578125,429.010009765625,428.6499938964844,428.67999267578125,0
2022-09-21,429.010009765625,429.3699951171875,429.010009765625,429.010009765625,0
2022-09-22,429.3699951171875,429.7099914550781,429.3500061035156,429.3699951171875,0
2022-09-23,429.7099914550781,430.0899963378906,429.7099914550781,429.7099914550781,0
2022-09-26,430.04998779296875,435.0,430.04998779296875,430.04998779296875,0
2022-09-27,430.4800109863281,430.8299865722656,430.4800109863281,430.4800109863281,0
2022-09-28,430.8299865722656,430.8299865722656,430.79998779296875,430.8299865722656,0
2022-09-29,430.8299865722656,435.0,430.8299865722656,430.8299865722656,0
2022-09-30,431.5400085449219,431.8699951171875,431.5199890136719,431.5400085449219,0
2022-10-03,431.8699951171875,431.8699951171875,431.8500061035156,431.8699951171875,0
2022-10-04,431.8500061035156,435.0,431.8500061035156,431.8500061035156,0
2022-10-05,431.8699951171875,431.8699951171875,413.8800048828125,431.8699951171875,0
2022-10-06,413.8800048828125,432.8999938964844,431.8500061035156,431.8699951171875,0
2022-10-07,432.8999938964844,433.2200012207031,432.8999938964844,432.8999938964844,0
2022-10-10,433.2200012207031,433.7799987792969,433.2200012207031,433.2200012207031,0
2022-10-11,433.7799987792969,435.0,433.75,433.7799987792969,0
2022-10-12,433.7799987792969,441.0,433.7699890136719,433.7799987792969,0
2022-10-13,434.2699890136719,435.0,434.25,434.2699890136719,0
2022-10-14,434.70001220703125,434.70001220703125,434.67999267578125,434.70001220703125,0
2022-10-17,434.67999267578125,440.0,434.67999267578125,434.67999267578125,0
2022-10-18,435.05999755859375,435.8500061035156,435.04998779296875,435.05999755859375,0
2022-10-19,435.8500061035156,435.9800109863281,435.82000732421875,435.8500061035156,0
2022-10-20,435.9800109863281,436.1099853515625,435.9800109863281,435.9800109863281,0
2022-10-21,436.1099853515625,436.2799987792969,436.1099853515625,436.1099853515625,0
2022-10-24,436.1000061035156,440.0,436.1000061035156,436.1000061035156,0
2022-10-25,436.5,436.67999267578125,436.5,436.5,0
2022-10-26,436.67999267578125,436.67999267578125,436.54998779296875,436.67999267578125,0
2022-10-27,436.54998779296875,437.1600036621094,436.5,436.54998779296875,0
2022-10-28,437.1600036621094,437.5,437.1600036621094,437.1600036621094,0
2022-10-31,437.5,440.0,437.5,437.5,0
2022-11-01,437.8500061035156,442.0,437.8500061035156,437.8500061035156,0
2022-11-02,438.0199890136719,438.3699951171875,438.0199890136719,438.0199890136719,0
2022-11-03,438.3699951171875,438.6700134277344,438.3699951171875,438.3699951171875,0
2022-11-04,438.6700134277344,438.8800048828125,438.6700134277344,438.6700134277344,0
2022-11-07,438.8800048828125,442.0,438.8800048828125,438.8800048828125,0
2022-11-08,439.260009765625,442.0,439.260009765625,439.260009765625,0
2022-11-09,439.5299987792969,439.7900085449219,438.8800048828125,439.5299987792969,0
2022-11-10,439.7900085449219,442.0,439.7900085449219,439.7900085449219,0
2022-11-11,440.1300048828125,443.0,440.1300048828125,440.1300048828125,0
2022-11-14,440.4599914550781,443.0,440.4599914550781,440.4599914550781,0
2022-11-15,440.8299865722656,441.19000244140625,440.8299865722656,440.8299865722656,0
2022-11-16,441.19000244140625,442.0,441.19000244140625,441.19000244140625,0
2022-11-17,441.19000244140625,441.8500061035156,441.19000244140625,441.19000244140625,0
2022-11-18,441.8500061035156,442.1600036621094,441.8500061035156,441.8500061035156,0
2022-11-21,442.1600036621094,442.489990234375,442.0,442.1600036621094,0
2022-11-22,442.489990234375,443.0,442.0,442.489990234375,0
2022-11-23,442.6300048828125,442.79998779296875,442.6300048828125,442.6300048828125,0
2022-11-24,442.79998779296875,442.95001220703125,442.79998779296875,442.79998779296875,0
2022-11-25,442.95001220703125,443.04998779296875,442.760009765625,442.95001220703125,0
2022-11-28,442.760009765625,443.3699951171875,442.760009765625,442.760009765625,0
2022-11-29,443.3699951171875,443.44000244140625,443.3699951171875,443.3699951171875,0
2022-11-30,443.44000244140625,443.44000244140625,443.44000244140625,443.44000244140625,0
2022-12-01,443.44000244140625,443.45001220703125,443.44000244140625,443.44000244140625,0
2022-12-02,443.45001220703125,443.6700134277344,443.45001220703125,443.45001220703125,0
2022-12-05,443.6700134277344,444.0400085449219,443.0,443.6700134277344,0
2022-12-06,444.0400085449219,444.0400085449219,444.0400085449219,444.0400085449219,0
2022-12-07,444.30999755859375,444.4200134277344,443.0,444.30999755859375,0
2022-12-08,444.30999755859375,445.0,443.0,444.30999755859375,0
2022-12-09,444.4700012207031,445.0,444.4700012207031,444.4700012207031,0
2022-12-12,444.4700012207031,444.6499938964844,443.0,444.4700012207031,0
2022-12-13,444.6499938964844,444.80999755859375,444.6499938964844,444.6499938964844,0
2022-12-14,444.80999755859375,450.0,444.80999755859375,444.80999755859375,0
2022-12-15,444.9599914550781,444.9800109863281,444.9599914550781,444.9599914550781,0
2022-12-16,444.9599914550781,444.9700012207031,444.9599914550781,444.9599914550781,0
2022-12-19,444.9700012207031,450.0,444.9700012207031,444.9700012207031,0
2022-12-20,445.4599914550781,445.5199890136719,445.0,445.4599914550781,0
2022-12-21,445.4599914550781,455.0,445.4599914550781,445.4599914550781,0
2022-12-22,445.4599914550781,446.1300048828125,445.0,445.4599914550781,0
2022-12-23,446.1300048828125,446.1499938964844,445.0,446.1300048828125,0
2022-12-26,446.1300048828125,446.1499938964844,446.1300048828125,446.1300048828125,0
2022-12-27,446.1499938964844,446.17999267578125,446.1300048828125,446.1499938964844,0
2022-12-28,446.1300048828125,446.1400146484375,446.1300048828125,446.1300048828125,0
2022-12-29,446.1400146484375,447.0799865722656,446.1400146484375,446.1400146484375,0
2022-12-30,447.0799865722656,447.5799865722656,447.0799865722656,447.0799865722656,0
2023-01-02,447.5799865722656,447.5799865722656,447.5799865722656,447.5799865722656,0
2023-01-03,447.5799865722656,448.04998779296875,445.0,447.5799865722656,0
2023-01-04,448.04998779296875,448.510009765625,448.04998779296875,448.04998779296875,0
2023-01-05,448.510009765625,449.0299987792969,448.510009765625,448.510009765625,0
2023-01-06,449.0299987792969,449.54998779296875,449.0299987792969,449.0299987792969,0
2023-01-09,449.54998779296875,449.5799865722656,449.54998779296875,449.54998779296875,0
2023-01-10,449.54998779296875,449.5799865722656,449.54998779296875,449.54998779296875,0
2023-01-11,449.5799865722656,451.1000061035156,449.5799865722656,449.5799865722656,0
2023-01-12,451.1000061035156,451.6300048828125,451.1000061035156,451.1000061035156,0
2023-01-13,451.6300048828125,452.0899963378906,451.6300048828125,451.6300048828125,0
2023-01-16,452.0899963378906,460.0,452.0899963378906,452.0899963378906,0
2023-01-17,452.1199951171875,453.0799865722656,452.1199951171875,452.1199951171875,0
2023-01-18,453.0799865722656,460.0,453.0799865722656,453.0799865722656,0
2023-01-19,453.0799865722656,460.0,453.0799865722656,453.0799865722656,0
2023-01-20,460.0,454.55999755859375,453.0799865722656,453.0799865722656,0
2023-01-23,454.55999755859375,460.0,454.55999755859375,454.55999755859375,0
2023-01-24,454.55999755859375,454.57000732421875,454.55999755859375,454.55999755859375,0
2023-01-25,454.57000732421875,459.4700012207031,459.29998779296875,459.30999755859375,0
2023-01-26,459.4700012207031,459.7799987792969,459.4700012207031,459.4700012207031,0
2023-01-27,459.7799987792969,459.79998779296875,459.7799987792969,459.7799987792969,0
2023-01-30,459.7799987792969,460.0,459.7799987792969,459.7799987792969,0
2023-01-31,459.9100036621094,460.0199890136719,459.9100036621094,459.9100036621094,0
2023-02-01,460.0199890136719,460.04998779296875,460.0,460.0199890136719,0
2023-02-02,460.0199890136719,460.0400085449219,460.0199890136719,460.0199890136719,0
2023-02-03,460.0400085449219,460.0400085449219,460.0299987792969,460.0400085449219,0
2023-02-06,460.0400085449219,460.04998779296875,459.20001220703125,460.0400085449219,0
2023-02-07,459.20001220703125,459.9200134277344,459.20001220703125,459.20001220703125,0
2023-02-08,459.9200134277344,459.95001220703125,459.9200134277344,459.9200134277344,0
2023-02-09,459.9200134277344,459.9700012207031,459.8999938964844,459.9200134277344,0
2023-02-10,459.9700012207031,459.9700012207031,458.989990234375,459.9700012207031,0
2023-02-13,458.989990234375,460.0199890136719,458.989990234375,458.989990234375,0
2023-02-14,460.0199890136719,460.05999755859375,460.0199890136719,460.0199890136719,0
2023-02-15,460.05999755859375,460.1000061035156,460.0,460.05999755859375,0
2023-02-16,460.0,460.05999755859375,460.0,460.05999755859375,0
2023-02-17,460.04998779296875,460.05999755859375,460.0,460.04998779296875,0
2023-02-20,460.0400085449219,460.04998779296875,460.0,460.0400085449219,0
2023-02-21,460.04998779296875,460.04998779296875,459.9700012207031,460.04998779296875,0
2023-02-22,456.0,459.9700012207031,459.95001220703125,459.9700012207031,0
2023-02-23,459.9700012207031,459.9700012207031,459.94000244140625,459.9700012207031,0
2023-02-24,459.94000244140625,459.94000244140625,459.92999267578125,459.94000244140625,0
2023-02-27,459.94000244140625,459.95001220703125,459.92999267578125,459.94000244140625,0
2023-02-28,458.0,459.9700012207031,459.94000244140625,459.95001220703125,0
2023-03-01,459.9700012207031,459.9700012207031,459.9599914550781,459.9700012207031,0
2023-03-02,456.0,459.9700012207031,456.0,459.9700012207031,0
2023-03-03,458.0,459.9800109863281,458.0,459.9700012207031,0
2023-03-06,459.9599914550781,459.9599914550781,459.95001220703125,459.9599914550781,0
2023-03-07,459.9599914550781,459.9700012207031,457.0,459.9599914550781,0
2023-03-08,455.0,459.989990234375,455.0,459.9599914550781,0
2023-03-09,456.0,460.0199890136719,456.0,459.989990234375,0
2023-03-10,458.0,460.04998779296875,458.0,460.0199890136719,0
2023-03-13,460.0199890136719,460.0299987792969,456.0,460.0199890136719,0
2023-03-14,455.0,460.0299987792969,460.0199890136719,460.0199890136719,0
2023-03-15,460.0299987792969,460.0400085449219,460.0299987792969,460.0299987792969,0
2023-03-16,457.0,460.04998779296875,457.0,460.0400085449219,0
2023-03-17,457.0,459.95001220703125,459.94000244140625,459.94000244140625,0
2023-03-20,459.94000244140625,460.0,459.8900146484375,459.94000244140625,0
2023-03-21,459.8900146484375,459.9200134277344,459.8900146484375,459.8900146484375,0
2023-03-22,459.9200134277344,459.95001220703125,459.9200134277344,459.9200134277344,0
2023-03-23,459.95001220703125,459.9800109863281,459.95001220703125,459.95001220703125,0
2023-03-24,459.9800109863281,459.9800109863281,459.9700012207031,459.9800109863281,0
2023-03-27,459.9800109863281,461.0,459.8999938964844,459.9800109863281,0
2023-03-28,461.0,462.0,459.8500061035156,459.8999938964844,0
2023-03-29,462.0,459.8999938964844,456.0,459.8500061035156,0
2023-03-30,456.0,459.8500061035156,456.0,459.82000732421875,0
2023-03-31,459.0,460.0,459.8399963378906,459.8500061035156,0
2023-04-03,459.8399963378906,461.0,459.82000732421875,459.8399963378906,0
2023-04-04,459.8299865722656,462.0,459.82000732421875,459.8299865722656,0
2023-04-05,462.0,461.0,459.82000732421875,459.8299865722656,0
2023-04-06,461.0,459.8599853515625,459.8299865722656,459.8599853515625,0
2023-04-07,459.8299865722656,462.0,459.8299865722656,459.8299865722656,0
2023-04-10,459.8299865722656,459.8299865722656,459.82000732421875,459.8299865722656,0
2023-04-11,459.8299865722656,463.0,459.8299865722656,459.8299865722656,0
2023-04-12,463.0,462.0,459.8299865722656,459.8299865722656,0
2023-04-13,462.0,459.8299865722656,459.8299865722656,459.8299865722656,0
2023-04-14,463.0,461.0,459.9200134277344,459.92999267578125,0
2023-04-17,459.92999267578125,462.0,459.9200134277344,459.92999267578125,0
2023-04-18,459.9200134277344,459.9200134277344,459.9100036621094,459.9200134277344,0
2023-04-19,463.0,460.0299987792969,459.82000732421875,459.9100036621094,0
2023-04-20,460.0299987792969,460.0299987792969,460.0199890136719,460.0299987792969,0
2023-04-21,461.0,460.0400085449219,460.0299987792969,460.0299987792969,0
2023-04-24,460.0299987792969,462.0,459.4700012207031,460.0299987792969,0
2023-04-25,460.0299987792969,460.0299987792969,460.0199890136719,460.0299987792969,0
2023-04-26,461.0,462.0,459.9700012207031,460.0299987792969,0
2023-04-27,461.0,460.0,459.95001220703125,459.9700012207031,0
2023-04-28,460.0,460.0,459.95001220703125,459.9700012207031,0
2023-05-01,459.9700012207031,459.9800109863281,459.8699951171875,459.9700012207031,0
2023-05-02,460.0,460.0,459.80999755859375,459.8699951171875,0
2023-05-03,461.0,461.0,459.79998779296875,459.80999755859375,0
2023-05-04,459.8500061035156,460.0,459.82000732421875,459.8500061035156,0
2023-05-05,460.0,460.0,459.8299865722656,459.8399963378906,0
2023-05-08,459.8699951171875,461.0,459.0,459.8699951171875,0
2023-05-09,459.0,460.0199890136719,459.94000244140625,460.0,0
2023-05-10,461.0,460.05999755859375,459.92999267578125,459.94000244140625,0
2023-05-11,461.0,462.0,460.0,460.05999755859375,0
2023-05-12,461.0,461.0,460.0299987792969,460.07000732421875,0
2023-05-15,460.0299987792969,462.0,460.0199890136719,460.0299987792969,0
2023-05-16,460.0,460.07000732421875,460.0,460.0299987792969,0
2023-05-17,459.0,460.20001220703125,460.0,460.07000732421875,0
2023-05-18,459.0,460.3599853515625,459.0,460.20001220703125,0
2023-05-19,460.0,463.0,460.0,460.3599853515625,0
2023-05-22,460.3399963378906,463.0,459.0,460.3399963378906,0
2023-05-23,460.0,460.30999755859375,460.2799987792969,460.30999755859375,0
2023-05-24,459.0,465.0,460.2799987792969,460.2799987792969,0
2023-05-25,460.0,464.0,460.25,460.2799987792969,0
2023-05-26,460.0,460.30999755859375,459.0,460.30999755859375,0
2023-05-29,460.25,460.25,460.25,460.25,0
2023-05-30,460.2200012207031,464.0,460.2099914550781,460.2200012207031,0
2023-05-31,460.0,460.6000061035156,460.45001220703125,460.45001220703125,0
2023-06-01,459.0,465.0,460.6000061035156,460.6000061035156,0
2023-06-02,460.760009765625,460.9200134277344,460.75,460.760009765625,0
2023-06-05,460.9200134277344,464.0,460.0,460.9200134277344,0
2023-06-06,460.0,465.5,461.04998779296875,461.04998779296875,0
2023-06-07,460.0,474.0,460.0,461.17999267578125,0
2023-06-08,460.0,465.510009765625,461.17999267578125,461.17999267578125,0
2023-06-09,461.6700134277344,465.5,461.6700134277344,461.6700134277344,0
2023-06-12,461.8999938964844,461.95001220703125,461.0,461.8999938964844,0
2023-06-13,461.0,474.0,461.8800048828125,461.8999938964844,0
2023-06-14,461.0,465.0,462.3800048828125,462.3800048828125,0
2023-06-15,462.3800048828125,650.0,462.3800048828125,462.3800048828125,0
2023-06-16,608.0,657.0,600.0,620.0,0
2023-06-19,656.0,656.4600219726562,649.9000244140625,656.1699829101562,0
2023-06-20,686.9600219726562,690.0,680.5,680.5,0
2023-06-21,753.0,753.0,689.5,689.5,0
2023-06-22,817.0,819.5,782.75,782.75,0
2023-06-23,816.0,819.5,816.0,816.0,0
2023-06-26,761.0,770.0,753.5599975585938,761.0,0
2023-06-27,810.0,765.0,743.25,743.25,0
2023-06-28,764.0499877929688,764.5900268554688,763.9099731445312,764.0499877929688,0
2023-06-29,753.9500122070312,754.0,753.5,753.9500122070312,0
2023-06-30,752.0,775.0,753.9400024414062,753.9400024414062,0
2023-07-03,759.77001953125,775.0,755.219970703125,759.77001953125,0
2023-07-04,770.0,775.0,765.1699829101562,770.0,0
2023-07-05,770.8800048828125,775.0,770.8800048828125,770.8800048828125,0
2023-07-06,773.0,777.0800170898438,769.0599975585938,773.0,0
2023-07-07,774.0,775.010009765625,768.0,774.0,0
2023-07-10,762.0599975585938,780.0,762.0599975585938,762.0599975585938,0
2023-07-11,787.1500244140625,790.2899780273438,782.3900146484375,787.1500244140625,0
2023-07-12,780.0,780.0,775.0,780.0,0
2023-07-13,776.0,799.0,776.0,776.0,0
2023-07-14,777.0,777.0,776.0,777.0,0
2023-07-17,776.0,776.6799926757812,775.0,776.0,0
2023-07-18,777.0,777.0,772.8099975585938,777.0,0
2023-07-19,789.0,799.1599731445312,786.6599731445312,789.0,0
2023-07-20,791.010009765625,790.510009765625,775.0,782.3099975585938,0
2023-07-21,790.510009765625,792.2000122070312,775.0,790.510009765625,0
2023-07-24,791.510009765625,795.510009765625,780.0,791.9600219726562,0
2023-07-25,792.8200073242188,793.719970703125,780.0,792.8200073242188,0
2023-07-26,792.8200073242188,793.22998046875,784.3400268554688,792.8200073242188,0
2023-07-27,788.0,792.47998046875,764.0,788.0,0
2023-07-28,775.0,775.280029296875,773.9400024414062,775.0,0
2023-07-31,771.9400024414062,792.0,763.4500122070312,771.9400024414062,0
2023-08-01,759.9000244140625,771.0499877929688,757.5,759.9000244140625,0
2023-08-02,758.02001953125,759.1099853515625,755.5499877929688,758.02001953125,0
2023-08-03,775.8599853515625,779.1900024414062,764.25,775.8599853515625,0
2023-08-04,777.5,777.5,766.9500122070312,777.5,0
2023-08-07,765.0900268554688,786.6099853515625,765.0900268554688,765.0900268554688,0
2023-08-08,750.6199951171875,785.6500244140625,750.469970703125,750.6199951171875,0
2023-08-09,750.469970703125,768.77001953125,762.4400024414062,762.4400024414062,0
2023-08-10,768.77001953125,768.77001953125,762.6099853515625,768.77001953125,0
2023-08-11,768.739990234375,771.52001953125,768.7000122070312,768.739990234375,0
2023-08-14,771.6699829101562,772.75,765.9000244140625,771.6699829101562,0
2023-08-15,765.9000244140625,765.9000244140625,760.0,765.9000244140625,0
2023-08-16,760.0,772.760009765625,760.0,760.0,0
2023-08-17,785.3900146484375,785.3900146484375,761.0,785.3900146484375,0
2023-08-18,767.469970703125,769.0,767.0,767.469970703125,0
2023-08-21,745.9299926757812,769.0,744.6400146484375,745.9299926757812,0
2023-08-22,764.5,766.75,759.97998046875,764.5,0
2023-08-23,761.7899780273438,762.75,756.27001953125,761.7899780273438,0
2023-08-24,760.0,773.0,755.2100219726562,760.0,0
2023-08-25,755.2100219726562,774.0,755.2100219726562,755.2100219726562,0
2023-08-28,770.8400268554688,774.219970703125,770.989990234375,772.530029296875,0
2023-08-29,773.9000244140625,773.9000244140625,759.8699951171875,773.9000244140625,0
2023-08-30,771.969970703125,778.25,740.0,771.969970703125,0
2023-08-31,773.0,774.0399780273438,769.010009765625,773.0,0
2023-09-01,773.0,776.5,756.5,773.0,0
2023-09-04,756.52001953125,756.52001953125,756.3800048828125,756.52001953125,0
2023-09-05,756.989990234375,760.9600219726562,744.0,756.989990234375,0
2023-09-06,760.5,760.5,753.8599853515625,760.5,0
2023-09-07,753.8599853515625,753.8599853515625,753.0,753.8599853515625,0
2023-09-08,785.0,789.0,784.0,785.0,0
2023-09-11,789.0,789.0,737.530029296875,789.0,0
2023-09-12,779.0460205078125,777.0,737.7000122070312,777.0,0
2023-09-13,754.5,770.3300170898438,744.0,770.3300170898438,0
2023-09-14,783.0,784.0,743.780029296875,746.1799926757812,0
2023-09-15,784.0,789.0,768.1900024414062,768.1900024414062,0
2023-09-18,767.739990234375,789.0,767.739990234375,767.739990234375,0
2023-09-19,759.9299926757812,789.0,759.9299926757812,759.9299926757812,0
2023-09-20,776.0,780.0,770.27001953125,776.0,0
2023-09-21,770.27001953125,780.5900268554688,767.4299926757812,770.27001953125,0
2023-09-22,767.4299926757812,770.0,767.27001953125,767.4299926757812,0
2023-09-25,767.4299926757812,784.0,766.010009765625,767.4299926757812,0
2023-09-26,779.0499877929688,783.8900146484375,779.0399780273438,779.0499877929688,0
2023-09-27,779.0499877929688,781.7000122070312,777.0,779.0499877929688,0
2023-09-28,781.0,798.1500244140625,777.5999755859375,781.0,0
2023-09-29,777.5999755859375,781.0,777.5999755859375,777.5999755859375,0
2023-10-02,769.0499877929688,770.0,765.0,769.0499877929688,0
2023-10-03,766.469970703125,798.2899780273438,766.469970703125,766.469970703125,0
2023-10-04,765.5,765.72998046875,746.5999755859375,765.5,0
2023-10-05,746.6099853515625,764.8099975585938,746.6099853515625,746.6099853515625,0
2023-10-06,761.5399780273438,761.5399780273438,744.5499877929688,761.5399780273438,0
2023-10-09,771.5399780273438,771.5399780273438,758.7100219726562,771.5399780273438,0
2023-10-10,758.7100219726562,775.0,758.7100219726562,758.7100219726562,0
2023-10-11,763.030029296875,775.0,763.030029296875,763.030029296875,0
2023-10-12,766.6090087890625,768.0999755859375,763.8200073242188,766.2100219726562,0
2023-10-13,768.0999755859375,775.010009765625,765.22998046875,768.0999755859375,0
2023-10-16,769.510009765625,775.25,764.9299926757812,769.510009765625,0
2023-10-17,765.0,766.0,763.989990234375,765.0,0
2023-10-18,763.0,774.4400024414062,764.1400146484375,764.239990234375,0
2023-10-19,765.5,774.4400024414062,765.5,774.4400024414062,0
2023-10-20,749.0,765.3499755859375,763.5,763.5,0
2023-10-23,859.22998046875,883.0,764.5089721679688,764.5469970703125,0
2023-10-24,764.5800170898438,768.219970703125,764.4099731445312,764.64697265625,0
2023-10-25,860.0,794.9299926757812,764.4299926757812,764.4829711914062,0
2023-10-26,817.4099731445312,817.4099731445312,787.989990234375,817.4099731445312,0
2023-10-27,802.2000122070312,802.2000122070312,789.0,802.2000122070312,0
2023-10-30,794.5,789.4500122070312,785.97998046875,787.25,0
2023-10-31,785.97998046875,788.1900024414062,785.8499755859375,785.97998046875,0
2023-11-01,786.5,789.0,785.5800170898438,786.5,0
2023-11-02,788.0,788.0,785.5900268554688,788.0,0
2023-11-03,785.5900268554688,787.8300170898438,785.5900268554688,785.5900268554688,0
2023-11-06,806.27001953125,806.3499755859375,781.0499877929688,781.0499877929688,0
2023-11-07,799.5,799.5,786.0800170898438,799.5,0
2023-11-08,786.0900268554688,802.75,786.0900268554688,786.0900268554688,0
2023-11-09,802.7999877929688,802.7999877929688,802.0,802.7999877929688,0
2023-11-10,803.0059814453125,804.5,802.3800048828125,802.510009765625,0
2023-11-13,804.5,803.219970703125,799.6500244140625,799.6500244140625,0
2023-11-14,821.0,964.0,801.6599731445312,803.1699829101562,0
2023-11-15,845.0,845.5800170898438,844.0,844.9400024414062,0
2023-11-16,843.0800170898438,846.6900024414062,826.8400268554688,843.0800170898438,0
2023-11-17,845.0,845.0,839.5399780273438,845.0,0
2023-11-20,839.5399780273438,839.2899780273438,819.6799926757812,823.5499877929688,0
2023-11-21,819.6799926757812,821.0,817.25,819.6799926757812,0
2023-11-22,816.0999755859375,816.0999755859375,815.6099853515625,816.0999755859375,0
2023-11-23,803.8900146484375,804.4400024414062,803.8900146484375,803.8900146484375,0
2023-11-24,804.4400024414062,819.0,803.3499755859375,804.4400024414062,0
2023-11-27,803.0,805.5,789.0,801.4199829101562,0
2023-11-28,799.0,805.25,788.4500122070312,799.0,0
2023-11-29,789.0,793.25,784.9600219726562,789.0,0
2023-11-30,793.5,793.5,789.0,793.5,0
2023-12-01,790.0,790.0,788.5,790.0,0
2023-12-04,788.5,798.5,789.0,789.5800170898438,0
2023-12-05,798.5,801.5,798.5,798.5,0
2023-12-06,802.0,802.0,801.969970703125,802.0,0
2023-12-07,803.0,803.0,800.489990234375,803.0,0
2023-12-08,800.5,800.5,789.0,800.5,0
2023-12-11,803.0,790.5,789.0,790.3200073242188,0
2023-12-12,793.0,794.0,788.760009765625,793.0,0
2023-12-13,801.9199829101562,802.510009765625,789.0,801.9199829101562,0
2023-12-14,802.0,802.0,790.5,802.0,0
2023-12-15,790.5,802.5,789.0,790.5,0
2023-12-18,802.489990234375,794.2899780273438,789.4099731445312,794.2899780273438,0
2023-12-19,789.4099731445312,824.5,788.8200073242188,789.4099731445312,0
2023-12-20,800.0,824.5,824.469970703125,824.5,0
2023-12-21,824.5,824.5,823.3699951171875,824.5,0
2023-12-22,825.0759887695312,905.8900146484375,902.3099975585938,903.0,0
2023-12-25,903.3900146484375,904.219970703125,903.4600219726562,903.469970703125,0
2023-12-26,904.0700073242188,905.0,903.5999755859375,904.0700073242188,0
2023-12-27,904.5999755859375,905.0,903.0,904.5999755859375,0
2023-12-28,895.0,896.1099853515625,895.0,895.0,0
2023-12-29,897.0,897.0,896.1099853515625,897.0,0
2024-01-01,896.1400146484375,899.0900268554688,897.7899780273438,897.7899780273438,0
2024-01-02,898.5999755859375,898.5999755859375,895.0,898.5999755859375,0
2024-01-03,884.2999877929688,885.4099731445312,883.510009765625,884.2999877929688,0
2024-01-04,891.4000244140625,911.9400024414062,891.3400268554688,891.4000244140625,0
2024-01-05,912.0,913.9299926757812,911.8800048828125,912.0,0
2024-01-08,913.969970703125,910.0399780273438,883.5700073242188,909.4099731445312,0
2024-01-09,884.8049926757812,914.0,882.0900268554688,884.7000122070312,0
2024-01-10,914.0,914.0,913.9299926757812,914.0,0
2024-01-11,950.989990234375,957.5499877929688,950.989990234375,950.989990234375,0
2024-01-12,957.5499877929688,958.5,957.5499877929688,957.5499877929688,0
2024-01-15,957.010009765625,957.5499877929688,957.3599853515625,957.3599853515625,0
2024-01-16,957.5499877929688,960.0900268554688,910.25,957.5499877929688,0
2024-01-17,895.0,910.25,895.0,895.0,0
2024-01-18,873.4840087890625,895.02001953125,858.0,858.5599975585938,0
2024-01-19,895.02001953125,896.0,860.0,895.02001953125,0
2024-01-22,890.5399780273438,910.5,890.0,910.5,0
2024-01-23,890.510009765625,890.510009765625,870.0,890.510009765625,0
2024-01-24,915.4409790039062,915.0,899.77001953125,915.0,0
2024-01-25,899.77001953125,901.0,893.9500122070312,899.77001953125,0
2024-01-26,888.0,900.0999755859375,888.0,888.0,0
2024-01-29,898.7000122070312,910.5,891.5499877929688,900.780029296875,0
2024-01-30,893.0,893.0,891.0,893.0,0
2024-01-31,896.0,1191.0,896.0,896.0,0
2024-02-01,1194.0,1194.0,1192.0,1194.0,0
2024-02-02,1192.0,1413.0,1194.0,1194.0,0
2024-02-05,1192.0,1400.969970703125,1400.0,1400.0,0
2024-02-06,1400.0999755859375,1420.0,1399.5,1399.5,0
2024-02-07,1407.5,1417.6300048828125,1407.0,1407.5,0
2024-02-08,1417.6300048828125,1417.6300048828125,1417.1700439453125,1417.6300048828125,0
2024-02-09,1403.510009765625,1450.4000244140625,1397.0,1444.56005859375,0
2024-02-12,1474.1199951171875,1504.5,1474.1199951171875,1474.1199951171875,0
2024-02-13,1503.0,1503.0,1449.0,1503.0,0
2024-02-14,1515.0899658203125,1516.0,1499.3900146484375,1515.0899658203125,0
2024-02-15,1516.0,1516.699951171875,1514.0,1516.0,0
2024-02-16,1516.699951171875,1524.3299560546875,1493.1199951171875,1516.699951171875,0
2024-02-19,1493.22998046875,1530.5,1493.22998046875,1493.22998046875,0
2024-02-20,1493.22998046875,1605.800048828125,1490.0,1493.22998046875,0
2024-02-21,1605.800048828125,1606.0,1590.0,1605.800048828125,0
2024-02-22,1606.5,1606.5,1599.75,1606.5,0
2024-02-23,1606.5,1606.5,1604.550048828125,1606.5,0
2024-02-26,1606.5,1606.5,1560.0,1606.5,0
2024-02-27,1544.0,1574.0,1561.6400146484375,1563.5,0
2024-02-28,1578.5799560546875,1630.1600341796875,1558.0,1578.5799560546875,0
2024-02-29,1630.1600341796875,1630.1600341796875,1580.0,1630.1600341796875,0
2024-03-01,1617.050048828125,1617.050048828125,1616.0,1617.050048828125,0
2024-03-04,1577.56005859375,1544.0799560546875,1509.75,1544.0799560546875,0
2024-03-05,1511.989990234375,1560.510009765625,1540.0,1544.0799560546875,0
2024-03-06,1560.510009765625,1590.6700439453125,1560.0,1560.510009765625,0
2024-03-07,1590.6700439453125,1595.0,1580.5699462890625,1590.6700439453125,0
2024-03-08,1591.0,1595.0,1585.0,1591.0,0
2024-03-11,1593.8399658203125,1625.3699951171875,1585.0,1593.8399658203125,0
2024-03-12,1624.72998046875,1624.72998046875,1574.68994140625,1624.72998046875,0
2024-03-13,1612.280029296875,1612.280029296875,1579.75,1612.280029296875,0
2024-03-14,1612.280029296875,1616.0,1585.0,1593.4100341796875,0
2024-03-15,1594.0,1610.239990234375,1580.530029296875,1594.0,0
2024-03-18,1610.6199951171875,1591.8199462890625,1550.0,1591.6400146484375,0
2024-03-19,1563.9599609375,1564.719970703125,1476.75,1563.9599609375,0
2024-03-20,1476.75,1510.010009765625,1476.0,1476.75,0
2024-03-21,1481.0,1420.0,1369.989990234375,1420.0,0
2024-03-22,1369.989990234375,1428.530029296875,1410.43994140625,1410.43994140625,0
2024-03-25,1464.0,1449.5,1400.1400146484375,1448.3900146484375,0
2024-03-26,1424.3299560546875,1439.8900146484375,1391.530029296875,1424.3299560546875,0
2024-03-27,1394.52001953125,1403.219970703125,1394.52001953125,1394.52001953125,0
2024-03-28,1418.0699462890625,1418.0699462890625,1393.0,1418.0699462890625,0
2024-03-29,1393.010009765625,1393.010009765625,1393.010009765625,1393.010009765625,0
2024-04-01,1303.8399658203125,1306.1700439453125,1303.0,1303.8399658203125,0
2024-04-02,1306.1700439453125,1327.0400390625,1294.5,1306.1700439453125,0
2024-04-03,1304.0,1319.0999755859375,1259.0999755859375,1294.5,0
2024-04-04,1319.0999755859375,1319.1099853515625,1319.0999755859375,1319.0999755859375,0
2024-04-05,1319.0999755859375,1319.1099853515625,1242.5,1319.0999755859375,0
2024-04-08,1247.25,1295.6600341796875,1243.1500244140625,1295.6600341796875,0
2024-04-09,1241.1300048828125,1248.5899658203125,1236.739990234375,1241.1300048828125,0
2024-04-10,1248.0899658203125,1248.0899658203125,1245.449951171875,1248.0899658203125,0
2024-04-11,1239.3599853515625,1246.6700439453125,1239.3599853515625,1239.3599853515625,0
2024-04-12,1241.7900390625,1245.8699951171875,1193.8699951171875,1241.7900390625,0
2024-04-15,1200.0,1189.5,1150.72998046875,1150.8699951171875,0
2024-04-16,1152.5,1172.6400146484375,1147.199951171875,1152.5,0
2024-04-17,1140.5,1150.6800537109375,1139.3199462890625,1140.5,0
2024-04-18,1140.1400146484375,1164.199951171875,1138.0,1160.06005859375,0
2024-04-19,1149.77001953125,1150.5799560546875,1077.0,1149.77001953125,0
2024-04-22,1075.25,1189.25,1075.25,1075.25,0
2024-04-23,1233.0,1256.4599609375,1231.9599609375,1233.0,0
2024-04-24,1233.0,1290.0,1233.0,1233.0,0
2024-04-25,1253.530029296875,1279.52001953125,1253.530029296875,1253.530029296875,0
2024-04-26,1276.0,1305.719970703125,1279.52001953125,1279.52001953125,0
2024-04-29,1325.4599609375,1359.1700439453125,1324.6300048828125,1325.4599609375,0
2024-04-30,1356.5,1388.969970703125,1356.5,1356.5,0
2024-05-01,1389.5,1399.489990234375,1389.5,1389.5,0
2024-05-02,1394.0,1397.6099853515625,1368.8199462890625,1394.0,0
2024-05-03,1372.449951171875,1406.7099609375,1372.449951171875,1372.449951171875,0
2024-05-06,1393.239990234375,1405.8399658203125,1390.8399658203125,1393.239990234375,0
2024-05-07,1383.5,1384.3299560546875,1380.199951171875,1383.5,0
2024-05-08,1385.949951171875,1417.6400146484375,1383.4000244140625,1385.949951171875,0
2024-05-09,1406.9000244140625,1434.5,1405.75,1406.9000244140625,0
2024-05-10,1419.030029296875,1436.5,1419.030029296875,1419.030029296875,0
2024-05-13,1465.5400390625,1465.5400390625,1444.7900390625,1465.5400390625,0
2024-05-14,1444.7900390625,1492.489990234375,1483.97998046875,1483.97998046875,0
2024-05-15,1502.0,1533.719970703125,1474.5,1502.0,0
2024-05-16,1521.5,1544.5,1516.489990234375,1521.5,0
2024-05-17,1522.5,1524.5,1469.5,1522.5,0
2024-05-20,1494.5,1531.9300537109375,1479.06005859375,1494.5,0
2024-05-21,1531.9300537109375,1531.9300537109375,1415.0,1531.9300537109375,0
2024-05-22,1420.0,1454.5,1418.0,1420.0,0
2024-05-23,1432.0,1450.75,1429.5,1432.0,0
2024-05-24,1443.5,1479.5,1443.5,1443.5,0
2024-05-27,1467.6500244140625,1504.5,1467.6500244140625,1467.6500244140625,0
2024-05-28,1477.1300048828125,1481.9599609375,1390.4599609375,1477.1300048828125,0
2024-05-29,1390.449951171875,1446.9599609375,1399.9599609375,1429.4599609375,0
2024-05-30,1400.4599609375,1477.0,1467.0,1467.146728515625,0
2024-05-31,1334.050048828125,1336.0,1334.0400390625,1334.050048828125,0
2024-06-03,1484.5,1504.5,1474.5,1484.5,0
2024-06-04,1484.739990234375,1493.0,1480.5,1484.739990234375,0
2024-06-05,1468.9100341796875,1498.2900390625,1493.0,1493.0,0
2024-06-06,1497.030029296875,1497.030029296875,1495.719970703125,1497.030029296875,0
2024-06-07,1495.719970703125,1495.719970703125,1470.719970703125,1495.719970703125,0
2024-06-10,1497.3399658203125,1511.3900146484375,1471.3699951171875,1497.3399658203125,0
2024-06-11,1501.3699951171875,1501.3699951171875,1475.719970703125,1501.3699951171875,0
2024-06-12,1504.5,1504.5,1480.0,1504.5,0
2024-06-13,1504.5,1504.510009765625,1482.530029296875,1504.5,0
2024-06-14,1504.5,1504.5,1477.010009765625,1504.5,0
2024-06-17,1495.0,1482.5400390625,1482.5400390625,1482.5400390625,0
2024-06-18,1483.3199462890625,1494.5,1480.0,1494.5,0
2024-06-19,1490.0,1526.72998046875,1490.0,1490.0,0
2024-06-20,1489.5,1489.5,1489.5,1489.5,0
2024-06-21,1488.5,1514.5,1476.0,1488.5,0
2024-06-24,1514.5400390625,1530.4000244140625,1513.1400146484375,1514.550048828125,0
2024-06-25,1530.3900146484375,1535.3900146484375,1517.8900146484375,1530.3900146484375,0
2024-06-26,1535.3900146484375,1539.75,1515.4000244140625,1535.3900146484375,0
2024-06-27,1539.739990234375,1544.739990234375,1539.739990234375,1539.739990234375,0
2024-06-28,1539.739990234375,1539.969970703125,1529.2900390625,1539.739990234375,0
2024-07-01,1528.510009765625,1534.1400146484375,1532.1300048828125,1534.1400146484375,0
2024-07-02,1499.0,1504.0,1470.18994140625,1499.0,0
2024-07-03,1504.0,1504.0,1504.0,1504.0,0
2024-07-04,1525.75,1525.75,1525.75,1525.75,0
2024-07-05,1525.75,1525.75,1505.550048828125,1525.75,0
2024-07-08,1550.219970703125,1550.219970703125,1525.219970703125,1550.219970703125,0
2024-07-09,1550.219970703125,1550.219970703125,1535.6700439453125,1550.219970703125,0
2024-07-10,1550.219970703125,1577.719970703125,1544.9599609375,1550.219970703125,0
2024-07-11,1577.719970703125,1591.72998046875,1546.0799560546875,1577.719970703125,0
2024-07-12,1587.0,1619.4100341796875,1569.5,1587.0,0
2024-07-15,1597.530029296875,1619.3399658203125,1597.530029296875,1597.530029296875,0
2024-07-16,1599.5,1620.8599853515625,1610.1099853515625,1620.8599853515625,0
2024-07-17,1618.3599853515625,1628.3599853515625,1613.3599853515625,1618.3599853515625,0
2024-07-18,1614.3399658203125,1659.5,1603.5799560546875,1614.3399658203125,0
2024-07-19,1626.8399658203125,1634.3399658203125,1626.8399658203125,1626.8399658203125,0
2024-07-22,1624.8299560546875,1644.81005859375,1584.0,1624.8399658203125,0
2024-07-23,1586.5999755859375,1606.510009765625,1576.5,1586.5999755859375,0
2024-07-24,1593.75,1593.75,1552.300048828125,1593.75,0
2024-07-25,1583.75,1583.760009765625,1544.800048828125,1583.75,0
2024-07-26,1595.5,1595.5,1556.550048828125,1595.5,0
2024-07-29,1599.3900146484375,1619.5,1619.489990234375,1619.5,0
2024-07-30,1619.5,1659.489990234375,1597.010009765625,1619.5,0
2024-07-31,1624.5,1660.5699462890625,1635.56005859375,1660.5699462890625,0
2024-08-01,1660.5699462890625,1660.5699462890625,1660.56005859375,1660.5699462890625,0
2024-08-02,1660.5699462890625,1660.5699462890625,1616.530029296875,1660.5699462890625,0
2024-08-05,1625.47998046875,1625.8900146484375,1594.06005859375,1625.8900146484375,0
2024-08-06,1594.06005859375,1594.06005859375,1593.449951171875,1594.06005859375,0
2024-08-07,1593.449951171875,1607.2099609375,1580.949951171875,1607.2099609375,0
2024-08-08,1580.949951171875,1599.489990234375,1580.949951171875,1580.949951171875,0
2024-08-09,1599.489990234375,1599.489990234375,1569.5,1599.489990234375,0
2024-08-12,1583.530029296875,1589.5,1559.5,1589.5,0
2024-08-13,1589.5,1589.510009765625,1579.5,1583.52001953125,0
2024-08-14,1589.5,1589.510009765625,1589.5,1589.5,0
2024-08-15,1589.5,1589.5,1573.9000244140625,1589.5,0
2024-08-16,1592.219970703125,1592.219970703125,1587.3399658203125,1592.219970703125,0
2024-08-19,1589.5,1589.5400390625,1580.6300048828125,1589.5,0
2024-08-20,1597.0,1597.0,1589.5,1597.0,0
2024-08-21,1574.8499755859375,1581.81005859375,1571.25,1574.8499755859375,0
2024-08-22,1575.75,1582.4300537109375,1572.8699951171875,1575.75,0
2024-08-23,1575.0799560546875,1588.8499755859375,1573.8599853515625,1575.0799560546875,0
2024-08-26,1592.469970703125,1589.5,1569.3199462890625,1574.5,0
2024-08-27,1589.5,1590.260009765625,1588.010009765625,1589.5,0
2024-08-28,1589.449951171875,1599.449951171875,1588.02001953125,1589.449951171875,0
2024-08-29,1589.68994140625,1596.5400390625,1589.0400390625,1590.760009765625,0
2024-08-30,1591.72998046875,1598.6300048828125,1589.510009765625,1591.72998046875,0
2024-09-02,1595.0,1598.8900146484375,1589.469970703125,1590.6800537109375,0
2024-09-03,1589.469970703125,1599.9200439453125,1589.3299560546875,1589.469970703125,0
2024-09-04,1589.5,1604.93994140625,1588.6099853515625,1589.5,0
2024-09-05,1602.489990234375,1607.5999755859375,1602.489990234375,1602.489990234375,0
2024-09-06,1603.5699462890625,1613.469970703125,1603.469970703125,1603.5699462890625,0
2024-09-09,1613.469970703125,1647.0,1606.280029296875,1613.469970703125,0
2024-09-10,1644.77001953125,1645.18994140625,1644.5,1644.77001953125,0
2024-09-11,1644.5,1654.25,1640.719970703125,1644.5,0
2024-09-12,1630.0,1657.6300048828125,1625.1199951171875,1654.5,0
2024-09-13,1654.93994140625,1654.93994140625,1615.3800048828125,1654.93994140625,0
2024-09-16,1651.280029296875,1647.81005859375,1638.5999755859375,1647.81005859375,0
2024-09-17,1638.5999755859375,1643.3599853515625,1638.5699462890625,1638.5999755859375,0
2024-09-18,1640.050048828125,1646.7099609375,1628.0799560546875,1640.050048828125,0
2024-09-19,1638.9300537109375,1642.300048828125,1637.699951171875,1638.9300537109375,0
2024-09-20,1639.8199462890625,1649.3499755859375,1617.02001953125,1639.8199462890625,0
2024-09-23,1615.010009765625,1638.780029296875,1637.4200439453125,1637.4200439453125,0
2024-09-24,1638.1199951171875,1638.1199951171875,1613.489990234375,1638.1199951171875,0
2024-09-25,1613.489990234375,1645.7900390625,1634.0999755859375,1634.0999755859375,0
2024-09-26,1649.9100341796875,1659.8800048828125,1649.4200439453125,1649.9100341796875,0
2024-09-27,1652.9000244140625,1667.989990234375,1651.6700439453125,1652.9000244140625,0
2024-09-30,1667.1099853515625,1669.5,1643.0,1667.989990234375,0
2024-10-01,1668.989990234375,1672.8399658203125,1667.8299560546875,1668.989990234375,0
2024-10-02,1667.8299560546875,1670.0999755859375,1667.8299560546875,1667.8299560546875,0
2024-10-03,1670.239990234375,1670.56005859375,1644.5,1670.239990234375,0
2024-10-04,1657.1700439453125,1663.6500244140625,1619.5,1657.1700439453125,0
2024-10-07,1657.3599853515625,1657.3599853515625,1614.5,1657.3599853515625,0
2024-10-08,1619.0999755859375,1657.3599853515625,1618.300048828125,1657.3599853515625,0
2024-10-09,1619.6800537109375,1624.3299560546875,1619.5999755859375,1619.6800537109375,0
2024-10-10,1620.0,1623.8800048828125,1619.7900390625,1620.0,0
2024-10-11,1619.7900390625,1623.6800537109375,1619.5899658203125,1619.7900390625,0
2024-10-14,1621.6500244140625,1634.699951171875,1618.489990234375,1618.489990234375,0
2024-10-15,1634.699951171875,1635.510009765625,1631.77001953125,1634.699951171875,0
2024-10-16,1634.5,1644.6800537109375,1634.3399658203125,1634.5,0
2024-10-17,1634.3399658203125,1636.510009765625,1634.31005859375,1634.3399658203125,0
2024-10-18,1634.31005859375,1637.1700439453125,1634.31005859375,1634.31005859375,0
2024-10-21,1641.02001953125,1638.550048828125,1632.1500244140625,1632.1500244140625,0
2024-10-22,1638.550048828125,1642.8399658203125,1638.550048828125,1638.550048828125,0
2024-10-23,1645.1300048828125,1645.280029296875,1640.72998046875,1645.1300048828125,0
2024-10-24,1642.5899658203125,1642.8599853515625,1641.8699951171875,1642.5899658203125,0
2024-10-25,1645.1300048828125,1658.1700439453125,1641.050048828125,1645.1300048828125,0
2024-10-28,1644.5,1642.760009765625,1629.0,1642.760009765625,0
2024-10-29,1642.2900390625,1682.0,1642.2900390625,1642.2900390625,0
2024-10-30,1647.6300048828125,1647.6300048828125,1640.68994140625,1647.6300048828125,0
2024-10-31,1646.1300048828125,1652.1600341796875,1641.239990234375,1646.1300048828125,0
2024-11-01,1642.2900390625,1646.1199951171875,1641.8599853515625,1642.2900390625,0
2024-11-04,1647.0,1645.8299560546875,1640.3299560546875,1641.739990234375,0
2024-11-05,1643.2900390625,1663.1400146484375,1643.2900390625,1643.2900390625,0
2024-11-06,1661.219970703125,1681.550048828125,1661.219970703125,1661.219970703125,0
2024-11-07,1672.9000244140625,1698.530029296875,1672.9000244140625,1672.9000244140625,0
2024-11-08,1681.030029296875,1682.7099609375,1671.8499755859375,1681.030029296875,0
2024-11-11,1667.5799560546875,1702.22998046875,1665.989990234375,1679.780029296875,0
2024-11-12,1672.77001953125,1679.27001953125,1664.1300048828125,1672.77001953125,0
2024-11-13,1672.1800537109375,1697.1300048828125,1672.1800537109375,1672.1800537109375,0
2024-11-14,1676.9599609375,1683.97998046875,1676.9599609375,1676.9599609375,0
2024-11-15,1679.4599609375,1679.4599609375,1661.4200439453125,1679.4599609375,0
2024-11-18,1665.3199462890625,1697.0,1662.4300537109375,1666.1300048828125,0
2024-11-19,1667.530029296875,1679.6600341796875,1658.5,1658.739990234375,0
2024-11-20,1678.8499755859375,1679.4599609375,1674.31005859375,1678.8499755859375,0
2024-11-21,1682.5400390625,1692.8599853515625,1677.760009765625,1680.0899658203125,0
2024-11-22,1693.6800537109375,1693.6800537109375,1684.800048828125,1684.800048828125,0
2024-11-25,1696.199951171875,1692.6400146484375,1679.3499755859375,1692.6400146484375,0
2024-11-26,1682.6300048828125,1682.6300048828125,1678.27001953125,1682.6300048828125,0
2024-11-27,1691.77001953125,1691.77001953125,1684.56005859375,1691.77001953125,0
2024-11-28,1689.530029296875,1689.530029296875,1684.56005859375,1684.56005859375,0
2024-11-29,1685.6500244140625,1685.6500244140625,1665.97998046875,1685.6500244140625,0
2024-12-02,1683.449951171875,1684.97998046875,1662.530029296875,1680.8199462890625,0
2024-12-03,1675.9599609375,1675.9599609375,1651.06005859375,1675.9599609375,0
2024-12-04,1657.6800537109375,1667.010009765625,1627.81005859375,1657.6800537109375,0
2024-12-05,1627.56005859375,1633.4200439453125,1593.25,1627.56005859375,0
2024-12-06,1605.9000244140625,1614.18994140625,1578.6300048828125,1605.9000244140625,0
2024-12-09,1578.6300048828125,1581.81005859375,1569.93994140625,1579.31005859375,0
2024-12-10,1574.2900390625,1576.81005859375,1569.93994140625,1574.2900390625,0
2024-12-11,1576.81005859375,1577.699951171875,1548.6500244140625,1576.81005859375,0
2024-12-12,1548.6500244140625,1551.7900390625,1538.050048828125,1540.06005859375,0
2024-12-13,1548.3699951171875,1550.72998046875,1540.1600341796875,1548.3699951171875,0
2024-12-16,1547.6099853515625,1551.5400390625,1538.31005859375,1539.1500244140625,0
2024-12-17,1541.9300537109375,1552.68994140625,1541.9300537109375,1541.9300537109375,0
2024-12-18,1552.5899658203125,1556.280029296875,1547.9000244140625,1552.5899658203125,0
2024-12-19,1555.6300048828125,1555.6300048828125,1544.9599609375,1544.9599609375,0
2024-12-20,1553.0699462890625,1555.93994140625,1536.9300537109375,1553.0699462890625,0
2024-12-23,1549.0400390625,1548.510009765625,1542.93994140625,1547.5699462890625,0
2024-12-24,1548.510009765625,1548.510009765625,1541.4300537109375,1548.510009765625,0
2024-12-25,1541.4300537109375,1541.4300537109375,1540.6600341796875,1541.4300537109375,0
2024-12-26,1540.6600341796875,1541.5799560546875,1540.6600341796875,1540.6600341796875,0
2024-12-27,1541.5799560546875,1552.0,1541.5799560546875,1541.5799560546875,0
2024-12-30,1548.27001953125,1549.199951171875,1542.7900390625,1548.5,0
